protocol_id,domain,split,order,stem,input_relpath,target_relpath,input_bytes,target_bytes,input_sha256,target_sha256,rank_sha256
four-method-motivation-six-domain-s2026-20260813,FoggyCityscapes,train,0,1319,FoggyCityscapes/input/1319.png,FoggyCityscapes/target/1319.png,194807,207084,bb67301773d51c441c9f4a61bcc743d2e1ef90271b1262d6b8c8dc86ef93be54,b3aa2ade8aeb29f0ababb2ab1a0dd2e85e87c4af0893b3ed206aa1f1dd8cf3f6,00006a1be96ec0f6e1f612125a3e2ba59d0abfbe3340c0a600e2b6a4117ebcda
four-method-motivation-six-domain-s2026-20260813,FoggyCityscapes,train,1,2045,FoggyCityscapes/input/2045.png,FoggyCityscapes/target/2045.png,184677,197732,66cca887d5631ca9101330fa8cbeee6ff581745be8a5d7f84b0b8df8d3023026,721b1ebd119b94ca2b7b6c94358f3dd06c37e9da59946a5b428b18c95c5a46e8,00043a52e9a5a4a1aee3ef95020246a341110f909c820fd668a4ac921e805d78
four-method-motivation-six-domain-s2026-20260813,FoggyCityscapes,train,2,2268,FoggyCityscapes/input/2268.png,FoggyCityscapes/target/2268.png,205806,215171,b87a2bf3a17760175cc6673cf1ad1d7387962034fe7c719b4a1d76163c31ba9f,5d79599fa5dc97ed76f78b0c77458cd81df21a5501b96b8a22ace7fcd0629d0c,001dd4f88aad059235486f02874b2979e8c95f949e72ba897c4720b22ef80c49
four-method-motivation-six-domain-s2026-20260813,FoggyCityscapes,train,3,1005,FoggyCityscapes/input/1005.png,FoggyCityscapes/target/1005.png,206913,218493,125d305452411fefa789d672a382987636307e1af97e5656cc5d95ec68f3b5ad,2c772e37b262767ec8cb8dbf3796ea5048bac440c18c43844a1bf01ec556e6c9,0045da3f215f4bb51da3876d1179898221e18e17267ff98bc9129b6398d22c6c
four-method-motivation-six-domain-s2026-20260813,FoggyCityscapes,train,4,0107,FoggyCityscapes/input/0107.png,FoggyCityscapes/target/0107.png,230184,235902,0dae4ab8fa9dc53cf2e5153c6d2f9a24727b4ab10f88c2a491e19e708d2f0da5,908682007d821b68b0e9a9e0c0e7600ac7ca2e3c5de4f07f16a2b3ff9d5b40ae,005249b3c66fb920029cb1a6c396d9e99977efd5b7f3d1d6e7259921ec9d42fe
four-method-motivation-six-domain-s2026-20260813,FoggyCityscapes,train,5,2428,FoggyCityscapes/input/2428.png,FoggyCityscapes/target/2428.png,183973,210141,d7d66b4da78fb837bf96fd505f0ef03291c3ad0dbdecf8b93e7bd13a83b889c8,bc429bd5635a5f8b40ca1e4e10cbad7e1183b129d19a5621081e871064a4fb3b,005b1571134614e945b1fdbc235999bfc6fd35fd67264b719c72db7ffee40253
four-method-motivation-six-domain-s2026-20260813,FoggyCityscapes,train,6,2608,FoggyCityscapes/input/2608.png,FoggyCityscapes/target/2608.png,197058,204610,c0a0f21941618a97dd4f12e9a63f213cc76cf9650b44744851f6194c82067f48,39d92ac8e56532f4ec2dd00bebae9061be78bac81299ea50faffc3aae292434c,005b8a5559bb4509aa52d577f4d74d3cd75cd70603104759f55921ffe047c0f5
four-method-motivation-six-domain-s2026-20260813,FoggyCityscapes,train,7,3292,FoggyCityscapes/input/3292.png,FoggyCityscapes/target/3292.png,164567,181073,a2b6107b713e9d941bbee4774291992757949100a7df0d461d54131a1e01056a,9e832c2efc32bfa34bf1bdee52ff074cc6bb8ae07e802b95eb26f20657fa6811,006357b826ae0321227561eeaa3388f9d55eaf6f7992f845e45a2339a30519f2
four-method-motivation-six-domain-s2026-20260813,FoggyCityscapes,train,8,2166,FoggyCityscapes/input/2166.png,FoggyCityscapes/target/2166.png,188267,208786,e7ac97d49d4a51aecf64a340139fa3c1e0d7b58d49349605239945b1da090aeb,e88ddfbc87089cb98f33ffdf088a1f4bc20aeff0091559d369772dffd9f8f037,0066cd12f7976f4ec507afe4cbf26dc3de457310c4e576e4920a1ae959a54c11
four-method-motivation-six-domain-s2026-20260813,FoggyCityscapes,train,9,0961,FoggyCityscapes/input/0961.png,FoggyCityscapes/target/0961.png,180045,201907,a91cc4e19b2f6c65ec3078270f384de45a2817d71c49b9990ce48ea87fa7ed4a,58ef58ac4668681b3d786c7cd900849f6517dfad22ebae71f00ac6ea44e7986c,006db5448185eb3dc559e1e5c76cfc0434f1930066792f21930b8a80caa1310d
four-method-motivation-six-domain-s2026-20260813,FoggyCityscapes,train,10,3366,FoggyCityscapes/input/3366.png,FoggyCityscapes/target/3366.png,181771,199932,2d08e3032a324ef451563216c77e6c592d27096f4089fa9002c4f5d1218a3f1a,0190171eb07473f83828cdebd0ea32bbe012194295025560efd2aa620c0e5200,0071aed9a2c4388f0dbf79621151c0e75143ea1cc93bec8fbb76de962c058921
four-method-motivation-six-domain-s2026-20260813,FoggyCityscapes,train,11,1126,FoggyCityscapes/input/1126.png,FoggyCityscapes/target/1126.png,198663,213305,5ad2addd3c831f79b6a4431e5759393cb4f00d7864dfa41ef0a757b2eea2f44c,97988b5f9478aae54029fe9fe2b23fe73c5ddc95e7cd4ecfe82695b140f920f6,007688e2f237b8707083384a79ff885f4b4e3f327162230fb804b7c627c736d6
four-method-motivation-six-domain-s2026-20260813,FoggyCityscapes,train,12,1467,FoggyCityscapes/input/1467.png,FoggyCityscapes/target/1467.png,194047,217511,c52637645cf0ac8e0b2f1edf762a58de76fe063a9738034490af3128f71b34b0,45fd7e7644dcc1b3791b435fd51ed2eadf4e30954c8a6d0597ba5e4bf6ebb2da,007ed7518425fc5559977069f9e1eac2ae5670acaac1a6519b727eaee00ac7f6
four-method-motivation-six-domain-s2026-20260813,FoggyCityscapes,train,13,0533,FoggyCityscapes/input/0533.png,FoggyCityscapes/target/0533.png,172113,204406,2e331aed593ece99bffb69bfc14eb67eebcd9fc8ba4efb4a53638f4ccfb6a8af,629cab69b70df526e3d80613836f305cee0859b49a340979884ea77fecf9c725,0089a896f9f08c48b33fa8c67556a2793d0c1eaffe85d0ea83a0ef18c425da74
four-method-motivation-six-domain-s2026-20260813,FoggyCityscapes,train,14,2132,FoggyCityscapes/input/2132.png,FoggyCityscapes/target/2132.png,202791,222353,c8f3fcd19168ff2be3e6cfaa4cf220050bdc20f6fba37e3e477a61ef5c129335,b7ca22f99d48bdc8fad43ff99de938bf1c0a1739a52b7a5474d90653a0603433,00935546e9c65375dcdd692195a81344354bde832a5a5c1ec954f6b5e0373dc4
four-method-motivation-six-domain-s2026-20260813,FoggyCityscapes,train,15,2865,FoggyCityscapes/input/2865.png,FoggyCityscapes/target/2865.png,127269,183373,9d04045026a37a790aecb3ca0ef78eb04052aa20d442cee540b7b62306eab14c,3a6c9a7e2aec7648946a308c06fdc0e5ab943bdcea4748e8723d03fdfaeead6d,00e35039a0a6670f39330c07749c38389bd68b486a89c2a873bb0e87e44548b1
four-method-motivation-six-domain-s2026-20260813,FoggyCityscapes,train,16,1537,FoggyCityscapes/input/1537.png,FoggyCityscapes/target/1537.png,167027,218714,e93d75d95b4dabe35d259843c4b602d4d8906bb57fecce2f2fbf2f25b81d5e0a,955e085bd2817d01e133b852556fed40cd2d699027e6c78b1577ca1402e8bd9c,00eaf7f52728519e1ab18e1b4b4067e36776111380f83db41d000c379518d7b4
four-method-motivation-six-domain-s2026-20260813,FoggyCityscapes,train,17,2482,FoggyCityscapes/input/2482.png,FoggyCityscapes/target/2482.png,187720,205827,162ada6114ce17b19cf5a8e58188ba26b3e987cb62d55499f9528897a8493220,17d0b44f8e4b78cc9081e6bbd3843d6a734d9b8ed0c3c2001e708080546a12d9,011019f607e5c4841e26e9dca752b82bdd938589864d4a58a8b671ba5ba4b6c1
four-method-motivation-six-domain-s2026-20260813,FoggyCityscapes,train,18,2722,FoggyCityscapes/input/2722.png,FoggyCityscapes/target/2722.png,185631,199760,05e3fa5db55bc98a6bf38ea3ea736f03b43d74cba8d80fa857073572849d2e9f,a9c8392aed0b1dd8a58181e54729da7f7c2ba392c3000283e162da9088f8799d,0110827eda8d704015a736691cc0ffae9e6162a1c4a3e8bd8513c4148db0308c
four-method-motivation-six-domain-s2026-20260813,FoggyCityscapes,train,19,4343,FoggyCityscapes/input/4343.png,FoggyCityscapes/target/4343.png,214380,222981,02f4739762714d7b85995f9de606f5b09ab9f7c1c91865f2a8ec94ce934a01a9,cafe5bf976ca0c92535eacac19747e49108e1c184a28ce8fb854d5f860230cf0,0110d1f5468b85854b5f6539703cc34f8e21daa7ed471d47cc39492df2601867
four-method-motivation-six-domain-s2026-20260813,FoggyCityscapes,train,20,4318,FoggyCityscapes/input/4318.png,FoggyCityscapes/target/4318.png,183944,192345,1e6584eaa1a3a819871a12bee03578fe71f59ce764aa04d5cb9f72ae6c3098f2,306a215d7cd02b1d0b3f188f5f247bc28ece61a2b98a289aa6a90bbe5d92b64f,0129e611671f32c817b40a4d4482d5eafd707f7edbdf2fa0469b46730f3443aa
four-method-motivation-six-domain-s2026-20260813,FoggyCityscapes,train,21,1876,FoggyCityscapes/input/1876.png,FoggyCityscapes/target/1876.png,246321,260794,24a265a6816fc6d5a9a23930b99fd74d586c190379d035d65da61e103d6e9f5e,dc02eb2021cf0aedfc4c869d9dccf91fb5575f18cfb0bfbaddb44c4d6bd6835c,0130c68fc61a620f5042ea75fa28e604ca7bdfe7a7ee74aa7eb938fb5234418c
four-method-motivation-six-domain-s2026-20260813,FoggyCityscapes,train,22,0813,FoggyCityscapes/input/0813.png,FoggyCityscapes/target/0813.png,155113,214545,fbecbabac8174f68841b232b5328abd02e1ebe945b369772b0c7685dff637783,dc5b625afd7a821627be54d3106b8ee2c0b79e442b95b366816ed1e4837588b8,01473b0ee7d5552d43636574f73005c5ff54c5354b216775ed26ca279c2cad2e
four-method-motivation-six-domain-s2026-20260813,FoggyCityscapes,train,23,3728,FoggyCityscapes/input/3728.png,FoggyCityscapes/target/3728.png,181503,234278,5283b66dd9848eabf4b7a9d0eb43e6ad8d59106f80dffbc7975f7a6b18c8703b,a1e53013629d759682fbb03cb5161b81310930cf0759eee53f376485f54b0607,015702a40a17222088f881b476d5a59b55a1958b95866b0e8abd4c67f9e82e32
four-method-motivation-six-domain-s2026-20260813,FoggyCityscapes,train,24,0594,FoggyCityscapes/input/0594.png,FoggyCityscapes/target/0594.png,182012,215050,e12196488320f0e67d0d1137356a46c394d30c23f5f2948257194e09fb57e0de,c390125a58da3e8e049bba4d9530484e465d91bb9862d7638ebfa7212a76ec5a,0158eadcd388be881f2ea026bd326ef08d2118c60ba3a8410c2df5eedf6ab966
four-method-motivation-six-domain-s2026-20260813,FoggyCityscapes,train,25,2603,FoggyCityscapes/input/2603.png,FoggyCityscapes/target/2603.png,197092,223784,09d52ea3ce2a15e69dffa9ada304dd751a411f4187917614c1f959e777715f06,9a1fa92209bf255b26bbb52c3d94234663a97a7279729ef4217795d2291ffc98,015b2260df7d3cd4d7034ebf1842c211c65dd92dc7f772e2a40b8ac5fb967d30
four-method-motivation-six-domain-s2026-20260813,FoggyCityscapes,train,26,1035,FoggyCityscapes/input/1035.png,FoggyCityscapes/target/1035.png,172946,189993,0af018c5db7980eabb5caf5a71f62841b313b6f71aed1a5753f41075cfdf8537,e6d6fd79aed9668c2f4952b53def66991910589de38fe12094b6692a7d5d2639,016caae1f9cc1054a5a24e7cf9a2821c79f39019ac97e5d385df02b207352815
four-method-motivation-six-domain-s2026-20260813,FoggyCityscapes,train,27,0088,FoggyCityscapes/input/0088.png,FoggyCityscapes/target/0088.png,236757,242795,6c1fe8fa6ffb3e70af23a4a4461c96b6da69affe36fd9a24a45d4bce43b86129,7508947ad5c87446bcd4c50438c5237fc160904569477c689f31ab05fa2cd8b1,016fa90ef39ebce76f0d639a8a14e556fd8fb1958c88d150b28eb91e78b05bb6
four-method-motivation-six-domain-s2026-20260813,FoggyCityscapes,train,28,1380,FoggyCityscapes/input/1380.png,FoggyCityscapes/target/1380.png,192981,204262,cc96a6fdd4cfedd2744cce134a8ed9ac77a89e572a435451a2ea822b5d49eda8,49be46687e5ffb29fb81e5bc2fcf5138b17c236c2ee074e222be7d9a06c9a374,0173021f8bce96a4d8b6e72dbada29d993bb54108e20437aafaeb07f6d04c086
four-method-motivation-six-domain-s2026-20260813,FoggyCityscapes,train,29,3172,FoggyCityscapes/input/3172.png,FoggyCityscapes/target/3172.png,185297,193776,5e9de167231b54a403b604751e9e1779c019c8f2f6d5390089489716e7f251bb,37c108df53866cc710bc1d7ba0e994f4ffccf23f359474ca36524cecdad1f36b,0175fc7ba209b366ff06470b003f4ea1c1c1fe509c3438099ec491bde46522ec
four-method-motivation-six-domain-s2026-20260813,FoggyCityscapes,train,30,1141,FoggyCityscapes/input/1141.png,FoggyCityscapes/target/1141.png,206473,219992,1a5ab579678272a38086fe8e46ad3aab50822da6b1e8783822a0012422835d6e,8074eb0a72b5ca20dd228e85fa95343f968e298bcb2bf47fcafa540e7a609b28,017946b1eb457d069af075f7dd113a22539be8bb35d8cde7e1f6db370aecdfdf
four-method-motivation-six-domain-s2026-20260813,FoggyCityscapes,train,31,0592,FoggyCityscapes/input/0592.png,FoggyCityscapes/target/0592.png,193793,201926,e1e971d4049f98243e07d97e154f4e30cbfd2d215704a990bc8d1aae7a2ee0dd,18134f6891488a7384ba78b1cea9df75abf6daec522d5d8516fdbb10749bc9e2,01903f0a94bb304421b49af901845167f9c3855d8f696b0609eeb7f7236da90a
four-method-motivation-six-domain-s2026-20260813,FoggyCityscapes,train,32,0294,FoggyCityscapes/input/0294.png,FoggyCityscapes/target/0294.png,172724,199027,de0b2d122a942de36106f174f2a88748356feaf4d0e2ae2ee6fb02419fdea4c2,bfd19e06a2c687e0aa25f80a00d76f631af06ec7b87f3f74290d4338c6b31d8a,0198ea4f73708b7713043681826f1d39e7edfa66932009c574d8795b6fb986b6
four-method-motivation-six-domain-s2026-20260813,FoggyCityscapes,train,33,1309,FoggyCityscapes/input/1309.png,FoggyCityscapes/target/1309.png,199166,226772,f8df925933bdb0299777f51b650de2b4401fce73c5db19a0fe0b1c6f3d0b1337,576b1a7e460642b5a009f7bc75639c2c5e91797df51bbd03cbd6afbcca763e4a,019e7184da924fdb4004f85ccb34d88322435fd2bcb1d69c190414cac3e448fd
four-method-motivation-six-domain-s2026-20260813,FoggyCityscapes,train,34,2782,FoggyCityscapes/input/2782.png,FoggyCityscapes/target/2782.png,160327,189408,eeb7c08c3459bdc94e75c67d10282013d4e8bf6e6e1c71b95b10eeda2274c038,cfb41e7f2ed647803708348dbc0262bc528eecc1126e2f6ada2f4ae5af3d064e,01a78867f998ffe9cc581ab9177c8ff316fbbddbbdf5709502b32d903da20327
four-method-motivation-six-domain-s2026-20260813,FoggyCityscapes,train,35,4216,FoggyCityscapes/input/4216.png,FoggyCityscapes/target/4216.png,196570,214436,d690b0bda102a089ac9eb9df198f5aea87635b3e04cbc071280203435ae3e867,6208be8517497530f1342a5983939137bd91ffab6c8c68a5974ae7ca024a4dee,01b1b8d4731144215ce8b22dfdc847c9db1b77f077a68d159d4f981f90b2a4e8
four-method-motivation-six-domain-s2026-20260813,FoggyCityscapes,train,36,3763,FoggyCityscapes/input/3763.png,FoggyCityscapes/target/3763.png,184219,203409,730a7cd5ae58a2f057ffa055c282e4784c3aa97bd55ae472c18dbc2303e1d070,270465ed26aabc920a29b992ca2909555ed85a2335d8b6c26712d18600844a9b,01b1f57a669e387738250f8c78ef2dabd51447e03040ba7e14a58ec68e029f96
four-method-motivation-six-domain-s2026-20260813,FoggyCityscapes,train,37,0965,FoggyCityscapes/input/0965.png,FoggyCityscapes/target/0965.png,214745,220626,61c60f22f54ede8c3159d669d5575875f0e7856abd2cfda9b9eca1d73cad1367,f1c747a047d421f5e5600d952633c96e54fedb4cdca3c2ca8095aecb81253dbc,01b3d1378c076eae513ad7657496d492834b65cf0bb7d75b1901d3ed00ab1950
four-method-motivation-six-domain-s2026-20260813,FoggyCityscapes,train,38,2048,FoggyCityscapes/input/2048.png,FoggyCityscapes/target/2048.png,176347,200144,0d633b60928b3aa843f5c6b37b8313ee5ad54299fe591b7bfa82f082642e6983,b0e9898bd65214cc1b1a00a4d5807f956854c63a2c5d89113ed963fb9443b3da,01b4e7481691bfd5a1dadf1fbf0c614f4ef9d3921fb58d62480266bab3402a62
four-method-motivation-six-domain-s2026-20260813,FoggyCityscapes,train,39,1148,FoggyCityscapes/input/1148.png,FoggyCityscapes/target/1148.png,199292,215768,3cabb10ee323a4b120505873b50ce06ea81fc638b6a427b094380ef12dbf4f3e,031d86317f24cd8c0dfb22d91c0157a3db7eecfbbc733d3b8c59d914f84d8446,01be728241ce13acea3dbf55bfac72d2d350ba71709ac0ad582c98cbfa683b22
four-method-motivation-six-domain-s2026-20260813,FoggyCityscapes,train,40,1974,FoggyCityscapes/input/1974.png,FoggyCityscapes/target/1974.png,191398,198728,e3e30267e46c6d0030d5173fca17cfcb7eca7c46e70a9952664cbed3e82a4e20,53fe4b93cdb94226f946166a1522bc39fa1cf93b4b61b5ad5e5fe7ec690ac408,01c667fdf439167e073c246290a80b795d70b0de1eb9c802d325e0bf61dccc94
four-method-motivation-six-domain-s2026-20260813,FoggyCityscapes,train,41,2824,FoggyCityscapes/input/2824.png,FoggyCityscapes/target/2824.png,162120,191443,f3ef94ed80740a674b0e88a2548b2019b052e9eeb261f34d1df6552aa52d4981,935888573e2e9802c1e90c00496541ed11a1cc386fafbbe426b2b8564c27f481,01cd0012e62f7c5d47b620c4d68c4062bfacbfd38b43fd56298eb6e113776f44
four-method-motivation-six-domain-s2026-20260813,FoggyCityscapes,train,42,1680,FoggyCityscapes/input/1680.png,FoggyCityscapes/target/1680.png,185421,214042,95c3ec54e3719af75920af1d16d3cbdb59185d161702438fc137615434f4775d,6b7a9e28f7f55e7c6eb4d812ed6536d27137e16525b8314b718d76d65c253afc,01d18577f9a41b0d39b0cd16e51c1210b5f4729141bfec6ab029cbfd3f5a2b32
four-method-motivation-six-domain-s2026-20260813,FoggyCityscapes,train,43,2673,FoggyCityscapes/input/2673.png,FoggyCityscapes/target/2673.png,201455,215496,e4837d33c61d636fbde022bdf36a83e76a8a40d4bdcad5add13036a091c42166,8fab2be2b28384161e8780ac1f4a54dc9e7135f8983d3eb392b6df26c1d2fa7c,01d8f3eeba653f88a78414bb9c3c6774078acd2bc958f9f5a527963f2f9b7060
four-method-motivation-six-domain-s2026-20260813,FoggyCityscapes,train,44,3359,FoggyCityscapes/input/3359.png,FoggyCityscapes/target/3359.png,181448,203305,82f380b780d6bd9fe272de2ceea582d23f83d8dc2110019cb3a8c3a2932993f3,daf24635310ce505bb6d0e8211a07ba8f5a3aa60a262daec692c102608865b88,01fd7067b6ad7ab774b70bcf4e21e40e2108ddc808f0199f06ebd3c8417017ba
four-method-motivation-six-domain-s2026-20260813,FoggyCityscapes,train,45,3462,FoggyCityscapes/input/3462.png,FoggyCityscapes/target/3462.png,202734,234278,1a1026976ae021e135427adb4f5bab63b5a9b23f238b2fd3c2a1e786e9b51f06,a1e53013629d759682fbb03cb5161b81310930cf0759eee53f376485f54b0607,01fdcb38eb925fbf68346fa95e25d6f7fe5636935531238dc06d1171935433e5
four-method-motivation-six-domain-s2026-20260813,FoggyCityscapes,train,46,0869,FoggyCityscapes/input/0869.png,FoggyCityscapes/target/0869.png,204662,218307,416261056a0243f41bbbd0b0746cc50fcf6e96089611c9268fd95fff79541f74,1943e8a8e56b158508b3a04f0faaca1f8f134844ec9af89c0ca9a006d457ff28,025672d020f8aa6a98f235d8a1a75b941ce87334f6f7d300130d32b1bf241e59
four-method-motivation-six-domain-s2026-20260813,FoggyCityscapes,train,47,3412,FoggyCityscapes/input/3412.png,FoggyCityscapes/target/3412.png,189319,207904,789cfe9ff13ca8fc0d431a69ed67e2cc3ac6c501633804352b09e759404163e7,781b7b85a40a12cfa47a7643395a94e7282e287d6807a906b1e3f4c504e250f6,026625bf80e1d911d9b8fede959e539231547418ee2ab2ccc37e455dbe57ddac
four-method-motivation-six-domain-s2026-20260813,FoggyCityscapes,train,48,0977,FoggyCityscapes/input/0977.png,FoggyCityscapes/target/0977.png,214100,234643,9b80fdadca6b3e34a636d7d526a26eac1afac189804e6eac99a18b5a2368924b,52062f1219aeffea34e91559365a15e1cc642487188b9fee798f2d1a26104686,026874e7acf2aab5add4157242ed4582f40f165e8a945cefbde7f268e198c8a7
four-method-motivation-six-domain-s2026-20260813,FoggyCityscapes,train,49,3833,FoggyCityscapes/input/3833.png,FoggyCityscapes/target/3833.png,187635,222236,be1b74a63b89fba453d2df187b9d1c4de53fa59530029af052f07ae855d8f147,adda77e48277e65721edb0fb97e90a7e7b406dc7ddbe86ddab001caf386321d9,026cf40ff89f13ef9c5da10e3c6ba7f385ae6ca383679a579db360cc1fa4d5f7
four-method-motivation-six-domain-s2026-20260813,FoggyCityscapes,train,50,0865,FoggyCityscapes/input/0865.png,FoggyCityscapes/target/0865.png,205482,215050,d54a99f2f3b991d8955bf17355840952a9efcec23230b9739bd04fb4378f9c48,c390125a58da3e8e049bba4d9530484e465d91bb9862d7638ebfa7212a76ec5a,027584fbe2eb9f3ff4bf2c996ebe43c652c34fb0b9e8353d3f2ed0f526c23c93
four-method-motivation-six-domain-s2026-20260813,FoggyCityscapes,train,51,4339,FoggyCityscapes/input/4339.png,FoggyCityscapes/target/4339.png,163816,204856,ae320e7ce8bcfaa4690ea04d48da665a18d16f05a38c2d3d404bcf9b6b33b6c8,877cc3a69a52c3683ba83f2bd9fcf14b5e8592af3464278fd38acb93b871d136,0288425324c2404add036bac976c1a46fa0d9e8d89e7849641ae7274b9720ffe
four-method-motivation-six-domain-s2026-20260813,FoggyCityscapes,train,52,1697,FoggyCityscapes/input/1697.png,FoggyCityscapes/target/1697.png,167658,210413,413b79b6dd3203109e04af3287dc7834fa5c2b21118b20792a77704d5c80f621,125921c5edcbafebbc664181b9fe7eaaa3a0d711574f6ea42705061008a2b696,028c46c4d9a9450a1eec7b418bb6d34f37a3bf501ed8046f84f51245208d6f7f
four-method-motivation-six-domain-s2026-20260813,FoggyCityscapes,train,53,1803,FoggyCityscapes/input/1803.png,FoggyCityscapes/target/1803.png,204528,227705,e2aad7814f1c2d02ec3d83845a22dc7689a1c6c9005ba84844669907f461aed1,00cbd005b443b7886c458ff634e2a18dfc2af5a16d823398cab219385f0898db,029c554ffbf5642f111d4343d796a199cef49df416090306c7fb505a314e1b2c
four-method-motivation-six-domain-s2026-20260813,FoggyCityscapes,train,54,2968,FoggyCityscapes/input/2968.png,FoggyCityscapes/target/2968.png,200065,207252,a8f061d45f0c84c822ac5d497edd00f8063da68ac6b1614f6e60e0d17b1fc33f,dcfcfef205ecaa721fb26b7e291622b1cba060b09ccf31277447146d4066fe7a,029ca929d118661e8b01fbdb5ee2fae47775ac0d852e8286dc110c509f074483
four-method-motivation-six-domain-s2026-20260813,FoggyCityscapes,train,55,0205,FoggyCityscapes/input/0205.png,FoggyCityscapes/target/0205.png,196801,208426,5ca2793747587a309b4f6fec8f4c8462fb1f61cc86b8f00db41bb84f539da18f,a6fb1c18b92de84f2283492dd2d4465113bd53cb92c37a8f88f9bd3464289f1e,02a066113c0b6bb779c3dbe76efc8e8b4273a94bdaf31e8a50bb04913f65c2a5
four-method-motivation-six-domain-s2026-20260813,FoggyCityscapes,train,56,0875,FoggyCityscapes/input/0875.png,FoggyCityscapes/target/0875.png,203804,212904,98ad27111f9873632b4d083cf9a79f12dcfd8a04c2a1419d60205b3bb44f2489,68517852ec8665a30e25d93eb6b48d4f9431fa0267c3af893f1fb3d34eeaee59,02b1ea357ffb6feab3e36cfb7a3d585e0a9df042bb272b4c86fdb2d25c618eaf
four-method-motivation-six-domain-s2026-20260813,FoggyCityscapes,train,57,0674,FoggyCityscapes/input/0674.png,FoggyCityscapes/target/0674.png,183226,210474,72861d914ae62a7035eeb7c05c0bf2f234e5d255c59ad29ddd360c9fe1b03607,f08ea570b5a3639044add51e8cf4da13a023c24beaf35af21a1ffc5a8cdf3f2f,02c2f4d92452b80f286481f5b25e050c1ed082278e6aa9dc3be62b4715169c0f
four-method-motivation-six-domain-s2026-20260813,FoggyCityscapes,train,58,4299,FoggyCityscapes/input/4299.png,FoggyCityscapes/target/4299.png,215272,228687,b902381a2c4bd26816534fdb1e1f8be035be913c18d0ac0b36d1dac25dbcf899,8e455e6f6273379db0bcb0f37728ca24b6ce38ce0779d4f3482bf6fb94c9a179,02ce1211b0599a814550f32f565d38fe1c8f405affad848808d902865d67228d
four-method-motivation-six-domain-s2026-20260813,FoggyCityscapes,train,59,0780,FoggyCityscapes/input/0780.png,FoggyCityscapes/target/0780.png,162003,190381,d3e340cd4d0c3cfe525dd726840c2344e3c6d8181f1653b32869ada6d61d260b,f72b7429c115695189146eee4fb22814eaed87cf80b0b2d960a03a1b92eab44b,02d36ad19f43aea9cdcbf5d14225cea1af05458c8ecfd7371caf4e7658f2a95a
four-method-motivation-six-domain-s2026-20260813,FoggyCityscapes,train,60,2243,FoggyCityscapes/input/2243.png,FoggyCityscapes/target/2243.png,141243,170749,0ce756cded23f451840cee79d490f71a58480fba9dc76fc5480be80ce72e9547,f693ad6c7d01a54adceda65b70d7cf6c527cdd00df18be2fdf0e238e6d4bc924,02e646771a95682324a25a32aaf7cd4965046e0dd44c98571311aac1ed2c3383
four-method-motivation-six-domain-s2026-20260813,FoggyCityscapes,train,61,0684,FoggyCityscapes/input/0684.png,FoggyCityscapes/target/0684.png,196375,206377,6b79494a007cc72acbedd6d5a4f5af66ef811f3e4104d01e9a17d807c6c05d39,0ee55fab8bd77f51d2f5c142a80011c65c209d3f01b16d8e971ee7649b2f663a,02f190523923bd2cf1aa19e2bd0e37939ff24b65f4f3263f8c4144a3e3a7f0b1
four-method-motivation-six-domain-s2026-20260813,FoggyCityscapes,train,62,1863,FoggyCityscapes/input/1863.png,FoggyCityscapes/target/1863.png,175199,210888,25b88cbb98b5fc1cce224a8f161baa3ff1d1d38f071e2c1e28a700257594fae6,cb59f90c8ecf60bdf55ba776a9280a7fdbc476b5393b10d2adb4de559d864bac,02f936a10fa77327b40ba21b59488d9901c3040d78ee7085a75ba2701d83d6ac
four-method-motivation-six-domain-s2026-20260813,FoggyCityscapes,train,63,1883,FoggyCityscapes/input/1883.png,FoggyCityscapes/target/1883.png,173318,211911,b40efd80d87582a2e4677d01ae4e6ee17144134144ad598dbecd72a581ba47db,e4839f8fe686539db2bb4c94ace1b5d810897909d3e8ea4123cbb58339791277,02fe4c2b8a436a36b9330dd7cb3c02304768a1393c8654f7b79dd6604f83cf11
four-method-motivation-six-domain-s2026-20260813,FoggyCityscapes,train,64,2659,FoggyCityscapes/input/2659.png,FoggyCityscapes/target/2659.png,179123,206957,e4ca7bd004faf84d47973f7b1fbbd66493930b617f2417c28b0f979e677c58d7,47d2e2b084b18785485d3d6049522d54a5e1e4a88c6f4ecc10d12a9cccf1674d,0300a0e714c87389dc5e2332f93e3644fe565b51ae62d17250656d3076b642a5
four-method-motivation-six-domain-s2026-20260813,FoggyCityscapes,train,65,4115,FoggyCityscapes/input/4115.png,FoggyCityscapes/target/4115.png,178896,191619,e5b6eef2a64ddc2fe040a7dd6eba2f01d620c898a6ed291a88f34be4ca5acc06,2d1034ecebe299e2d734de93e29bc09403e3fcf1a6b44de59dd77b43461adbf4,031e13428b550c211d78ba1fe7baee75c8307c10a208e4fee1488cac5f237245
four-method-motivation-six-domain-s2026-20260813,FoggyCityscapes,train,66,0798,FoggyCityscapes/input/0798.png,FoggyCityscapes/target/0798.png,203273,211696,ce5971c6d9333cb2bcd1dd5398c6eb9e75eec62c37e57c031b91592580a11004,9ec5f96fadbed10c3defe0b1b93bc093e54e48cd98e158741b40019b15b1f362,0328a9146f441afc9252ec01b0ce4628f5d2b8278c6f8a7acb23cc5cd9025836
four-method-motivation-six-domain-s2026-20260813,FoggyCityscapes,train,67,3411,FoggyCityscapes/input/3411.png,FoggyCityscapes/target/3411.png,171716,200965,7814a5ab6b6017ad5f7110734148c01b12d695cddce2e8051b3a89ce2fe6c457,5416a98db659124550e6ef9e5207ecc3a5b555718930695d61e0a87bab377176,033174434946048a722438615431a924d7a3cb66c571aa818df790b697432444
four-method-motivation-six-domain-s2026-20260813,FoggyCityscapes,train,68,4265,FoggyCityscapes/input/4265.png,FoggyCityscapes/target/4265.png,198903,211534,9ef51167d7fef9ef786d9046ae31c268540e0726c875fef39d158f22ab5d4abd,30d5fb94b81a7b73852140596393da0d8e44f7b097b2d532d4c88eeb8f06b744,03401491589d8c89299f70e5bbd0e83c6f31c0288b8cb0c86cf7787385d16f0c
four-method-motivation-six-domain-s2026-20260813,FoggyCityscapes,train,69,0554,FoggyCityscapes/input/0554.png,FoggyCityscapes/target/0554.png,164448,192655,710928e27de5fde482ed191a7134bd7a24787b8c9b18fbfa2f01ec54ca2f0525,ba13a0acc9a9511ff4f9ce68bd177a26c0bfa623be0d35b44959cbf41a54a631,034259cc4d3d972a79fbcf7a4a222bdb1f5e24381cba5af12856eed32369e439
four-method-motivation-six-domain-s2026-20260813,FoggyCityscapes,train,70,4222,FoggyCityscapes/input/4222.png,FoggyCityscapes/target/4222.png,191970,225894,ac1f05d453a277b9f2661a83aae35ea9f05b27ad3c54fff939bba48cb4b1fd93,1255526b35d97f157b8d5996fd3f9a34a7482de9161277a6ba959b23721a2ca2,034ad2fdba33776d8ec2e6e533e5521d79c6db3afe2aa499513c6b2f129523b0
four-method-motivation-six-domain-s2026-20260813,FoggyCityscapes,train,71,1395,FoggyCityscapes/input/1395.png,FoggyCityscapes/target/1395.png,184684,205549,c020f758f849a0608ecf3655a2fe3076c3e3c10545b6a77c739e229b0d5bba85,00304b90a33e6ace448221dbb8c81118bf831daa09bc649b4313cb6cc1f9ee59,035016904a555e1d5a1d8ccb16b97a21a74bab51e349e04722bdcfd8dd3bc910
four-method-motivation-six-domain-s2026-20260813,FoggyCityscapes,train,72,1885,FoggyCityscapes/input/1885.png,FoggyCityscapes/target/1885.png,213204,229034,33b846e110cbb87d18c4797b22d41e320fd4d619a9e69c412df45b6ed853fa42,8c45b1c1e8fe2f38ad0824942c5a5a3280b77d26f476e41ea91d2886a46e0f47,0383ba16e7997f0f2b841f0d3a0abf1f17cab32f7650784d658d307a78a39940
four-method-motivation-six-domain-s2026-20260813,FoggyCityscapes,train,73,1549,FoggyCityscapes/input/1549.png,FoggyCityscapes/target/1549.png,186190,223982,50bf2cfc9c48a2f4e5141ef58943a7fa2da3937fd2184161491e53b69efa839f,412c60fc29f583a7735d82a759329d2f43aad46afe9262aa6206060ecc2f8053,0386b49390dd987d0cbd1581c6c59b2487530ecba85ee1d9a1ea168c3ede8f65
four-method-motivation-six-domain-s2026-20260813,FoggyCityscapes,train,74,0016,FoggyCityscapes/input/0016.png,FoggyCityscapes/target/0016.png,166491,194863,5d0ac37d55f59f6ef1cf824dbfc9f14861d6d8de90ae4deab2b691b135637832,b68dd67ea849125852899db1942dc46aa4ad3518c3bb15c2b8bd8a8e16d9fb70,0388d7d97147999a3996418b36b14fbb32d4c384a1dfce76dd122831d7df3127
four-method-motivation-six-domain-s2026-20260813,FoggyCityscapes,train,75,1753,FoggyCityscapes/input/1753.png,FoggyCityscapes/target/1753.png,215857,222550,ae996fc321407a1efb36c3ae6d632c83a98afb27c691c8e7e51bde46fa84adee,ad708b0507650e216cbb21314acc6fd208c2f0fd820d5e0d523758e457a0185a,0394a6c2b90ec99823e1559df0c8c190a7138807b42729cfe9e33b26a2d82930
four-method-motivation-six-domain-s2026-20260813,FoggyCityscapes,train,76,4417,FoggyCityscapes/input/4417.png,FoggyCityscapes/target/4417.png,172869,182082,fd86cd86333532a53b376f448a058136276eb51a808633bb3a47e379b910d467,cc7e515b369a0d39fc476c2a5ecfec22214c3b253160ea4a91d07128ebe2506f,03acd85a4ae5ebb06247e2e4ba5b6a9cbf8938af4fb11135e777b49988a764a8
four-method-motivation-six-domain-s2026-20260813,FoggyCityscapes,train,77,1256,FoggyCityscapes/input/1256.png,FoggyCityscapes/target/1256.png,190549,222688,9a873755bb9dc6c03e9be37002ecfd2c20d141070ea516a59bc99ed7f74c2491,4d9da493f7d18ecfeb9328057c7b923071adecdac0aafd3a961395099c2e3a9d,03b8d7a72a5f2e444d5197c7d58c7b89b4efea101682c17e59e65ea3f1cc9c12
four-method-motivation-six-domain-s2026-20260813,FoggyCityscapes,train,78,2028,FoggyCityscapes/input/2028.png,FoggyCityscapes/target/2028.png,206844,223524,544ab0a6df44e0acb655bc21e4ff2c257025923b4025cd4182f1dfba8ba0c5a1,97cf214e829be0a7ff2fc8f38b4f6ffa0db0871024acfb4762224e8b22940bb7,03b9386a1ff91eb312c49543eaf62342c975dbd95c22e06e66af632ba01e2af1
four-method-motivation-six-domain-s2026-20260813,FoggyCityscapes,train,79,0335,FoggyCityscapes/input/0335.png,FoggyCityscapes/target/0335.png,176667,210963,2b7edf732b74a84440433c441293d2a114df002ccca221586c3795b9c19369dc,2320fe5d21b0a0fa2a16b3c07010f7829e2f0d51091242fd7586b6835744ee2d,03c0bc9812a4013b035fa8a5ad075a07d4b2e07fbd9481c9063295abb6bcc0f8
four-method-motivation-six-domain-s2026-20260813,FoggyCityscapes,train,80,1333,FoggyCityscapes/input/1333.png,FoggyCityscapes/target/1333.png,205159,214684,853e15c917a95b00b1265c0dc184545bed076c7062ebdc19251ed119db46b6c7,e2e6a99cccdcec27276e563e1cebbd13be1e29aa6bf45b1c8fa26bae79c330cb,03c0cd5239bb9c550e725bf9ffd2778be7aea0275b9853af846df28f36c8246e
four-method-motivation-six-domain-s2026-20260813,FoggyCityscapes,train,81,0897,FoggyCityscapes/input/0897.png,FoggyCityscapes/target/0897.png,173957,191847,d97b51aefa02b7e5548bb2880cdf0783cacce0e6e2a41b2b251bbda4da1efcd7,07e20f1db0b5c3f575e497ef6740f7968dad12d3bc5b28d503b84dfafc8f0cdc,03c6bd607b1edd907bea6f90099401b4cacf16e5aad26b193d75592c64ed4e81
four-method-motivation-six-domain-s2026-20260813,FoggyCityscapes,train,82,1481,FoggyCityscapes/input/1481.png,FoggyCityscapes/target/1481.png,166761,210245,e5f598bad03a5da8f9cc5a77748ce1ac88a4b4210a052b4327020a41d6f80b34,00c4e145ebbde91048d3d07aabf27bba05f6bbe4d3e13310b24f8ca1624c6abe,03cdc00ad332ba62cd133524b946c7b4c8348cab33f19dca3474558105d1b6af
four-method-motivation-six-domain-s2026-20260813,FoggyCityscapes,train,83,2859,FoggyCityscapes/input/2859.png,FoggyCityscapes/target/2859.png,197650,212253,bd9a77c9f498f47f10126ed636b3ffcf2d0ccbf5f342b4f62866af0be1c2dc04,d56051f6058e4099a725e12c0b8259747563fda89dbbd6c01379ff7def71831a,03fad8c3a27f6953296b5432c034e383eaa58aeb38d1954f0da35a16265de8b3
four-method-motivation-six-domain-s2026-20260813,FoggyCityscapes,train,84,1145,FoggyCityscapes/input/1145.png,FoggyCityscapes/target/1145.png,194952,212904,6dd7e0c56e23eb817119b688f72ddd327bb6b828241c56bf1ba5b58b3a457640,68517852ec8665a30e25d93eb6b48d4f9431fa0267c3af893f1fb3d34eeaee59,03fde5e306a2ebd59c6bae74c4c859092ffcc215c0d400b8d7d61ce97cde9fce
four-method-motivation-six-domain-s2026-20260813,FoggyCityscapes,train,85,1877,FoggyCityscapes/input/1877.png,FoggyCityscapes/target/1877.png,178818,202286,91688e701f82b72db1f77aed59770c206b2671fe0ee714b32f78c4e97a6b4f07,073e9cba10662b664b30bba734913347f4afa877061d07f68dbee276ebaaaf12,04292deb1e2bbaa8e721a0305ae980f602b7a3b3c7966c09385980af63ccb6af
four-method-motivation-six-domain-s2026-20260813,FoggyCityscapes,train,86,0769,FoggyCityscapes/input/0769.png,FoggyCityscapes/target/0769.png,171184,181127,152b208254dbcbfc28ceec4d4c78eb706a4d91c99f48a93612ef67c88183d2c9,107f1866c709ee0ffc3840c01d2334c54d6ef12cd540735bf667f98c612a7934,043f59182a07dedf6b4b1c337c3fc228e53222e3f4ad0e87cf0c13edbce42361
four-method-motivation-six-domain-s2026-20260813,FoggyCityscapes,train,87,0309,FoggyCityscapes/input/0309.png,FoggyCityscapes/target/0309.png,192004,217987,18d14de626555216051a76d1099fca7f11fc30c6812f9e95f1e0fd7acf84c728,98d492c043002a9ccbea447b95d266a01adc140f4bd6223e001c28bc78ad4f72,045b9c2e6eb9265c4190835882121c6d30977dcddf8a6747c5bf1d8cbe3f7747
four-method-motivation-six-domain-s2026-20260813,FoggyCityscapes,train,88,1162,FoggyCityscapes/input/1162.png,FoggyCityscapes/target/1162.png,190417,204049,06d95369e13276efc80cc5abf30feeee3c06d796d61b2ca5583bb1c06c720b13,b2c578b52015001d38eb51d63198e3a2c848c5ce21150ea16bf3de23d18c31a5,046550a055d093960b3c0ba7b578af38c178302794b30ded72f350653a546b3a
four-method-motivation-six-domain-s2026-20260813,FoggyCityscapes,train,89,4087,FoggyCityscapes/input/4087.png,FoggyCityscapes/target/4087.png,158225,201210,5761ebf18f2c0c353ff62f981f7e8f336502c3cfacb0e51c6d4981a9fb265e2a,9b296ed939b3a8fad92e4f3232bc38a9ee0fb478a4a7aa58f892b408338da4a3,048ea73206babec9acbc924e003a659beca85bd35f1a884149c55e0b9beedc7f
four-method-motivation-six-domain-s2026-20260813,FoggyCityscapes,train,90,0785,FoggyCityscapes/input/0785.png,FoggyCityscapes/target/0785.png,236122,240713,ae9d0ca0b4e9053ebc2135ef3e63646b5f9eb4d6ec7b3ab56438d928b0515ea8,d1b8fce6c3d8a5f74024162ea8fe4a7d9fa891baff13118cbf64c8cd6b51ed74,04d034f96f5c9a2a410fe7abc44e2bc4aed9786f239ce5cf23ad03d59bed7dd4
four-method-motivation-six-domain-s2026-20260813,FoggyCityscapes,train,91,4432,FoggyCityscapes/input/4432.png,FoggyCityscapes/target/4432.png,204576,211499,909790cb56d48e921bbabfb88271ad23126898488c27a789b1da868329da3570,4cbd274390aa4da18c00d3ae7d3c421b8b87009a02487981e6174b0087a5f685,04e9204a75f0958a698aa0bde157e01cebd02fcaaf188c99fbc183f2a3e6c6dd
four-method-motivation-six-domain-s2026-20260813,FoggyCityscapes,train,92,1103,FoggyCityscapes/input/1103.png,FoggyCityscapes/target/1103.png,182049,218608,3bb7aa4034c3668bd12de3e0b60dba42037084272e1bd52e6e8a679827c6deed,fb81ffa6bd800244ef56611f49703f393936aed72e5beb1e291f07649c37ce12,04fedfc914ccd31b5cd0bd576fe149bdc0fd4fb4ca477f2d47de07b0ffd5f393
four-method-motivation-six-domain-s2026-20260813,FoggyCityscapes,train,93,2946,FoggyCityscapes/input/2946.png,FoggyCityscapes/target/2946.png,198105,212952,5c447d79a9b3e355fffbf8305d96622535dd9f56d3628b967cd56e703b8f1d0b,7d4db3a6224056f7ef1006351470142bfb8d885c9a7aefd19db37f06ebada1af,0524f93b32e9f22ff1c7728804ebfe403417a732fb24dc326c870c4d15f65a1e
four-method-motivation-six-domain-s2026-20260813,FoggyCityscapes,train,94,4134,FoggyCityscapes/input/4134.png,FoggyCityscapes/target/4134.png,197610,210268,38f09c7dd6fb951c33be90538616323d50190932fc488f66defa234a7c8573e6,1c78fad13a3523e71e25e53b8fa6be92ebfc8e58728d39ec1a8d0974c8d9e706,05488a80146a60b45c053db13ddca5c74f93bb16603ef91e823f3b9688d8043d
four-method-motivation-six-domain-s2026-20260813,FoggyCityscapes,train,95,1336,FoggyCityscapes/input/1336.png,FoggyCityscapes/target/1336.png,162452,213969,44ede608353dbef4b97b04da7b7078943c4c5df1a9c025749760d3f247a79428,2d5df8955635806d09134cf53a275a5278d84ae9fef1a66b85f6c58b721f99c3,05726c686dd4347346314920330804f6031bf309b82b688d00fd1fecb98776bc
four-method-motivation-six-domain-s2026-20260813,FoggyCityscapes,train,96,1277,FoggyCityscapes/input/1277.png,FoggyCityscapes/target/1277.png,186598,200329,8e4a3c103ac1b4a4c93f8187cc6100dde47ee41cc88f11476867335c2c2fb12d,97d99e6da9546c8610a6a65bd143814101cbcbebcd4b9e36c4f76ea4836cd222,0577d82daa3f28eaff87a9f6d5697a43eecb697d860dea1f6817b2e00944cd4f
four-method-motivation-six-domain-s2026-20260813,FoggyCityscapes,train,97,1230,FoggyCityscapes/input/1230.png,FoggyCityscapes/target/1230.png,191168,203506,7b2ab66e4361854612cafb8d5a4f264ee7f00a232dd4c93b33f9043d89cbe6b1,d78cef9cd26015354a4a267d73134f153e45acc9633c3149e0af022f4510f57a,058c1cb0b02f183845fd21feabca9a3f8b8673a82fb8198d34bfa2e463c32047
four-method-motivation-six-domain-s2026-20260813,FoggyCityscapes,train,98,1038,FoggyCityscapes/input/1038.png,FoggyCityscapes/target/1038.png,215984,226776,de3263bccaa8b301649db75a21c235089849523c331c18097851b84537822c13,0961415f32c3e84d47e516dadd5b931883d1ab16e233440f3924d04ae194c60e,0590158cd63d5d67be87fc4da5ffde70a638ffa4065e540dee038eff6bdfb992
four-method-motivation-six-domain-s2026-20260813,FoggyCityscapes,train,99,3369,FoggyCityscapes/input/3369.png,FoggyCityscapes/target/3369.png,217459,228000,ad0f84265ebccaa31634467752feae012fa830e585e82c7a958bac5d307207b9,01dbdc6022e99f52fa4d0aded83dffb421d1f79ef31f00102c3eeebcc1178956,05b753b546800a4a7756cec325d9ff12feb66d2fc2c5241fef80b8d4f693aa48
four-method-motivation-six-domain-s2026-20260813,FoggyCityscapes,discovery,0,2155,FoggyCityscapes/input/2155.png,FoggyCityscapes/target/2155.png,208844,218167,8256e3d6a964eb639b6c57287d2590ad7582dce168511fc83ac4444aacda5597,76d7f23c248e8b1b7b98bddea429058597e4a9c3f139ebde1e44167d59d0ef27,05b9e35dac441b04d316b9d0be0acd8c6c22992ebef58aa4660148de3ecd9669
four-method-motivation-six-domain-s2026-20260813,FoggyCityscapes,discovery,1,3229,FoggyCityscapes/input/3229.png,FoggyCityscapes/target/3229.png,171349,211477,6ee714abfb85dfe5a66c049904e0eb84c9419fc35de873864fe7ae644c1bbc4c,f83d8407e310f5823615997051cc1c1cce2916aad33220c9e01ab44472a0c363,05d68caf4c33674ca2b854131331dcdafc0902b142dc56b87d58bdb8d163b3af
four-method-motivation-six-domain-s2026-20260813,FoggyCityscapes,discovery,2,4199,FoggyCityscapes/input/4199.png,FoggyCityscapes/target/4199.png,182363,199348,641e085276a854c04f2eb463d4424f5456c6d45ad36076f4b979de07bc92f8b6,dd178ef992ab2d0f3fe7bc72d12afc2a52a2c7e5fd4674663cbd4640abbeda00,05e534b159227c561a7c7fa26643e44b80f33dbf3c8030471ebf9d1de03eb5ab
four-method-motivation-six-domain-s2026-20260813,FoggyCityscapes,discovery,3,3072,FoggyCityscapes/input/3072.png,FoggyCityscapes/target/3072.png,193782,226112,56a0a9d8bd43d8cd6855d29613f4a342ff5cba82e4d9b878dddde964f3a23788,966ae40d129155119ba9aeb97262757b8cad88b800e0d3efc9daa13de3a4d513,05e7c0b9ff8dce314e4a9969908efabd9bd998b212d7f98032b58187d373229a
four-method-motivation-six-domain-s2026-20260813,FoggyCityscapes,discovery,4,0354,FoggyCityscapes/input/0354.png,FoggyCityscapes/target/0354.png,162493,205431,d81365df8d379e4cdaa22be3be8ceb5957d102c3133a16d42695d552dbd64272,f716ab70deb46e923b84d13066a72640488087b95765c4aaf61b6afd302d746b,05ee1fc9fb231e1f6dda54ece96ae4450d8f25576d86736c14be6187ccdb1453
four-method-motivation-six-domain-s2026-20260813,FoggyCityscapes,discovery,5,2417,FoggyCityscapes/input/2417.png,FoggyCityscapes/target/2417.png,172574,190404,3ce5a7cae6e78a5ab53d1dc2cf3c4482d3340c54f79ef6c7cea64053318cc28d,9747491c43b9464343309f576554e7bda45017bac2253cf8b7c5209220438611,05f8d6f29e979c7bc2ec6799f4713a52e851dfa625ac07332fbac231ce27d49b
four-method-motivation-six-domain-s2026-20260813,FoggyCityscapes,discovery,6,1386,FoggyCityscapes/input/1386.png,FoggyCityscapes/target/1386.png,188633,203747,9106af634c5bd3c808d25eb59d7434ed55a358be177b15abdf7f46038e930fb0,5254dede8b06b0e8ec99b39db27a18a2ec44bd22f619af64a62bf5dbeb90b2c3,05fd37107b6c319d2ccf45d970addf592f0456cbf93d7baa0178c799a205ffc9
four-method-motivation-six-domain-s2026-20260813,FoggyCityscapes,discovery,7,3190,FoggyCityscapes/input/3190.png,FoggyCityscapes/target/3190.png,154811,192508,0e0fe717c648db1dae2d5ec3acbbe4aa5b2528d139dcb235eed1bb7aac8c9d2d,1c211ac2fd4f20c1ec0f1f5c9e831a1e08dbc9e0c2398b70a3088dc6ac41bc18,0602a5ae9a09f515fa074fb78e10c7e13fb989c005cafb10b015096b8385ded0
four-method-motivation-six-domain-s2026-20260813,FoggyCityscapes,discovery,8,2984,FoggyCityscapes/input/2984.png,FoggyCityscapes/target/2984.png,186586,191126,c6a3397be7f4422bf5d5af29b1585d088569e8868c88c8ad47f3e08da59f1091,02471ddd79f2bff1fc17c2aae14ec8812a64a3d984ee1787b3252179be826a4a,0604514b435d712aa33f1811bc4abdf1abf23c10285388369c7ce88e21b5a360
four-method-motivation-six-domain-s2026-20260813,FoggyCityscapes,discovery,9,3376,FoggyCityscapes/input/3376.png,FoggyCityscapes/target/3376.png,211623,248777,6e2371052ab8a92bf8d8be76cc893c7cfbc82816d7826db21d233e790bf3a790,4405a523a87c9b22fa6b2db1b47791a01bec2323aa5a6e9719296691d73b06cb,0627d31db5833baf5412b3808aedb61084bda95f5e10eddcee28960e957833af
four-method-motivation-six-domain-s2026-20260813,FoggyCityscapes,discovery,10,3293,FoggyCityscapes/input/3293.png,FoggyCityscapes/target/3293.png,171292,194046,4df27851d62a7e0cda160155b11c71f3182bd8ef9f0475b34005d68a892e4715,2dcfdbe3ba726c494a50679a07dc9ad443d41e32dbcd22219e693c8ca006b4dd,062d8179d33973a21453cdbf6688a12c8454375e7c4c44ed08225c174cf8ffd5
four-method-motivation-six-domain-s2026-20260813,FoggyCityscapes,discovery,11,0242,FoggyCityscapes/input/0242.png,FoggyCityscapes/target/0242.png,187541,201254,a15ad6c9c651aa6efa44f25ab21dfd73f5f92d7157ebeb0d4038ab7dabd08b37,6ebe8d1baba1ca1777a9df3b8f8d4da71665b3c3399a7303f3f0dfaa3c34be71,063b6686d4123c3c698c6534588da6ae117e262183bc1c075fe8fcfd25570dab
four-method-motivation-six-domain-s2026-20260813,FoggyCityscapes,discovery,12,1610,FoggyCityscapes/input/1610.png,FoggyCityscapes/target/1610.png,189921,203252,85164a368aec82425330c0ac398e6beb73f0eae6c27ee3b9fefcdd592abbe9f9,be16e677998e647f7a38ecc1ad1c3476ff17bd893a036c17d05f9d644dfddbe4,063b78970026b466e711ab24206061372bb6696ede571774e15eb34e923c7d6d
four-method-motivation-six-domain-s2026-20260813,FoggyCityscapes,discovery,13,3622,FoggyCityscapes/input/3622.png,FoggyCityscapes/target/3622.png,197228,211254,55bb589a8bd93cf8da84e2365504ca013bf8594474d8e531ad351dbc0e5e06d9,0109e16b2693c7d612634b216bc1524398366e8b4c25bb79ff52bc289827a81d,063d9a49f250cf4f98fd713e96b783eaca55727b6b1745af89151003d87def84
four-method-motivation-six-domain-s2026-20260813,FoggyCityscapes,discovery,14,4011,FoggyCityscapes/input/4011.png,FoggyCityscapes/target/4011.png,154918,192911,e54adc0bd4b262a456ab9b044466eff824b6fc005f18f4cb4b2f7b971cf8bfe0,0345783e9f7b5af2393c5e9de81e723d66738912bc32a7fb018750b8bdd0f5a7,064d9d33b2ba26139191e67a1160b48a44e682219dc2559bc95c43ff17772235
four-method-motivation-six-domain-s2026-20260813,FoggyCityscapes,discovery,15,3655,FoggyCityscapes/input/3655.png,FoggyCityscapes/target/3655.png,134629,193966,4b817fb8ae8464744525aa6bc13ffbcc5a1d1f0b95c2372f949fb54b5657389a,e33c9313193ed62d97e6107272a037f5538673489ac1c7dc1f3d5f79283ac392,065c398e0e3018abd70afa1468ed9dbe64307d99118d2df963cdceefe75649a3
four-method-motivation-six-domain-s2026-20260813,FoggyCityscapes,discovery,16,2109,FoggyCityscapes/input/2109.png,FoggyCityscapes/target/2109.png,218975,232775,ec9f52d432ff66aafdb8a951d6d5f0418513e8224db8ceb4a2b45913f63c2f2b,cf4c96d7ea4d14441e700fd7db5646ce0503e69694731e7a2da9d34e398d54b1,065c863a89b9b11b097c60e1211b3a9da1a9d39259bbdf412a0d1005a00c90f4
four-method-motivation-six-domain-s2026-20260813,FoggyCityscapes,discovery,17,0836,FoggyCityscapes/input/0836.png,FoggyCityscapes/target/0836.png,186851,216127,a95b498f1f5974fd517c4d2157393e8f3001f953e02bbc3a1eb1dd292bbff7b5,dd654d753a6f8636aa48cbc9f369d0399bfc1786e95aecb8afa972eb7b003ed6,0671d6144dfe4800fe503d8ffe9de346ed847306d16225d874c205d0ccd7d291
four-method-motivation-six-domain-s2026-20260813,FoggyCityscapes,discovery,18,3079,FoggyCityscapes/input/3079.png,FoggyCityscapes/target/3079.png,177349,197098,7b2a627d7abca18ef5e0ce6a9eca06c7cca7e907f4e2b1d1e6393cee636b7eed,b6dc4012c3985f575b20d5aa3bca9b1791ff0f2e111a9c01c1377e06c2a14c8e,0673fd905098867f0ffb8957304b1f5d7c222167d9253c2b85272256aac86c71
four-method-motivation-six-domain-s2026-20260813,FoggyCityscapes,discovery,19,3531,FoggyCityscapes/input/3531.png,FoggyCityscapes/target/3531.png,208973,223839,be81531b00f86726fd04db6aa03843997b7f3ef0a53cf0beb347738aa738fbfa,184b6bc2bdc02ec034561a52ccbf659baf6d2d1736a12d6910e7bee227b993b6,068d049b80266889bfcb1d00142cfc25bf94e54df2281b792bd4eef598a4ccd7
four-method-motivation-six-domain-s2026-20260813,FoggyCityscapes,discovery,20,1650,FoggyCityscapes/input/1650.png,FoggyCityscapes/target/1650.png,142596,183373,60cf5883697320dda1ea7322694fef1c4285e521618ac2db8f0f00db139e4d06,3a6c9a7e2aec7648946a308c06fdc0e5ab943bdcea4748e8723d03fdfaeead6d,068d0ce0f5862af39fc22e1aa7a40000f39c11703ea2bbe9399e7f14813e197c
four-method-motivation-six-domain-s2026-20260813,FoggyCityscapes,discovery,21,2894,FoggyCityscapes/input/2894.png,FoggyCityscapes/target/2894.png,162183,196936,217b0c3c1be46e64d171ac6072508434c4786c1af0a17939c3b01cf719de82fe,86f4512ec4a8d0fd23697a4ef69a6bdb49b761832336f05c015e3b0817ec5bbf,069d6f1ad7ca43ea807f29d87ec007ce965fb88ab489ad3b10fbe507d99e522c
four-method-motivation-six-domain-s2026-20260813,FoggyCityscapes,discovery,22,0615,FoggyCityscapes/input/0615.png,FoggyCityscapes/target/0615.png,200994,217343,f5f6b9620b4859cc2cd540853a17ff80541224bfc17d24fb57d91c1a905bf517,1c5ab025b80ff739ba4f6f8e8f03b98b43b047945d8bf2f0d9ee2724d9bbeae4,069e09dc8b910c6a6a954c6fe9e1c685801addf5dd129d1f1dfeb38d4260aee8
four-method-motivation-six-domain-s2026-20260813,FoggyCityscapes,discovery,23,3724,FoggyCityscapes/input/3724.png,FoggyCityscapes/target/3724.png,199219,224705,d1fab8305fa88f1b23bf7815e2e505031565f4ea54f0681bd899f82572d7c2a0,dda69a98fda2b5419f7efce7e008ec83f8ff53fc60020ae0e1e0f40f04b79dcb,069e0d9004a85c7253268a406cc664fa40434fc338ebf7e63ada24c095b0dd00
four-method-motivation-six-domain-s2026-20260813,FoggyCityscapes,discovery,24,1778,FoggyCityscapes/input/1778.png,FoggyCityscapes/target/1778.png,207983,220598,6286b735eb6acc1f6681c9e898353fc3768e36453e59f53177a9cd0bf262c883,8313397ab79caf3d16697c483a0ae27d33bfb20f7e002008355ff95143d9688b,069e91b07efe77fee669cdd6c7a7852f805b3cd07270cf8856f8ff954e50a36b
four-method-motivation-six-domain-s2026-20260813,FoggyCityscapes,discovery,25,2174,FoggyCityscapes/input/2174.png,FoggyCityscapes/target/2174.png,213214,223693,f5b21b7ea20c5ed90288e1a9d414a121897150c17b34bc0d934d8a542cd36afa,e4b7b1d845a4f33946c9ef8bfe61525e45e04bf1381f39f77219936e46450aab,069e98d9193c058ceeb840e5c72f08bf9870b17edede87b2cec86c643d7d3dac
four-method-motivation-six-domain-s2026-20260813,FoggyCityscapes,discovery,26,2848,FoggyCityscapes/input/2848.png,FoggyCityscapes/target/2848.png,181648,209100,96a58ea8c08b02be43c1fbf30571a9ad73cd1428e76164072974a2155244cf62,6fc779a0dfa3cb5bf255262e430f02aa2c4d103d8038c491a92afc7af2600685,06a0f8f21a704fdf13a1e7357ad5283b3f24745bb677a50ebd226d62bdc249a0
four-method-motivation-six-domain-s2026-20260813,FoggyCityscapes,discovery,27,4325,FoggyCityscapes/input/4325.png,FoggyCityscapes/target/4325.png,211327,240914,0e9375999ea6ff9f40d6f91a132fa6344510dc475c04a11c09e862f936ea37cf,0c0e8b1a4cd61dfbac6fb778cf65934d8e2baf4dc4690329a43523d8acbfaa4e,06a3c6495bcdd34e8db2a6cc1cfd1aae5c0fde20c8e8ad112056b50d9ca3f803
four-method-motivation-six-domain-s2026-20260813,FoggyCityscapes,discovery,28,1531,FoggyCityscapes/input/1531.png,FoggyCityscapes/target/1531.png,193341,210705,eb2953cad44819822f06c3cebe7624f10971ca65c5e14f405efc2646876b8625,7600df164a6db9e6beaf5d708cbc0b7c98f72ce70a6e8fad5c53ea0ff14e2a75,06a8cb237660dc05f54f3cf44be387d422453853357a190620ad9e2d799942e5
four-method-motivation-six-domain-s2026-20260813,FoggyCityscapes,discovery,29,3534,FoggyCityscapes/input/3534.png,FoggyCityscapes/target/3534.png,159962,197607,7aa625c08614927c988ee75137af116149a77af1e45f5438169d08c263aab231,7705b3aa1cafdf58cce1822377c6db0ca197df4c9fd2d81016fe71d5c9e2ef53,06b124d2a9e7f8d5ddb52ebda5c88a12902855305710fdc7551147d38ae49ccc
four-method-motivation-six-domain-s2026-20260813,FoggyCityscapes,discovery,30,2739,FoggyCityscapes/input/2739.png,FoggyCityscapes/target/2739.png,144515,169843,e1a36a2d38b978b1552f40abba0f14c813432f3d46612276e3296d6ba24f2368,942b57e605aef4609df4687f4b8ddd9625fdbf0157ad856086f41188bd8473a1,06b53584a967488f04f5a6d4f1309f2a0990ab32e1082aba901d09d7aa5449e7
four-method-motivation-six-domain-s2026-20260813,FoggyCityscapes,discovery,31,0678,FoggyCityscapes/input/0678.png,FoggyCityscapes/target/0678.png,138720,166930,75a2d7ddceda97d012034a3c858a2c3ca917974d40cc66f1f8efb22c0e1333c8,469f534d9b1bace1aa962e186c6f380f53cd2d053981463cd9a56f7c34738198,06bd4bf702f5d7019c349a776dfce7edb20abe2584cd3ebd6f343d56bc481764
four-method-motivation-six-domain-s2026-20260813,FoggyCityscapes,discovery,32,3022,FoggyCityscapes/input/3022.png,FoggyCityscapes/target/3022.png,175798,201816,8159fe48503f7e91344a8f96cfc8cc889d6f853ecb7b67a95e855c293983e8e2,ad47d0460e740042c32aa3366f3414eaae2d3be3eccb958e243b35eb9f44b013,06d3c4955e09cdb549b85804d60c78a7bb846434fc6020b30600ac131896998b
four-method-motivation-six-domain-s2026-20260813,FoggyCityscapes,discovery,33,3739,FoggyCityscapes/input/3739.png,FoggyCityscapes/target/3739.png,227817,234916,7b05abf4d04b3a14a44e655f6439c0b4502af31c3a0352b5b7348b77a370ee45,0af5bf66b2da84ba730ca0625597b920e5cc72823daa694f583661d386d547c5,06fac914643d0cc0835843055bf8072178ed9a3c780a96bd2857dad5dce66dc5
four-method-motivation-six-domain-s2026-20260813,FoggyCityscapes,discovery,34,0308,FoggyCityscapes/input/0308.png,FoggyCityscapes/target/0308.png,199358,214685,cfa7dad1c67d1ff8c7c2f631845313b969a010109b5a954c87bbdaee02f1d9f3,75d36d702678a7995bc86e99d1802171085e582f2cf8f98eff0c4570c687d6e8,070100a109144c3585ad1d1f300eb6542c888c7a1b848c66f9d6547a16adeb64
four-method-motivation-six-domain-s2026-20260813,FoggyCityscapes,discovery,35,0004,FoggyCityscapes/input/0004.png,FoggyCityscapes/target/0004.png,205042,211275,dac64c5a67080701cad5d7b59454864f253c2f41fa04b64f5d94ccd1c1dc4c2b,7f01cb2ef3fb2747daf8f35afa19185c73b215f219386516ec02609ba2daa446,07167ddc43c5803804306da206a77c026218b89f96f0e1f381e890e99d69a288
four-method-motivation-six-domain-s2026-20260813,FoggyCityscapes,discovery,36,2911,FoggyCityscapes/input/2911.png,FoggyCityscapes/target/2911.png,205717,221484,aba5973f238615c4a9288030827d47bc6b4f15b68b2be7ff10e297b5dea9538b,358f6088cefd711021af3e5f3a684c7df873b7e55c740170d56a7e254f00cbf7,071723dea34fce7012ac0c0608ac0c0ba201160436e12487668ec3f842341fa3
four-method-motivation-six-domain-s2026-20260813,FoggyCityscapes,discovery,37,1546,FoggyCityscapes/input/1546.png,FoggyCityscapes/target/1546.png,167466,192339,afab2c88c806b13cdee7462a83b985a56de7a1e80dbb2809ce2a9cce4f6fd61a,3362f64f28efc9ded9ea0265c56dc9cba40ed65c42322192e71febfe7b683bc7,0724b9fba1e25f782a52967fc643dcb28d9851c1aad5e9f7b5249a106322a144
four-method-motivation-six-domain-s2026-20260813,FoggyCityscapes,discovery,38,1167,FoggyCityscapes/input/1167.png,FoggyCityscapes/target/1167.png,199211,217035,d49c06a5af446aaf9a97bb4ece8c47e6f5337a412bd948671207e44d60e43512,0bfdaff560ef17d9851f6846abfb2c8322c65dff7ee38c4ba5f7af83e2e87fe7,072887e8f63af60be5aa9f3300df433648fc4ec884088e3e57dba229c3865f42
four-method-motivation-six-domain-s2026-20260813,FoggyCityscapes,discovery,39,2228,FoggyCityscapes/input/2228.png,FoggyCityscapes/target/2228.png,154300,192022,db9ae1979b0fe0b27d68ac80f77f87e607a1a4a3d2dcf72e896797b6759d7984,8b67dc00ea776719923f4ea652f9cf5e784dec4b685a54805a39d60f161af5ed,0728ed14a51597f2567af5bfa534a51514845fe8434c47f356ecdf3064738470
four-method-motivation-six-domain-s2026-20260813,FoggyCityscapes,discovery,40,1209,FoggyCityscapes/input/1209.png,FoggyCityscapes/target/1209.png,185068,203523,8519e190e333400ffde3ff02f7997dd6af45883b28b442619ada151b9b53a331,785c20e181190cc614f9dbb6fd876a5886b1df6cab4a76ad77c19388f51e3ac5,076b6f9d7e680b80d5f3c4543aaa02df3ea8b002be6173476a77e87e3e64f82e
four-method-motivation-six-domain-s2026-20260813,FoggyCityscapes,discovery,41,4549,FoggyCityscapes/input/4549.png,FoggyCityscapes/target/4549.png,194666,215260,f10ab3f0ae1aec37374d08c4be1d28684939f579b13b05c304e8378960833c2d,12efca44952dbe08752b937e3c1e6c8f8636e984822117b59454f51acf11f4e4,0771f666bbaf3c985c6815a98292d29a01139f003b7ddb6f882b5c714e1a8faa
four-method-motivation-six-domain-s2026-20260813,FoggyCityscapes,discovery,42,1911,FoggyCityscapes/input/1911.png,FoggyCityscapes/target/1911.png,155266,181949,3f5da0f8d5182d8556e250d951a911f87e105b3d28313c2cbe079e64ff378a13,34d16ceee4f3e909565d3d47729396a312cb812c17bcd0c66ebdde813756bbbd,07760a9ba71e08e28efa8d52567c8d6d6133462b126022a2459d5ec7c96ecfdb
four-method-motivation-six-domain-s2026-20260813,FoggyCityscapes,discovery,43,1172,FoggyCityscapes/input/1172.png,FoggyCityscapes/target/1172.png,202423,219829,84b36f9eb5d4ab358ed0ec571af1ae58ca8485086068b6700d0e5a41864562f0,03670601227802d0b5db2ed1b774f6bd34c02e45d636800bc29b59bbba657de0,07845a1a8ccf8ce7d7f763414c0014132277578ec4612b45b1f89f3330bc662e
four-method-motivation-six-domain-s2026-20260813,FoggyCityscapes,discovery,44,2632,FoggyCityscapes/input/2632.png,FoggyCityscapes/target/2632.png,165398,197558,00c95e9fff7b3df463295891bf68b6ecb122cae03928cb27fad36d4505ca1c60,11929be4136ab648250d19373713438299b04b99d4dba47a18afc11a1ea26bfb,078894248cddb769187602ad13330bed342ffa4b80a6aad673eb7ae87d588860
four-method-motivation-six-domain-s2026-20260813,FoggyCityscapes,discovery,45,3443,FoggyCityscapes/input/3443.png,FoggyCityscapes/target/3443.png,224064,232557,636a0d78a2dd712315565985f0dcbc92511c7b25891b3766b189c107e31419f9,7814af5679db39e6f8b6313b729dd9f593c852efe650a3af5bd48e6381d16e40,078b9ae331626e9dd3da5b6fcca75b75be138f384b43fe909b66e817fdafbaa1
four-method-motivation-six-domain-s2026-20260813,FoggyCityscapes,discovery,46,1140,FoggyCityscapes/input/1140.png,FoggyCityscapes/target/1140.png,207472,219381,5be0c458353ada9d010a588db262b3e464f3417e6f709b8b8e20b560be4b784a,f564b04794ede1dfb968f5b0f677997d50d83fc6071d6dbd292548d06a129373,07bfb416833b8108ba279b103161007cb09493e2edac9ad6d103624b9758ab2a
four-method-motivation-six-domain-s2026-20260813,FoggyCityscapes,discovery,47,0372,FoggyCityscapes/input/0372.png,FoggyCityscapes/target/0372.png,146694,190230,7756d910a15c03e20b22c72db11a47dacb7ae74ec6e02303d9dce8b1d63507c9,796841614741153b6167f04d917a90e606621681378409f9cb5209c9cd2a9944,07c539e841fabafab686166c62d5b47fabf97fc4da48d58fda0b314b6b11fb3d
four-method-motivation-six-domain-s2026-20260813,FoggyCityscapes,discovery,48,1489,FoggyCityscapes/input/1489.png,FoggyCityscapes/target/1489.png,173575,205040,e2ebf162389d82154f0d339ed28af5a902a9b0a44a7cea0923a6095cd9f6bb59,ffe02b3d88f4b1ba2189d0b59fbe21be0528cc9c344f9d61fc6609fb973c2ea8,07d8909bad6e5be4f0bdf800f9e500e7cf945ee4dc1865ee4886f31064f326c7
four-method-motivation-six-domain-s2026-20260813,FoggyCityscapes,discovery,49,0789,FoggyCityscapes/input/0789.png,FoggyCityscapes/target/0789.png,162661,205244,1148267d7b74c090f5d4d49e283c532072526a0d73c6e5d86d0ae0619b8ad432,7b9643beb678b132b9a8a04e9681d83e1d22cdf4e30b7462d25bf87f3318aeb0,07e4fa90cc236d7957f8918148d2ba003762245e1a0585cd5a247d067f34fd69
four-method-motivation-six-domain-s2026-20260813,FoggyCityscapes,discovery,50,4099,FoggyCityscapes/input/4099.png,FoggyCityscapes/target/4099.png,203568,210862,2fb74883213ceb1e4b160c428b6fa58428045f5b927dc095a5efca23c67047eb,04ffae11e65b98ac34d54e0c095c99eef61ca18a9333c0ec6e0a360370e4c664,07e7d21b03992584138820831918fe731263bb408ced619780a846ce34ad728d
four-method-motivation-six-domain-s2026-20260813,FoggyCityscapes,discovery,51,2914,FoggyCityscapes/input/2914.png,FoggyCityscapes/target/2914.png,180239,188249,5b913b456e639e20fb3e39e76d25210f7b2c2ddee8316c3d56cabd7e5ec3cd6a,b6fdcf12d572617179557324897bf45b5c1e91e76cc8b6861583e06934feaf56,0801d0475fc804128ac6bc292522b1ab2e5e52cded241ce2bb0d141d5d565e33
four-method-motivation-six-domain-s2026-20260813,FoggyCityscapes,discovery,52,1689,FoggyCityscapes/input/1689.png,FoggyCityscapes/target/1689.png,173279,206904,5af66edc3f88e51fd0f09a0228f8126a671ba32d9561994694c79d92737b1ad1,05f8b1863c5108408defb0d0330d6bb521a53c18ff9157ffa78673e54332ade8,0824058664a779e4843a94574d93ea37c0446f7381db4cb31ff4f62d7b754659
four-method-motivation-six-domain-s2026-20260813,FoggyCityscapes,discovery,53,1085,FoggyCityscapes/input/1085.png,FoggyCityscapes/target/1085.png,189627,200606,c23b829c6871f802a581bc394e06981b75049a0c605946efcf358dab22a622bd,6ca43082c9c6d796794065555848fd4c227aa6b8bf7d9cab9422375357bd451b,082d711b8bddaca0d08a06e4b4952702e0d6e000f6a5be953bebdb751f611d7f
four-method-motivation-six-domain-s2026-20260813,FoggyCityscapes,discovery,54,4307,FoggyCityscapes/input/4307.png,FoggyCityscapes/target/4307.png,188530,211275,7f446ceb920ed115d6e74715ee86b4c4292ab024b7ea067aeeeeb811a8dc7a02,7f01cb2ef3fb2747daf8f35afa19185c73b215f219386516ec02609ba2daa446,083700457f4af4bed13d44cf8ba4abf3c2bb5ad4b42b36c7f60a322da6eb0968
four-method-motivation-six-domain-s2026-20260813,FoggyCityscapes,discovery,55,4311,FoggyCityscapes/input/4311.png,FoggyCityscapes/target/4311.png,182245,203728,574b78574388c6a612c06774afd3bcd6d2b23ded6f6c2fdc01359c92a139e973,30fbad4810bfb3c9b0b08bd5881a712954890e0f841cd39e65ad65a8afa9aa96,083a39b974ec226b996c5f1fcb49ca6b5eb921175f0c701441c18be54a29728d
four-method-motivation-six-domain-s2026-20260813,FoggyCityscapes,discovery,56,1123,FoggyCityscapes/input/1123.png,FoggyCityscapes/target/1123.png,188184,212418,7e3d498f49bbfa876f6b3a59d3180c4315c32e8992db70aa98e4638422076ecf,ed96f919916cfcabc925c3db6abe1fee05f3145578e949f46154f1f90914d478,083d5d6c983f4b7f0fcf53d42acd3417da9d9a005348326bbd0e20a4f47cb2a2
four-method-motivation-six-domain-s2026-20260813,FoggyCityscapes,discovery,57,0990,FoggyCityscapes/input/0990.png,FoggyCityscapes/target/0990.png,187801,228596,efabefaa148283f3ac48feae8fe0794e626bb9bd9ca54d2303a980d87b0de8d5,93141309fd8e65f947247d517971e2ee79a8bed3bfc7ef77b2d2baf512fc6c6f,0843afbbe0ea130ce7bd360abcbd2285e388b619fa40178eff73815389e65554
four-method-motivation-six-domain-s2026-20260813,FoggyCityscapes,discovery,58,1433,FoggyCityscapes/input/1433.png,FoggyCityscapes/target/1433.png,191780,201742,28da773467a34c46ae2bf280c0c876a0f0e64fd7d402b9f3ecc1bbd723d45a73,fc1ca1911d6d3cddc61a9e6f6cb0a1524e19ae65625447256a364ba3577681ba,0849dca24796a37bd298d0b340fee261cffe0ba292a4ca3467167af1012f1bf1
four-method-motivation-six-domain-s2026-20260813,FoggyCityscapes,discovery,59,1378,FoggyCityscapes/input/1378.png,FoggyCityscapes/target/1378.png,179736,202383,21aa148c39319d2759b6c79caebc5e6fd7bfdaaa1cb656e0e0824649ab8bd90e,680b38a24a208abf37bcc87f746cac689e1fdf6fa65eec75b40fc5407f12daf2,084da9ed475f1c84bbdfaf75c51f6b0fb0f5d935cf5543cc7e43446a88e0718c
four-method-motivation-six-domain-s2026-20260813,FoggyCityscapes,discovery,60,0691,FoggyCityscapes/input/0691.png,FoggyCityscapes/target/0691.png,209391,220626,f803e3f795da26a7c5f87e5c13a0afe2cb0ae80ce4b30c8081340a5f366c8fe0,f1c747a047d421f5e5600d952633c96e54fedb4cdca3c2ca8095aecb81253dbc,0852d0cea5b470f2d563e1f8bdf7b4261a2aee769e86599f320ce307155002b2
four-method-motivation-six-domain-s2026-20260813,FoggyCityscapes,discovery,61,2519,FoggyCityscapes/input/2519.png,FoggyCityscapes/target/2519.png,204685,215111,e59a07e298f494dfabec98777dde4b4b281008b8c1023ff27ca719af29e70919,9a5fafa612dd9cdd905bd14c11ef3e93844df37c2e8704fdf75ebba8df7de3fd,085e40cae3f360ef65309cb72133f83174162f77660f9d72d52599b5bd19ef57
four-method-motivation-six-domain-s2026-20260813,FoggyCityscapes,discovery,62,4385,FoggyCityscapes/input/4385.png,FoggyCityscapes/target/4385.png,165471,192063,66020915692edfa97acd5cd5ce9e4a5804466714f382ba9ba503b47d3c0e2aa7,11a20fdeed217cd3dec18d28440b951f7fc7f0a21cd374e3dced5b5a05184fa4,0860ffafa97ba87a8926d78998eeb86dcfc1fcc6db1cbe5e2143fa514d76e74b
four-method-motivation-six-domain-s2026-20260813,FoggyCityscapes,discovery,63,1599,FoggyCityscapes/input/1599.png,FoggyCityscapes/target/1599.png,156601,186717,36188612d393336379e8fda3231798e09d31d9e897f4c987ef966cd04502aa0f,8d93cd0726c0c6c5df8870cb384cf89dd683e2191034ace34f613649c6c58c68,0861b5500b88095c2fccdb88b601b1c56a10ce1830abdd1dcb92fa4ebab614b0
four-method-motivation-six-domain-s2026-20260813,FoggyCityscapes,discovery,64,0304,FoggyCityscapes/input/0304.png,FoggyCityscapes/target/0304.png,189748,240914,26f7fa991b56058b3a7c058573b155c04f1e092664d63eedb0ddd559aaa4ddf7,0c0e8b1a4cd61dfbac6fb778cf65934d8e2baf4dc4690329a43523d8acbfaa4e,087498ecf62e26ef705fa79de6b955247b4e3f78a0c95feed889b968e05a0e52
four-method-motivation-six-domain-s2026-20260813,FoggyCityscapes,discovery,65,3698,FoggyCityscapes/input/3698.png,FoggyCityscapes/target/3698.png,189910,199883,388f9f6f76df360023f4c45ab5b617061d5f46bc2d38b76547e89773b5d00677,7b4211465ec6af4a6fc959bef7b26e7e7707c32d7885dbfab5d03df7e26b434d,0874cc723680ec58ba70677120e97e88d2777e89a5b3a1e53912d42ded9afc35
four-method-motivation-six-domain-s2026-20260813,FoggyCityscapes,discovery,66,1396,FoggyCityscapes/input/1396.png,FoggyCityscapes/target/1396.png,160262,194406,c9e7e6f8b1e0e4fc941aa49f0eff2e3828c5fa0fdc7f7355b11023f09c35c487,eed31b2a176455f2fe9f123183c48b29f63b661168ac28eb1ae8121dc490e100,0877bd1e30ae273b226d8d9e501fa00465e03194e49c7ddf9b21aacbf8090dc7
four-method-motivation-six-domain-s2026-20260813,FoggyCityscapes,discovery,67,3423,FoggyCityscapes/input/3423.png,FoggyCityscapes/target/3423.png,204949,219133,95e55c70bd7df8d1a8a039d0d94808eb78af60bfe9196878ab820c6809d59277,fb0d5538afc07d0d1a8a1b61faf244757638b77744c1fe651b30bf6ef343ebff,08a809029c8fee3294c8008b583e94d3f52c2a2a4e6707c3bcec677ce4a92405
four-method-motivation-six-domain-s2026-20260813,FoggyCityscapes,discovery,68,3470,FoggyCityscapes/input/3470.png,FoggyCityscapes/target/3470.png,181918,199661,0f6bb8516e053635789c8b0519678a1a88433278f3e9670a71b78ee2b56330e7,36fd8324e2bed4a4b4ead216c48c848023fb36187db87c4c8fbd84816cb57576,08b81b6db1b1bffac2d6092c7ee259598a0a00579784c9136e13e9034fd923b9
four-method-motivation-six-domain-s2026-20260813,FoggyCityscapes,discovery,69,3731,FoggyCityscapes/input/3731.png,FoggyCityscapes/target/3731.png,205063,230253,39419399d821c352174feed2eea2501f3c0b9bc51be689735f9c5c702dc092a6,5896e5dd41bfda1782856711cfa31d83299fc2c99e6b0e9a1055067093631959,08cb6fdc768305130215ef79dac9a5dc82c1897f584db281553052f28ea95280
four-method-motivation-six-domain-s2026-20260813,FoggyCityscapes,discovery,70,1379,FoggyCityscapes/input/1379.png,FoggyCityscapes/target/1379.png,191042,218761,9c9a5148b00ed6b6736f2cc790f70708ab1292fda8f5b8fb54863e25bbd1b332,aedecd13e3d1f3cbe54e95626e3e6cc33d6fe285620bc3539d40a163b5a0220b,08df00a2d1e31de5363f89db8c632258aa6fdf473cdc609b47e537c62e81c186
four-method-motivation-six-domain-s2026-20260813,FoggyCityscapes,discovery,71,3129,FoggyCityscapes/input/3129.png,FoggyCityscapes/target/3129.png,158662,189550,4d154d316a4e2ecb3391ba9e867afe5879b5aba1eb761e2cc96345324cd3f42d,56588e2fd9ee363da24d68de5c6b17cdd271b06a9c2aae67bb5416c401cf4e80,0911891ba3287b7a2bd469a281a894baea1bc49792d72a9e66946e7000cee965
four-method-motivation-six-domain-s2026-20260813,FoggyCityscapes,discovery,72,3856,FoggyCityscapes/input/3856.png,FoggyCityscapes/target/3856.png,196550,228376,741b85fc8959ce457077bfea1f194a5910db7979588ad59b8720f67496b0042a,6b1bde04758cbf0df13ec237bebf926bba66be552dd417d5ad63b2dd39dd1774,09274eb03b277ab8af3730c0cc0c27a3d764d460846fddb86f4cafaefbe75062
four-method-motivation-six-domain-s2026-20260813,FoggyCityscapes,discovery,73,1905,FoggyCityscapes/input/1905.png,FoggyCityscapes/target/1905.png,213490,240009,b94d2ed81d9c4071e3315d583a7fe2c4d13dc6a14000768fef2e7e6ba7aeabd9,620cc618469d8fb9fae51e011085694c9c9a00af629736466cac5b441ae1732a,092c11109f63b0ff461fa97a13f1eaca528e09e39282b5bb49a50b87869cd6b6
four-method-motivation-six-domain-s2026-20260813,FoggyCityscapes,discovery,74,2817,FoggyCityscapes/input/2817.png,FoggyCityscapes/target/2817.png,178721,214545,e940ad73a2b25cb202f2e67f8689d5e55c0694ca0ba5643e1ef1a588a44770f5,cbb6bc4cffc46aa0308f2c126f2c605e65c653f18d3e50e519ad2c4c9cdb2109,092fad85a09c3e303a176378a391ec6d027cd1ed38594c53e47921bf2ca9e287
four-method-motivation-six-domain-s2026-20260813,FoggyCityscapes,discovery,75,0478,FoggyCityscapes/input/0478.png,FoggyCityscapes/target/0478.png,177440,208944,ea5c6ba138c9d53504a9cf7395df1b236dbecd794dc4761798c0f5f051b07b45,fb28e015bd0fe48c03c283e38a9a0510816d559ca4874a729f04e3ce4ce22e4d,093071ac39d9126787e7fca254eecbce5a0847c84dd220b551d315e713c707c3
four-method-motivation-six-domain-s2026-20260813,FoggyCityscapes,discovery,76,3432,FoggyCityscapes/input/3432.png,FoggyCityscapes/target/3432.png,160712,183900,b823b3cf57e07cd1b9a0f89dd6d2df5603add37233200fb23c58a02440d6c32b,bf56d966e47bd86f5e305780701effb7f4ead3fff08db2aef8bf389b1b32cdf9,094f20b7ff9fcbe923b9d3d5bb768cc01c97f160b342b81fee191a8895549520
four-method-motivation-six-domain-s2026-20260813,FoggyCityscapes,discovery,77,2069,FoggyCityscapes/input/2069.png,FoggyCityscapes/target/2069.png,207379,213843,c11f68ed933227df737de87093f7e42ee3f010ef6d9818a98711aa5062f00e64,583db50d458b713134e9a02d49b0b35cc22050760a420388530481b757d40929,096491aad63b07a78ff739ec4a90fb42e3cf54a4502464c83c6e7a0110c4d42e
four-method-motivation-six-domain-s2026-20260813,FoggyCityscapes,discovery,78,3461,FoggyCityscapes/input/3461.png,FoggyCityscapes/target/3461.png,210400,220654,e99b7bb0dd62ca34ed0262b745a3c9129c1de9f7933cd3a8d31b8fd3608323d1,cd903c08d362e8986170f409d8b38db4e29292f5209df7b2e1abe0a7cffb70e7,09813d90518a240e0bb3be466a4a3278014a124b7136215f629bfbc2982a8806
four-method-motivation-six-domain-s2026-20260813,FoggyCityscapes,discovery,79,2249,FoggyCityscapes/input/2249.png,FoggyCityscapes/target/2249.png,155334,203410,98144ab3566074df7be952d86b0c0a5e3fc8cae6cb43e08c6a7ca0b04738bee2,41c4abdf27b21ab6504ad3b0bb048aa29dceff794af677209176d3b76c15b1cb,0985f075cef8644434361f1850d3cedae69b3f9363b2cd1c7394b74830ea2e57
four-method-motivation-six-domain-s2026-20260813,FoggyCityscapes,confirmation,0,4493,FoggyCityscapes/input/4493.png,FoggyCityscapes/target/4493.png,192774,211298,3dcc279c661971a9426eef32e909553d39b385a596ea19e962526694c55f205f,4ad2b4a81a951648afb189a0d923c34ef8a1bafea098d140062147165d93a4c0,09932d93fae7c0ff804651e80bdbe2c1ca4d4dcb976b4eae4a0aa105e3ef9e96
four-method-motivation-six-domain-s2026-20260813,FoggyCityscapes,confirmation,1,4021,FoggyCityscapes/input/4021.png,FoggyCityscapes/target/4021.png,212295,232575,04498188bfea1fd9b7a964b348bec75eb05d629a5f0eb663e72e2206b320f7cd,99ba99dc30f55425d6a3394a325dc84889a57f13030e133976b2762b90ab89ba,099e2ae8ec7f434aba6b8903e6351e2537b7a21370985fd0298cb876b26d3aae
four-method-motivation-six-domain-s2026-20260813,FoggyCityscapes,confirmation,2,3850,FoggyCityscapes/input/3850.png,FoggyCityscapes/target/3850.png,179561,195392,c46d031f31bb25237b19a1f6c76a92f5072acc2218020db31db1cd012f3b900e,e2e4bda5d5f6ffa728518f6bafed43f8e18ea39b5ee0a55b21ca54908fbad230,09ac07fcf5237a98b6d96c665d9efa0a3ff7393a5b5387db4c308715702cfad3
four-method-motivation-six-domain-s2026-20260813,FoggyCityscapes,confirmation,3,2937,FoggyCityscapes/input/2937.png,FoggyCityscapes/target/2937.png,185232,210268,e82e6cd22a0d872e0aeb85e98d7a998ca5902c0f057c1eed06725e9bcf6661f1,1c78fad13a3523e71e25e53b8fa6be92ebfc8e58728d39ec1a8d0974c8d9e706,09aed14749a528ef9b07ddd2c1db82a5502f094e2f853d93f3e398083ff6fb16
four-method-motivation-six-domain-s2026-20260813,FoggyCityscapes,confirmation,4,2312,FoggyCityscapes/input/2312.png,FoggyCityscapes/target/2312.png,223404,237947,e59d74f91de869c107882abb96e11cef366a8c89a81b1d19933d72be3f32557c,0ef39a811c615b11243c05c71e9b13e4cffb7734afeac1abc1217c36c5287b65,09b529fa734d9ad337fb06c9490b9ccbaaeece8e2e0d5e79cb7c1cbcc6afcabd
four-method-motivation-six-domain-s2026-20260813,FoggyCityscapes,confirmation,5,3220,FoggyCityscapes/input/3220.png,FoggyCityscapes/target/3220.png,189362,200819,230f5ac8924e5025eb28901c27254bd6127ccf8fc06fdc8a4a2461b0edb889d9,4b76e4c9df20b222007cdb5348d8f522c168edffabc3b29bb0caa87bab3b2f7b,09b7a4521bad963495f6bef020b6541b6b95938012015465f7699140992b54d8
four-method-motivation-six-domain-s2026-20260813,FoggyCityscapes,confirmation,6,3810,FoggyCityscapes/input/3810.png,FoggyCityscapes/target/3810.png,193832,232480,9fca67f6a51b643a021042c41a21e5647c6842a6cf187715cf5600cd87cade8c,bc25937d53fabdd21b64454832976c74fe51b6906d6a3993ab81ae179593010a,09b8e7f2dcbb413d24dc822e5da66e4facf7a3f22f12b5056f133898d5495cb7
four-method-motivation-six-domain-s2026-20260813,FoggyCityscapes,confirmation,7,2386,FoggyCityscapes/input/2386.png,FoggyCityscapes/target/2386.png,189312,216617,ec195e43e97322a35ef2df11f7d4c54aceeeca5a7277b4b271b921001c95bb7d,aba24cfd72574e14a15de6e5f62a15040d1eca9d704d3999ae1100f79b206e2a,09ce8ca0ae826b0d32ed51e16f2279175a112344534babd388b97699057a830a
four-method-motivation-six-domain-s2026-20260813,FoggyCityscapes,confirmation,8,3152,FoggyCityscapes/input/3152.png,FoggyCityscapes/target/3152.png,215669,230828,fa1e4c7b7eef46cdc73af45965a9df930baf0fea4b58cf2c34fef1139879813a,ce9336596b1d77342a1891347b1de8470e1b6a02862ee52570dd79f761fa911e,09cf7f6ee294e8400f01a89a0521a2a1f7f811574295cafb2380b392d2ca73a3
four-method-motivation-six-domain-s2026-20260813,FoggyCityscapes,confirmation,9,0542,FoggyCityscapes/input/0542.png,FoggyCityscapes/target/0542.png,179459,218119,6e06a951dbedffb954bed2846811acb7b40a1cb1a821353f33ba8068c9d014a3,8a5ea5dcfb0a0bb5c704d4597661fdeb67709a19cd3524abde1cef7d7b1f0a4c,09d5733121e06be114821de4f5a19fa97a4615f5ba56667d71125d425cf62729
four-method-motivation-six-domain-s2026-20260813,FoggyCityscapes,confirmation,10,4522,FoggyCityscapes/input/4522.png,FoggyCityscapes/target/4522.png,229670,258470,5c0b585c443192193b0b330e9e5d20b5eed4b17197983bbd948fa8405279788f,23d66b96288ed5f985858375d39e4ed7cb60e6d081365276bc50ef50156bdd33,09e1b2742454303347aecd19ace595d1dadf93a270c3e6c5b3e30a0d415ac94e
four-method-motivation-six-domain-s2026-20260813,FoggyCityscapes,confirmation,11,0493,FoggyCityscapes/input/0493.png,FoggyCityscapes/target/0493.png,176057,190381,47a30972ad10d50f818bf5347b419845874c219d55a97237efa3b80e4c6cb7b7,f72b7429c115695189146eee4fb22814eaed87cf80b0b2d960a03a1b92eab44b,09e33ad3864154feab1c36bf19d2ad9a81bb90e182b4baef3d3aa560cba3cf21
four-method-motivation-six-domain-s2026-20260813,FoggyCityscapes,confirmation,12,0629,FoggyCityscapes/input/0629.png,FoggyCityscapes/target/0629.png,171684,193948,8fe1291eab388e951c38e61545e929c0b803e0053f455bacf790a0c606c4a5a1,8e0b04a89ad6beae1fb7c27fa97ccda11b8c2d89fea6ae53a8a3d6a7048d6ae1,09f342f8b407eb514d04229f799ced9a1423c2866899d7c4d1e98e0002aee845
four-method-motivation-six-domain-s2026-20260813,FoggyCityscapes,confirmation,13,4026,FoggyCityscapes/input/4026.png,FoggyCityscapes/target/4026.png,224452,234069,484d3eadc79a4fc31456fe6ba4ae92162496f1a7546238b9e56ee79b9a4fc6fe,c593f7dd32be6789ac951baf1cf8d222cb15660354aab8c080ec129f33b07caa,09f734feac7dab9e17dde8d4a8e5fe862719480bf0aa61dfa58bab617a87e11b
four-method-motivation-six-domain-s2026-20260813,FoggyCityscapes,confirmation,14,4505,FoggyCityscapes/input/4505.png,FoggyCityscapes/target/4505.png,169326,199557,f5498f9013be22b906c76e1161d11863becd4486500762cb1cac6bbc31bbf91c,563a0acd368e73ed6fb85c525ec2abd273792879550747715ce5ff2d1e686990,09fb0e6275b6341edad32e05ddee5045746de8b5fcfca4221bab49315dd24923
four-method-motivation-six-domain-s2026-20260813,FoggyCityscapes,confirmation,15,2046,FoggyCityscapes/input/2046.png,FoggyCityscapes/target/2046.png,190770,206502,bcff70d96f291bac0e36452e87198428028a35a082ff178f83a9c66aafbb687b,1d765edfea106e8404f1e8255cb0297ac160ca8129e919c86f3311ec8d09ac8f,0a12140ecdcb6553a74f73f2649f7cbb22c0eb51f7d0d7b50ff2cbf65f119017
four-method-motivation-six-domain-s2026-20260813,FoggyCityscapes,confirmation,16,1790,FoggyCityscapes/input/1790.png,FoggyCityscapes/target/1790.png,188596,204600,e30de4e74a50bb2f5f4763f09331869dbbf0b330645ed6f681bd015231c864ee,3c1a89945d26bdad2676ced31e343277180922ec4e516d570ed188facbfe794f,0a212571a28937b174aacc45dedf426c1cb6849471fc8cd5e69a421f7a6343c0
four-method-motivation-six-domain-s2026-20260813,FoggyCityscapes,confirmation,17,2674,FoggyCityscapes/input/2674.png,FoggyCityscapes/target/2674.png,183593,199444,46769a0f004c23e4c8b9044714c2356bdbc00f350b18e4774571d55dbc34478a,c0bae844043510067f5831a2da20f5732082d40cf2361fcaba973ff788329552,0a2819a0e7ec1296cefb2b93dcda60558b7f14bc3ceaa044fcba1d685d941381
four-method-motivation-six-domain-s2026-20260813,FoggyCityscapes,confirmation,18,3290,FoggyCityscapes/input/3290.png,FoggyCityscapes/target/3290.png,160786,192172,a22987e5e74f50e171a00e6b285b063f56113ca18750f3e5bd8cf5af6e28431c,a2efe437d89e368c3261b97758c898c181b78a3bbe585609c211ffaff3ac01c7,0a2f56261ce22cf68838eaa2a250a653fe0981b37b411e9ec89dfc2908df461c
four-method-motivation-six-domain-s2026-20260813,FoggyCityscapes,confirmation,19,4181,FoggyCityscapes/input/4181.png,FoggyCityscapes/target/4181.png,179317,210790,ee6f8416b32f86afc09271f86417ae71ff1a771cf507e6b5189e54fbfdcac29e,fbe9f559325a6a87fb62a0884aa3a086f7bfd5658686c65fa5e2320bfd322a20,0a3a4970838d344a3f03cd7a3fdb485c5ac3491594a1cb2923d58b16907a06ac
four-method-motivation-six-domain-s2026-20260813,LowLightTrafficData,train,0,016,LowLightTrafficData/input/016.png,LowLightTrafficData/target/016.png,91087,205300,be002d6e0498ec8f2511f4b2be19ddb8859990da6c78a17b2e95713e71910e9c,4a797edd8e0ccafa6d73a51f1447f0739847464499c8d779ff8624ca3c30705c,002cec076337dd91b32251291b793de8f63f37a212b6b75f904787b3f972e8bb
four-method-motivation-six-domain-s2026-20260813,LowLightTrafficData,train,1,427,LowLightTrafficData/input/427.png,LowLightTrafficData/target/427.png,107218,368007,933bf68d75c15aeb5069773f1bef3f3b9367fea81ab4341ce366b44fb7fe6491,7823d73d5c9d9dd1e8646aee7173d72b36ee59bbf980716593106d4ee0a09a38,0055036be55a925cbb49d19c0edaeff930d731a0a6688a926a492f4fbaf6eb17
four-method-motivation-six-domain-s2026-20260813,LowLightTrafficData,train,2,073,LowLightTrafficData/input/073.png,LowLightTrafficData/target/073.png,42580,216895,ada40e4c5ae97fbc4883cc1a2252f265240158afbc3a186b7aec843a4a4cff9d,b51478036966117e05c85f1e634ee168c16e63ad30e1fc80a688617c0fc85a6a,00c9c1127c41b68f34d7f78f4b57c7d76d9d1c6abf6a9b9d42a42c930cd5664b
four-method-motivation-six-domain-s2026-20260813,LowLightTrafficData,train,3,034,LowLightTrafficData/input/034.png,LowLightTrafficData/target/034.png,15545,140566,a649cc4b01e4dbd767429fd41e248446259a242d2287f7b75bd797203cfc26d6,255ab565a3a69411b8bae6bbba62fdf8035e3cbaadc09d811f85413af22c0e57,017068e38954e7b47722cb0c4b35a53c57133141b60e1b944e02746224d70bde
four-method-motivation-six-domain-s2026-20260813,LowLightTrafficData,train,4,300,LowLightTrafficData/input/300.png,LowLightTrafficData/target/300.png,30577,368007,7fe6e88879db48c64cdc8b51e2a197fc1c2c052cb7c5c833642e16c722c27b4c,7823d73d5c9d9dd1e8646aee7173d72b36ee59bbf980716593106d4ee0a09a38,02145c32154f5517521563c44a84014fafe07e699eedc631d06d05003f9cae58
four-method-motivation-six-domain-s2026-20260813,LowLightTrafficData,train,5,713,LowLightTrafficData/input/713.png,LowLightTrafficData/target/713.png,18609,311218,80294c176d7a2b9ec477f3a441165503744ba02abd02bb6bdf3594aa80c3ad30,33531ea1dbfe6e7a26595c858d861109d19f2a490872d7ff7730e78d0475a185,0272e00ac27e9434eba2703ce2c3a653d7d6032001bcf12b375db27be8d5ae25
four-method-motivation-six-domain-s2026-20260813,LowLightTrafficData,train,6,537,LowLightTrafficData/input/537.png,LowLightTrafficData/target/537.png,49599,265552,8069f2fa9bd0979dc83c83036d7415ced5b68282b84514d3e6bd4319c1c5d8db,418c13e20ec0739b11b41f2466a3c99dce539c18c49e345e12f9a456111cc878,0351cd8040cde9ef01502589d441fa34fb7af77fde118687857ee1f16fa1e1c5
four-method-motivation-six-domain-s2026-20260813,LowLightTrafficData,train,7,240,LowLightTrafficData/input/240.png,LowLightTrafficData/target/240.png,46338,308354,6ecd9c30bf9965c7fb7fa7b6a2fdb1c668f20a27f974fc5299bf3af031d16d40,8682541822a313eef4525a1d4030c7404be60f4ee60fa579744db15081745215,042e5c0c19d11ce293c59431eca68e6512a29aa2c6f4f63387c0311960b497c3
four-method-motivation-six-domain-s2026-20260813,LowLightTrafficData,train,8,512,LowLightTrafficData/input/512.png,LowLightTrafficData/target/512.png,36473,239413,cba4e69fcbb494c0a9cd99b68ae447d4d9973c515ecb4592c572fb67c7e82b6f,234f415a1fef7f5a96b567da47ced7cc4f575b63c2138dd06350f34c2b15176b,04c8b87cb1ed40ec5d189161eefa04bd182b0500b21de5a624d957b101cd6a22
four-method-motivation-six-domain-s2026-20260813,LowLightTrafficData,train,9,137,LowLightTrafficData/input/137.png,LowLightTrafficData/target/137.png,27984,174275,db5b64cafc3767b39cab434eaee6a00d92c972fe1c9329555fa2643290db0dab,4810ff837e34e105170b3fff641c0f59ce56b8efe8cd697c57d5483c56dd89ca,04d171b67de9a7b9f51edd61959e717b8947c29551e16e3b096c1e310675d5ab
four-method-motivation-six-domain-s2026-20260813,LowLightTrafficData,train,10,647,LowLightTrafficData/input/647.png,LowLightTrafficData/target/647.png,53085,248267,3443c32402639ae9ffb98d20722b4d885438d9ec3b13ba626c17c069c77fc280,0be8c56e469c503036622fc512aa8da7b98c4fb83f6cb70ddf3b4550a8110e7d,04e4583ff1cce525fa40f457f528b36de1a67285e37141fe54b1caa21286c38e
four-method-motivation-six-domain-s2026-20260813,LowLightTrafficData,train,11,298,LowLightTrafficData/input/298.png,LowLightTrafficData/target/298.png,25752,234723,c89489eef558f72f2cb63a6fa651c510e59d12f3aba0814dc1a6a32207b8a643,06c67c6edd0b74d7e4149e288c99e68cdb2f2e3961645b96ff44c2d87cd38361,0584f7db181bd5e36592c8d873f9f0b9a3d4e4f7fba166bc574500602da7a9f2
four-method-motivation-six-domain-s2026-20260813,LowLightTrafficData,train,12,129,LowLightTrafficData/input/129.png,LowLightTrafficData/target/129.png,86012,329844,135db1d270985246b01600d9846a2a515138ed60da43be08bf0cab267dea295e,5bac145e2247a1c63d8357615b46602e6ba667c9abb4e582a2d594fc87dfb15a,0617879d9a380bca016efbc6612841bd50986ea841f58c3456adc8d16653a8eb
four-method-motivation-six-domain-s2026-20260813,LowLightTrafficData,train,13,416,LowLightTrafficData/input/416.png,LowLightTrafficData/target/416.png,78185,189375,fe10d72ceb4a0d3f022a8e8746858bbd3360e4c6fa793633bc4a671ef7d83f3f,5dd4cddd704375904961a54936a583d220c15b73802776045afc95f871142a18,071b3dd684d0114eab7826e9756f006b4d8f05741a1f4a69e75fde45e43e2331
four-method-motivation-six-domain-s2026-20260813,LowLightTrafficData,train,14,604,LowLightTrafficData/input/604.png,LowLightTrafficData/target/604.png,43722,279643,5c74df46dc05dc92afcb93d754d97b552e93f451eb5356cd38335a9f3640af0c,eb6fd039b48a4c6dc0a75adeba9b2a9be9e641af1026d2a5806cd05efc93aabe,07c4ab19e6e41b54173608da3644e36bb1d9d591112453119c8add3bf18b028d
four-method-motivation-six-domain-s2026-20260813,LowLightTrafficData,train,15,654,LowLightTrafficData/input/654.png,LowLightTrafficData/target/654.png,76864,298477,78b37ae0d06209e32c4a2f58d923c067b3749cdd69254cc300452665206eb610,213b93c42beb4b0ba616aad9b289682d4675299574d540b410c0fcef44fb5afb,07e6c69b46c9034a5a8188a236f00603fc076a1aeeabaa24637dec9c52c82b8e
four-method-motivation-six-domain-s2026-20260813,LowLightTrafficData,train,16,377,LowLightTrafficData/input/377.png,LowLightTrafficData/target/377.png,38723,241120,4ed6e4c5d378e7c5755271ccdac90b6d6bfce6c89d04a65d34f5bb75cbbb5205,0bde078aba4f3ec1cf785b2c7b2fec2070197627489f2278e1871383e91c94a6,092abcfa105323a7ebed33050fee732256c754b5f4916af84ac497ff90eedebf
four-method-motivation-six-domain-s2026-20260813,LowLightTrafficData,train,17,709,LowLightTrafficData/input/709.png,LowLightTrafficData/target/709.png,98563,521908,b3e07eecb3923447befe6bf195cc988a2e585ca703a69b451fb24f2f4c0e93ab,0728d4613c7d35cebf2dcf416c4e0e2134017b78f7b51c60be170b5301570379,094d7cfbf0b9d9ae2afb448d9e5824dacf41eb1c879f5ace4f28c2498a830216
four-method-motivation-six-domain-s2026-20260813,LowLightTrafficData,train,18,578,LowLightTrafficData/input/578.png,LowLightTrafficData/target/578.png,42290,196573,e7de47e5590dca95eed25bc5e4d25227fa13da77a0cb9d5b7469699976227b33,2018842154b755f62c6daf9e05c8982ac5afcd63f96f17a3739a6c88b42ead21,0964fffb73bc2d71ebdc8233cc2d4f76579dac0b9db9f2de6b1810b8b0d10e74
four-method-motivation-six-domain-s2026-20260813,LowLightTrafficData,train,19,337,LowLightTrafficData/input/337.png,LowLightTrafficData/target/337.png,49517,339845,248d7d5a002438d514f251dccc61baa5bdaa216de86baa6b56ced5d55e214d30,64fb51b3ecb78d4297218e77aee95c468c86757fd7eac1115ea1ecca6fef7e02,09f937c771dee9e6041bb7eadff69dc8fa4487478b4e6f842c1816b8c56ed26a
four-method-motivation-six-domain-s2026-20260813,LowLightTrafficData,train,20,148,LowLightTrafficData/input/148.png,LowLightTrafficData/target/148.png,7295,207398,80db4ce53e4fffc7a2e7a8f2bb318d535fa9eafbf4689c5782e8ce219f388325,2bf9247f55eae6c0b6c66bbc21d180ddccbf9c35afdf8565ff7937170c5ed116,0a172eca1cb6d936d06ddaf972c7b5cffc6c1b2285c371fb90b9df94880b709e
four-method-motivation-six-domain-s2026-20260813,LowLightTrafficData,train,21,322,LowLightTrafficData/input/322.png,LowLightTrafficData/target/322.png,19530,255620,2ac853118c08fc8099efba75c92e50c2421a428fccfd35c5da7c6a9734f9179f,36113c61e730434e73e458a41d6be96464de5c8324d3028dd971675b3eef1c6e,0a60de555a3882815e4833ec72c42fe23ef67911e2c2ed1e2887624faca278c2
four-method-motivation-six-domain-s2026-20260813,LowLightTrafficData,train,22,686,LowLightTrafficData/input/686.png,LowLightTrafficData/target/686.png,15838,280065,e788f886b9c7b8bd034d43e6f25eabb77fc97f705760ace4c9d5cba2aa351dd5,f2d2b20787e8336de303c3c755e1cada884e657ae50590a42219a715dee11f80,0aad2a9f6c2ea420c54847412efdbb1c62859bbd39d563484cc2ac1c5069df5a
four-method-motivation-six-domain-s2026-20260813,LowLightTrafficData,train,23,665,LowLightTrafficData/input/665.png,LowLightTrafficData/target/665.png,40949,169354,7187513e586bd7d9db60d9a40b1faee421036db46b2b289e67b793a1dc35afcf,6105ffa6baa96e3f0dfae065699d84a2dbb665b5ff2feeddfc6aed2d6cfd1018,0abf77d1113afd9f2459d59628600a1e5ee0b080861a82d436ab011996216058
four-method-motivation-six-domain-s2026-20260813,LowLightTrafficData,train,24,110,LowLightTrafficData/input/110.png,LowLightTrafficData/target/110.png,96173,265307,b62d423db1199fb50fc614d83dff4600dfb1fffdfb50988fbcdf15cc68b7b929,52c23c7836003b582bdacff04a2db36de260bc6522f80664bfda39715cdd988c,0aced81edbb41b6f4c024e96da4f64a76f2f054e8dcdcee9252af39b47c2e2ae
four-method-motivation-six-domain-s2026-20260813,LowLightTrafficData,train,25,038,LowLightTrafficData/input/038.png,LowLightTrafficData/target/038.png,79163,289865,734a85a1aba9626db6894d23fa3d136c69ee6fdefa4f53e3c9f566012965f051,eca460a08e82b2dc9542b4b9979e022eae95ae9c8d05ebcf326640026b37ff87,0ae8383de128119f58d43217b505b69d07a161b129d6820668535d125592c0e6
four-method-motivation-six-domain-s2026-20260813,LowLightTrafficData,train,26,617,LowLightTrafficData/input/617.png,LowLightTrafficData/target/617.png,16214,394044,b703075d587b7ce6ddfe1f7af8d0e3880306bbe0d34db3ad029dcdc4a0d5700a,edd0e24798590bf988d7b181a13cd1294d0e4714144ba30ea2a8708c20362429,0afe90249b625d093425809a69e61bf6c20c401ea1b311828d3efca2a190fc41
four-method-motivation-six-domain-s2026-20260813,LowLightTrafficData,train,27,325,LowLightTrafficData/input/325.png,LowLightTrafficData/target/325.png,13331,186102,17bb0f6ec3cb78c533df08ab057814a5b2d1a90488e415910893f7f2f153ccbe,8de1b75e66cc083e186b7bf2211bfd86b2116358297f3c25a4ce6c921c6405a5,0b06e8b9c5505482850a0d68ca25df9de4131d94ac9e6867232493aec5f5ba7a
four-method-motivation-six-domain-s2026-20260813,LowLightTrafficData,train,28,450,LowLightTrafficData/input/450.png,LowLightTrafficData/target/450.png,89246,272953,29d20a683e2978db2d208fd11b58a3d78b6a80079b7a12c45d4489de1c87a63a,1185a53fd87ca568ccbb3d6cb20784f0f9d0fb574c0aaa645f7b7656e41d6860,0b20fb59d085aabb1f00c59487f5dba56eaafc13890dcde011d0aae26192e76c
four-method-motivation-six-domain-s2026-20260813,LowLightTrafficData,train,29,219,LowLightTrafficData/input/219.png,LowLightTrafficData/target/219.png,23701,161660,744a93d0c6951df6ee1dacbdfcf14b279fc2a565631e6ca05da4d5e753fc00d7,7cff5978907b9e6c09dfc1ac57e04b38da297696dc95528a3447bcfdb8fc67e5,0b422e6cdd8fe35c9ebcbcfe6855a05f76a85cdddb0c923a65255726cb9dd106
four-method-motivation-six-domain-s2026-20260813,LowLightTrafficData,train,30,092,LowLightTrafficData/input/092.png,LowLightTrafficData/target/092.png,91182,166883,463dcc386fc958d25ad3be999623e67b9ed3d08e265b764d7cfdec6f3341331e,c94c7692150a185472fadc0f8af56b5544a05cce63108c80de95ad0c7dcf400d,0b5d1698237530ecd1c292deae788eb4b008ce9b98a9eba5b3282c442252a2ba
four-method-motivation-six-domain-s2026-20260813,LowLightTrafficData,train,31,536,LowLightTrafficData/input/536.png,LowLightTrafficData/target/536.png,36977,248821,75bfd444a94c0fdc256489ff17eee72d90167392f4ad6eedd86663cc89b15b82,1844e34cb356c025ffecb743ace2c64dc41d5cfaa0f84f6716d33198d081ca98,0b69530c3439869c9cd1b920229a4a2d8ba1a16a56bbae5ddb608855803d40ea
four-method-motivation-six-domain-s2026-20260813,LowLightTrafficData,train,32,153,LowLightTrafficData/input/153.png,LowLightTrafficData/target/153.png,32847,166624,4e58d989f1a17cf86482664de1037b8a9828ea4cc196080fe9351b40caf8a6b8,7639944cf874cd0a510ac0e8701c66efa39e2c7899b7ad9e273e70341df5fe20,0bdb80f5146e35a51d604c30f4bef304af9047382145da301e634e6d29dc3753
four-method-motivation-six-domain-s2026-20260813,LowLightTrafficData,train,33,706,LowLightTrafficData/input/706.png,LowLightTrafficData/target/706.png,24784,361619,f656f9f402608bfde9e56cb79dcba3a4fe98f803dbc5f21ce95e57cd84ac3626,f9fd24e12530c91e1301ea0d44add554798ddde4bccbf141dcab688e0c6b9cf2,0be5d72c136dfd463c128b9568240ac7dd205b35df5254b909b089bb4e79a731
four-method-motivation-six-domain-s2026-20260813,LowLightTrafficData,train,34,079,LowLightTrafficData/input/079.png,LowLightTrafficData/target/079.png,39598,250042,7fb455d1b956a68c8ef3a56474a8abe78f3ee305b8a528d0e937ebe1462d85a5,a9fe8e281067afc747d45821d89c8c72ec825f33031eb2913e505e8fdf039ae3,0c3ed6f6b49deed822b8c7d519040be48a071181de6e193d00c2336152019a8d
four-method-motivation-six-domain-s2026-20260813,LowLightTrafficData,train,35,603,LowLightTrafficData/input/603.png,LowLightTrafficData/target/603.png,23085,241362,46bf5f47e96df223660daabf20c27d5e9c212f0d29a9d09781a37394c9054938,999a42a80857838119a7103198d0f34189824ce292f74ba7bddc801b323fdc50,0c952d2d3c85814404c6c5b143680e21b8151351d11a16efc08bf295198071c6
four-method-motivation-six-domain-s2026-20260813,LowLightTrafficData,train,36,064,LowLightTrafficData/input/064.png,LowLightTrafficData/target/064.png,68247,222678,b7e73e5c6f04014713a877ed12a6425949582c7db969471b8be024503695b563,a540599e0bc190eb88d486d2e5aef805890872b1c5440cd2c2828b273948cc8b,0c9d5731cb33069f59ff09a89c20f001207aad71ac1286e723f2b87622060029
four-method-motivation-six-domain-s2026-20260813,LowLightTrafficData,train,37,174,LowLightTrafficData/input/174.png,LowLightTrafficData/target/174.png,36467,161660,2c7403995d079f6716bf81afc4b4a636d34ec7c0e9b6a08ecb7b552cf94d6815,7cff5978907b9e6c09dfc1ac57e04b38da297696dc95528a3447bcfdb8fc67e5,0d029cd431e829888fbb55f88ed806c66b67f70851f7bb5821021fa1f36a01de
four-method-motivation-six-domain-s2026-20260813,LowLightTrafficData,train,38,198,LowLightTrafficData/input/198.png,LowLightTrafficData/target/198.png,7731,149293,06ae8c8bb91cba9352bf26cca904ab48bbfa5721e2eb09585e08729a01848fcf,64ec78e13144e79e2f1e764ae1dff4daced1d98494feb9d4716efcf8cde7d410,0e3521a10f969bb8284b8ecbdd103863432d0819640acdb6ae437cf6194d61f0
four-method-motivation-six-domain-s2026-20260813,LowLightTrafficData,train,39,032,LowLightTrafficData/input/032.png,LowLightTrafficData/target/032.png,61507,216895,65468be9095d2b49f4bbbe36b23886d7d7fb3663d073395ecead3eaa784e3a31,b51478036966117e05c85f1e634ee168c16e63ad30e1fc80a688617c0fc85a6a,0ecb427904402f07e3f9687cadb164d47b7296768ebe9978b708dd5a6e5896b2
four-method-motivation-six-domain-s2026-20260813,LowLightTrafficData,train,40,736,LowLightTrafficData/input/736.png,LowLightTrafficData/target/736.png,39090,225031,0ad2c9cf38fb63f56a214acafe12d9703521c65e71db9d0833baf520bf166ed8,0b70afde3e9f203631838d904866d2d459a301288e2488457ee3d2232680a8c2,0f3b452e342c6d42c41a621d5d5878459945d84206ca897fe899b1c17462a97b
four-method-motivation-six-domain-s2026-20260813,LowLightTrafficData,train,41,321,LowLightTrafficData/input/321.png,LowLightTrafficData/target/321.png,43952,227842,9b92438a03c0045ef5c14c8966cbb41e58323d5e072e4a02ecd82a299ae5e76b,1a176ae7e16979710c8a2146ba34a04e4171d6451b8741b1434f3813a197abee,0f7da66e8a33142eb6607b79d19e1973e643c6aa9afabcb630f7b5cdaae7c6bf
four-method-motivation-six-domain-s2026-20260813,LowLightTrafficData,train,42,177,LowLightTrafficData/input/177.png,LowLightTrafficData/target/177.png,14468,202694,51a140b10f12c54a8a81b1cb4abc65019481f885ceb356f4a1b6342df65dfd00,01a498cad512326e977795704fa70c99ea00003868dccdee0a6e633a8704a2ab,0fc6f638852a79b04466e91002f86570188ba2391ed35627ea126f5f1c99536c
four-method-motivation-six-domain-s2026-20260813,LowLightTrafficData,train,43,243,LowLightTrafficData/input/243.png,LowLightTrafficData/target/243.png,18948,200485,f6091ebe6b006389e5820cec7f355b6d24118ce5f2c52e8973e4d3cdfed8e4e4,f9ec4bb621f45f55a047db1c2e3c1eac9f84152dc6795924bd16ecc00002bfde,101d79b1e468d51444187c3b6b7ffb0e30aea65ad13bb0beb735906a83e736cf
four-method-motivation-six-domain-s2026-20260813,LowLightTrafficData,train,44,218,LowLightTrafficData/input/218.png,LowLightTrafficData/target/218.png,20052,225297,8d6826921c0af2ae4db52ee9dedba4a5f025e0687dc300cb6ef596b7c76d4148,3ef73622df630a390016e5e346202ac0280b1077bb2ad76f287d2b7ae4acc268,10813049150aed03e0af62c07222cf07a52c8e2d953c762714b20fca72909c9c
four-method-motivation-six-domain-s2026-20260813,LowLightTrafficData,train,45,690,LowLightTrafficData/input/690.png,LowLightTrafficData/target/690.png,39008,242783,615ec7b3ec71ee5cf932292f1f6e2c16b8a78caccafdd926fb5600e17831f623,33b33673a4689861107846bfd433b40f2d19ea1f61ea358176ddbbee6c451d41,10ebfaf92077dddfb14f8b3846a3b3f53bf92a459579cae80c7a2c885ca36971
four-method-motivation-six-domain-s2026-20260813,LowLightTrafficData,train,46,290,LowLightTrafficData/input/290.png,LowLightTrafficData/target/290.png,62430,778562,7948d6943a848a5e26e65ffd36ec4cc5e6d1c14341aab32123615786077b66c1,6989571ae4a26f22a4c0b7c7e8847475585d0dca565dbab11ae54489a3074a8d,110b1e4c9a6866e26668afdd2527878ab5501a7335d14f7eb91e094f8a14cd40
four-method-motivation-six-domain-s2026-20260813,LowLightTrafficData,train,47,407,LowLightTrafficData/input/407.png,LowLightTrafficData/target/407.png,4316,199409,c82c7a70bfd825853f3f4d8c06adf00a979ba8386da833ddeddc86f810ca6dc0,5bb081b6aef6b0ac8e080166d3d2d494c3a25eb23af7b94cdd25d3a92a25c7fb,1164a1f88d5c8c054ba31ecba08a572e214219e498564c2f5d3a26ecc7345606
four-method-motivation-six-domain-s2026-20260813,LowLightTrafficData,train,48,375,LowLightTrafficData/input/375.png,LowLightTrafficData/target/375.png,74377,238440,88e197f167802f0dfa23ae831d8d62f6d38590d8e941f0ec1e6c21a0437111a0,63e53bc50a2ece2fe3ad5408c140e212c335910461544afe04d8b78eec816900,118318a5f0fabd7e1680a3a32ac4756e833e9f2ab929914645db43d79fda1f83
four-method-motivation-six-domain-s2026-20260813,LowLightTrafficData,train,49,167,LowLightTrafficData/input/167.png,LowLightTrafficData/target/167.png,54170,241488,d2d3a0ce667c7e98fdda6f3dcff74f175d675ae4de668b177cc87d1563a48ee9,12b88d87df9a7caabb75382065f957e8edcf508b69b23e7de899578fb8035df5,11e863d2d0595705a756df03331a20a8e0183ee6b07459105338ab823a28155a
four-method-motivation-six-domain-s2026-20260813,LowLightTrafficData,train,50,547,LowLightTrafficData/input/547.png,LowLightTrafficData/target/547.png,36289,217439,fed930295a03dbf92a5085490ceb1527f4f334bb3603e1d8bea72bc20e1412c2,73e5b3db10a406f4f386205f271a853d0544057713204dbc1d5f506aee508787,123affe52de0860b3cd8e19fbec164ff6c9c2262c0e9e1db5d0311c1c4a0c67e
four-method-motivation-six-domain-s2026-20260813,LowLightTrafficData,train,51,309,LowLightTrafficData/input/309.png,LowLightTrafficData/target/309.png,25574,247531,691fd2d03164b138322cf36587270fb03d11508be169a7a1fb711751cc22010e,ab7b56ca7a6dfc7f4f2cd1475039d30fe81a119cb5ca580651d441b838903734,12522a1ef795428b296e28b9571429a232028a44374a9237ee0be797a5bdb178
four-method-motivation-six-domain-s2026-20260813,LowLightTrafficData,train,52,246,LowLightTrafficData/input/246.png,LowLightTrafficData/target/246.png,42561,260331,0ef73b06188501aaea48873cdc847795dd992a36949ccde5bc0619203979f7f5,8406641a3c0fe5387da52d7e775bd0a098d04513cd3cda3979377147cb618a27,1252db6967bce52be3ed5feef7b062c8909d4736af423aec94e373a08c672a40
four-method-motivation-six-domain-s2026-20260813,LowLightTrafficData,train,53,058,LowLightTrafficData/input/058.png,LowLightTrafficData/target/058.png,80624,205300,cba264ae5ea4f3f0f62cce2f564f8c50c0a2161484f994aad3869c01d5caf291,4a797edd8e0ccafa6d73a51f1447f0739847464499c8d779ff8624ca3c30705c,12887cddc4ccaed73d19ab2b1d7815c8f287e0ce8151c359f63f3bf97ab9934d
four-method-motivation-six-domain-s2026-20260813,LowLightTrafficData,train,54,104,LowLightTrafficData/input/104.png,LowLightTrafficData/target/104.png,32261,388668,2ba0e4627dc0b9bafa64113afa1be9afdeccc284628ab9030555a7c39153ac77,83300950000d806bb1ec4b360ef7629af0a3e125dbed2d50dcc472135cc40a8c,1340a32c6dc208c071b0704e4b33c2eca83d9b60694198b9849e1c8e4e73a84a
four-method-motivation-six-domain-s2026-20260813,LowLightTrafficData,train,55,098,LowLightTrafficData/input/098.png,LowLightTrafficData/target/098.png,6899,194771,4f1afafbb42c172739cd6d8e9fc6b57fc5a2f4392bca25d9b456cfc99a41bd47,2de54c136dbb974d6942ff6d6984db1b39227bb14cb610c1812d5adca8f89fe0,1349fdc44d1b3a791a64674bc7c939ecab6a8cebd2f222192cc99901ad9b60e2
four-method-motivation-six-domain-s2026-20260813,LowLightTrafficData,train,56,361,LowLightTrafficData/input/361.png,LowLightTrafficData/target/361.png,43131,250318,3b28c75a787c591dc0a420ff22431bcb38be6cbc7444a547a4c4e48a9d725c21,a075f7fdbfbdde74dd00e1d77caa097aaee63721b0e6b8d0c9c80e5a519b1284,13c046362069ff620c4448e2614506c8f4d10b43bce10b0f724fe0eca8f18730
four-method-motivation-six-domain-s2026-20260813,LowLightTrafficData,train,57,076,LowLightTrafficData/input/076.png,LowLightTrafficData/target/076.png,33407,202969,0523dc90e8fa9c38b967a1dbba77756eb8986e58008a75af4b14db5ad5b321d7,0baeeef994c5fb0b0930bdecc07336cf1e2e3b71f824baa191f24a7557772341,13e7dec69d533576cc2a7b22fabe722c2745d338a36056374c3c43681a2dd658
four-method-motivation-six-domain-s2026-20260813,LowLightTrafficData,train,58,455,LowLightTrafficData/input/455.png,LowLightTrafficData/target/455.png,67019,339980,88d24072db13af920e986b9b321918bf1405553239da6f11b26aa4d287468034,f6f7985ff95e55ac75cbe4fd9119019e36336496246522e9c9a67ec2e8fdb488,13f636cbf6e65116bdbdf9b322b50625546f2afcb1cb67cb00f221653aa66b12
four-method-motivation-six-domain-s2026-20260813,LowLightTrafficData,train,59,528,LowLightTrafficData/input/528.png,LowLightTrafficData/target/528.png,51934,215912,296dbc15802fbfeadb31f6c07c6ebc5699cdc61ce22093221da38cbb4cc8b934,2958cf58dd600ee03f96ce63e948e0aa9eac7d8bc63be1076cf768cfdb0fc537,1445026a4e0d4cb033201e8b51f8b8b2e527f7d98b09a2ee04899459196df3e2
four-method-motivation-six-domain-s2026-20260813,LowLightTrafficData,train,60,622,LowLightTrafficData/input/622.png,LowLightTrafficData/target/622.png,90072,259779,b1f0c118d96bb604bdbf2e02b0e189957d26e1046bf27956be9aea79cddca84a,8a955aeb70dd83db291194910d41403c4f093dfcbfd4fc95fe81e8f7ad9c23cc,148c0e69e639e84c9e1d0379d4d02247ebc63b59c7e6626032e4186509848be1
four-method-motivation-six-domain-s2026-20260813,LowLightTrafficData,train,61,644,LowLightTrafficData/input/644.png,LowLightTrafficData/target/644.png,6766,280730,699af444b337ae136cedd005a53ef7fdb42646bb4a377a9375d285c27ac71b63,2cb56b2cbe19cbb746256510475ef0458c0485b3028ac14a0889f8d507bbd0bd,150bf98d42d6af1bc57fc4992e0a2aa3706902959e8f2c992d3a4897d5af263b
four-method-motivation-six-domain-s2026-20260813,LowLightTrafficData,train,62,451,LowLightTrafficData/input/451.png,LowLightTrafficData/target/451.png,78398,214360,8c9dc0e6ce7d7e645aca2764a5a5d2338ecb336a2e409e8ceeab45b154b91248,746a908add0af097299100d0d22ffd2bc32790d0ae36d335b9b4d3409a5a1728,1519c0426a825a763791b5d7a1b8c645730b065b15a1b6f1e0ef71a5966ebcd0
four-method-motivation-six-domain-s2026-20260813,LowLightTrafficData,train,63,507,LowLightTrafficData/input/507.png,LowLightTrafficData/target/507.png,88057,280730,39bc37549b4d06c2fa2468919b9a4a10a6ebd7fb5702a15fda81c85f1947a24e,2cb56b2cbe19cbb746256510475ef0458c0485b3028ac14a0889f8d507bbd0bd,156e9391a7e5b1cc9fed193f3f135376e296346ece3b072f7cb2fa1b9f9050be
four-method-motivation-six-domain-s2026-20260813,LowLightTrafficData,train,64,176,LowLightTrafficData/input/176.png,LowLightTrafficData/target/176.png,64139,166883,ce7fd0aa16970a51ff72f6f7330a9415df16eb21dedc212d9b14ba66b170aedb,c94c7692150a185472fadc0f8af56b5544a05cce63108c80de95ad0c7dcf400d,15d5931714ec6ba32e6cbfce933a56a4c627f6a71ed6379301ce2ca43cb59bad
four-method-motivation-six-domain-s2026-20260813,LowLightTrafficData,train,65,595,LowLightTrafficData/input/595.png,LowLightTrafficData/target/595.png,51991,280065,ddd2420896f54f9808fbc09a34d43ba717cadfc885020676cc04e4fe5b62d9d6,f2d2b20787e8336de303c3c755e1cada884e657ae50590a42219a715dee11f80,1630b29e8d828fb633a41c21dec3fbeb92951525025201fe7b74a41591f19e25
four-method-motivation-six-domain-s2026-20260813,LowLightTrafficData,train,66,165,LowLightTrafficData/input/165.png,LowLightTrafficData/target/165.png,110593,234723,1feb98a7051997127719f492763c20686ef904cf7549ae3de407cd034a9c6059,06c67c6edd0b74d7e4149e288c99e68cdb2f2e3961645b96ff44c2d87cd38361,168a51595cebc3b1ee748f9a0292861367e9056b93ba988de1398b2600fde169
four-method-motivation-six-domain-s2026-20260813,LowLightTrafficData,train,67,364,LowLightTrafficData/input/364.png,LowLightTrafficData/target/364.png,24981,227842,28d932a46e8215a4148af5d07396c2f5939e1f6b3c0ab014d5e5694963f5d7ec,1a176ae7e16979710c8a2146ba34a04e4171d6451b8741b1434f3813a197abee,16b1ad32dbc24f4419ca2394d0cf0b355c80a5c5d3bc8834e137620d422f9910
four-method-motivation-six-domain-s2026-20260813,LowLightTrafficData,train,68,651,LowLightTrafficData/input/651.png,LowLightTrafficData/target/651.png,33098,279643,49b5560d8291443841b3e00e5ba38cf84df9511abfdcbc0fb04677d9bae39055,eb6fd039b48a4c6dc0a75adeba9b2a9be9e641af1026d2a5806cd05efc93aabe,16fd0bd0465fb44baf31854a57ccf40bca8dc899fdc1f07e9193094fe0472c13
four-method-motivation-six-domain-s2026-20260813,LowLightTrafficData,train,69,589,LowLightTrafficData/input/589.png,LowLightTrafficData/target/589.png,18152,311452,5135f43f594ec84b8e0884a0c43f105a53d10d8756a6ad5cb9c3429793776fa4,6cc0592dc25afd924b81afce0fa5c2493b0fec274f0f218c75cbea2bb74441f2,186374c45c1d957722999d22658f2524c96c5e6fe181946c2ede3e32451e5fa2
four-method-motivation-six-domain-s2026-20260813,LowLightTrafficData,train,70,681,LowLightTrafficData/input/681.png,LowLightTrafficData/target/681.png,31623,168147,51082fa86fa4018f937950a2b12b0dbb7970066604e9bf2adc0af2130c990a87,fae4194ee89fd82a52f7a997c7b6555925e308d0f564fd475ee651404dc965fe,1871f262ac457458f44ba1e94c989b4ce1cefe295ec111e045d2cdb6509044c6
four-method-motivation-six-domain-s2026-20260813,LowLightTrafficData,train,71,372,LowLightTrafficData/input/372.png,LowLightTrafficData/target/372.png,7725,193855,67aca99a6c0feb668e0da444124ac7bad3b6d57408db89d9f7bcd23738e2fc13,8cbcc43a72d560a447525aeefd0bf503bf4832d99f7dddae66fe557d087ea5cb,18afcdaf0e1bc08b94fa1fa02bba243a5e47145addfcd086ef8341d08602c431
four-method-motivation-six-domain-s2026-20260813,LowLightTrafficData,train,72,705,LowLightTrafficData/input/705.png,LowLightTrafficData/target/705.png,63700,221908,96fc4e42e4b730632a0932b4fdf77f46c920573df567197348f64ebfd3e34098,2dea037d5ee32784831b840686108a5efc9766171693cd05f4d46d75062a8d71,19863bbc6f01c746219cd3ca5b1a81aa38ecb62de0ae6aad05efd43f07078be4
four-method-motivation-six-domain-s2026-20260813,LowLightTrafficData,train,73,105,LowLightTrafficData/input/105.png,LowLightTrafficData/target/105.png,97962,236379,ee4b68532d6a37908da468474224c348f9d20dd496fc20c340abb72496f8bf24,3b704770136493dfe37cb078e9e3e694c8f9a49b1c8acfa2efb1188406090a4e,1a98e1ac3e5f2085288a353b86146be80045598334d824c18527741ce2a0640e
four-method-motivation-six-domain-s2026-20260813,LowLightTrafficData,train,74,388,LowLightTrafficData/input/388.png,LowLightTrafficData/target/388.png,24204,588460,50bc12230bccb847dae95ea0415fa141e0f4fd7dbab113896c9a2ebe7337b491,4e8c9d4229a95ece0e2ead22d5a8f86b09c43d9fe2db888cfc820f8cfacef112,1ab193524c80e82d2677a27602363d2b8203309af7248cda0f038b9e3aecf802
four-method-motivation-six-domain-s2026-20260813,LowLightTrafficData,train,75,612,LowLightTrafficData/input/612.png,LowLightTrafficData/target/612.png,15056,183352,3c1065406f1f697caf174a10ca6f470d5a0076ab0c3a939ef23630a06c325094,279148ed763b5db96b6c33d0ff68d9252e59341f94c6c47cf40bd5e1439c55e3,1bedff6047a6364382f841329a0d34a22357521e5345b68bf846160032ea75bf
four-method-motivation-six-domain-s2026-20260813,LowLightTrafficData,train,76,406,LowLightTrafficData/input/406.png,LowLightTrafficData/target/406.png,39536,280201,acbe1d4e4aa2eab0f6293035a45a5c3eba4329ea9e79057e62d1b5efe70d0281,cb175ba76f09e6350ab5d9573af4d3036aa75d08455f8729a7830d54a066d943,1c07058aae7b9b99b6b8a50d0062039b11869685a904a5d9700a48de2f1ebc43
four-method-motivation-six-domain-s2026-20260813,LowLightTrafficData,train,77,333,LowLightTrafficData/input/333.png,LowLightTrafficData/target/333.png,71956,299375,d1c2e94c06b3c643709c8e1cafb4c1d2a2eac1864a17da90860bef4285ef149a,68d46fff704b590a848639bb51ea394ea11abc7011a9167cd8a1b4e578e4246d,1c310ea542417d333d61495a5248db7dac9779123ce0720d57913f12624d08ca
four-method-motivation-six-domain-s2026-20260813,LowLightTrafficData,train,78,724,LowLightTrafficData/input/724.png,LowLightTrafficData/target/724.png,25307,140566,e5914f254cc7ce6088fb6eb77c66852a69b7202070f1ec1b4e4e410d73a7674f,255ab565a3a69411b8bae6bbba62fdf8035e3cbaadc09d811f85413af22c0e57,1c31580947faa27e0fb5e0337f8ee7597602854bf83262b806eacf0ec7b78fc4
four-method-motivation-six-domain-s2026-20260813,LowLightTrafficData,train,79,221,LowLightTrafficData/input/221.png,LowLightTrafficData/target/221.png,78196,250697,8f8f97580ec3e6259b4c43167a1663581569980df2364e2ba2415812165aac5a,a3c02184a89e59ebf212f5b3abd435d132553f980f52e53751261cbc559480e4,1c5e4f5503d324e6857b436ff46b6ccad31912b92bb2853a6dd673ccd73aee74
four-method-motivation-six-domain-s2026-20260813,LowLightTrafficData,train,80,565,LowLightTrafficData/input/565.png,LowLightTrafficData/target/565.png,42715,250880,1a18214efe7b1721e007e76223ba78a390a02b4d24df6b9db24e8f7cc566618a,b25507a4f1913ca366ef87f8e1bc7eda5c4e8a1178c73c9cc79f3cea6977f617,1cbfd016c3e5ce8a6a0caaabf718e7f231e724b532cd8fc9bd4485e1f125063b
four-method-motivation-six-domain-s2026-20260813,LowLightTrafficData,train,81,069,LowLightTrafficData/input/069.png,LowLightTrafficData/target/069.png,50854,149293,700c6d5c306528547f90fb1463c020a221b1f756915e8240f5f6eba349fcb426,64ec78e13144e79e2f1e764ae1dff4daced1d98494feb9d4716efcf8cde7d410,1cce216fe42f864d959935563b44f2cd98b710937b3f001508891d986aa5e780
four-method-motivation-six-domain-s2026-20260813,LowLightTrafficData,train,82,355,LowLightTrafficData/input/355.png,LowLightTrafficData/target/355.png,11584,169811,3f35c681451b4c995b01657d4c239600f0bf60c72a0d84bc7681907dda223bb7,041ad66f7d6650b8d6f00831d8af755631b1bcd6c620b8d49fb2477da9a729cc,1cf4169d6c351b7f2ba412273f411207e9368e5345aa6f0f3cee9c15e2bd541d
four-method-motivation-six-domain-s2026-20260813,LowLightTrafficData,train,83,542,LowLightTrafficData/input/542.png,LowLightTrafficData/target/542.png,40369,272953,a42593893b38a261b55fcc69cb50d8a8582c5896317af54767f6a3377e38de44,1185a53fd87ca568ccbb3d6cb20784f0f9d0fb574c0aaa645f7b7656e41d6860,1d544905685097e8d2b49929078731fa2927fb8dc607902e756ee160582c030c
four-method-motivation-six-domain-s2026-20260813,LowLightTrafficData,train,84,197,LowLightTrafficData/input/197.png,LowLightTrafficData/target/197.png,44275,236545,e56aae6ecc3a48c97fbd198787f55311d6af6652d4a93d2f10af004f55cbd834,35dd8068ae86bcf41bab6310da039a453b136f0574e9ebbf638a691fddf021c5,1d6f5502d89dcb576e8e9044ec93297eea7186c4afd70e87a0ba48bb366651d9
four-method-motivation-six-domain-s2026-20260813,LowLightTrafficData,train,85,310,LowLightTrafficData/input/310.png,LowLightTrafficData/target/310.png,82199,334681,921b1f9141264eb4c11c1e1ff835d027040cc94585a77dcf00ba89be5e4924f0,1f7010f1f09a52652b0ac5f1e58be509c9e09a2ca92f92b28e95a6a1833bf6b2,1d7ba4141fd4b31097ca2b015ebc8894406f6fb6a00da66f5f28bb1acb7949f2
four-method-motivation-six-domain-s2026-20260813,LowLightTrafficData,train,86,516,LowLightTrafficData/input/516.png,LowLightTrafficData/target/516.png,69619,194751,ed6683b3fa02994fe36deaee9f8b5d4934e6e62f84d350e75ebb83463154423f,108b2d013855b034344f7ca13bda2cb6c0a501c65b4cb39981a3d5606ce49fdb,1e1ab1ddb5eb0889972f3e4864d67f9ef8cefbac0c6303c93d5dea34b819a25d
four-method-motivation-six-domain-s2026-20260813,LowLightTrafficData,train,87,632,LowLightTrafficData/input/632.png,LowLightTrafficData/target/632.png,23333,241841,65ad4629ce6f6c947e7d300d17243473b1f148512524b19e0c547ece31a4b31c,fad5fa9c92fe2ae57ee351f451cc3d52ac486789fc5be4c1bb5c5905a3faab26,1e3a5d595bd804683b5f703377e9a0cf3998794dc5bb0e6fbae68261585b6095
four-method-motivation-six-domain-s2026-20260813,LowLightTrafficData,train,88,543,LowLightTrafficData/input/543.png,LowLightTrafficData/target/543.png,50449,221959,493d83cbed2d78721bd9940d9a8e14ab6fb6633a167a8363e656d1bcd6d3e628,4f40548813a3f8c62472329b749d9595a1b5e80523d47779a24503b14ab998d6,1e9dc7cf4cacdce63592a1c163fa1e65a19bc1a7296d8a59866d0fd31db0cf0b
four-method-motivation-six-domain-s2026-20260813,LowLightTrafficData,train,89,523,LowLightTrafficData/input/523.png,LowLightTrafficData/target/523.png,57364,331479,a3871616b46483abb8fbb2136adda307e019c03ec16b1b82f8009f9cc1808a9c,b8dd4999c5aa383ec664fd615366546c39a149ff9e47904bcc7e882e191c5b70,1f2a0a30ffdb140032c276689f5b391b60445afe01da214d1b3081b3a9e687c9
four-method-motivation-six-domain-s2026-20260813,LowLightTrafficData,train,90,356,LowLightTrafficData/input/356.png,LowLightTrafficData/target/356.png,52777,155210,dd402286e254e2e8038845325a241f4d5d6d4159ede5093cdb6bd2af60626113,6e27492cf29681b8e42ba86f556541ea75bbf3940beddddb3da5504967d63c7a,2003d57f57d264aa4ae7282de0b994a2f7207b07d7846a571f491ed841e99eb0
four-method-motivation-six-domain-s2026-20260813,LowLightTrafficData,train,91,485,LowLightTrafficData/input/485.png,LowLightTrafficData/target/485.png,56222,195436,20365a97fa5051c8c3411ff9f387060cf8382592b24e7ba9038a443523185beb,237ac6656f387caa658e09ed2a4b87c2c66f56a151912e57b177e4a6f30ffc59,2031bff2bfe9adf573c9218f43c60cdb6a77f4d66713e8caaedabbdae0ee33fd
four-method-motivation-six-domain-s2026-20260813,LowLightTrafficData,train,92,694,LowLightTrafficData/input/694.png,LowLightTrafficData/target/694.png,33875,230524,a72541846f16502ab129edf5de6bcb28f5518d2791ac5c5b701c0f1bb21316ee,562dff9abbf22e46e2babe4f40f4b0890677703da0e418466083154fbac2d8e1,20af6b3d92714edc1768c6d027e8900866a685212346565782a96bd0ccf05e05
four-method-motivation-six-domain-s2026-20260813,LowLightTrafficData,train,93,091,LowLightTrafficData/input/091.png,LowLightTrafficData/target/091.png,66200,269612,039c54e5a97ec6c1b102b1aa7849fcd28aa1202a7dc156ba4fb10b4166f3f083,d1023200da27fea7f59186d4db7a496c7a4febc6e34a094505a6f2a3c5dc4a96,210178f872e644e4258bdb1bf623848e871b38ba520b35f522ae4e5dfdebf39d
four-method-motivation-six-domain-s2026-20260813,LowLightTrafficData,train,94,255,LowLightTrafficData/input/255.png,LowLightTrafficData/target/255.png,52231,241232,0875a0435f1cb8d3963ff21972e9fa67f332a3978b4f5031fbd6464eb5c4513e,6ff3ba155c27f57d8a1a32926c0c65d7b3e45f3adfc15e1957d06cf91114b853,210b0114f3b47fd3885007766843060cbfd8c182e39a1414a4ee52d43b80079e
four-method-motivation-six-domain-s2026-20260813,LowLightTrafficData,train,95,684,LowLightTrafficData/input/684.png,LowLightTrafficData/target/684.png,48898,201821,6ee45cbb9fcb6f325ee64b56560bbc973d4a8b128210ad7ae7bb7a70b66a3907,b01d339c0730f4f2558b8a831f0c473fd327c3a4d27998fc534125a2a79bfe90,218ec4d8fb85ff50e9af638e42fc160afaa0a9cb8f9816a349ed25f49c591b8a
four-method-motivation-six-domain-s2026-20260813,LowLightTrafficData,train,96,538,LowLightTrafficData/input/538.png,LowLightTrafficData/target/538.png,15684,173689,284892aad8414406e787ef377d510177c0bcb3b161bb2efbf2ec52f9c38348b6,a277e938aa1c6cdd846147d95009018bef365371e73e3ff106b84aa2cd250c4b,21a97087f5e5d898daf18830c5603dce27e5f82fb8c84359b59c577a1fb8d0c7
four-method-motivation-six-domain-s2026-20260813,LowLightTrafficData,train,97,363,LowLightTrafficData/input/363.png,LowLightTrafficData/target/363.png,10993,199409,bcf4ddbf6b6281678dd462d1677fb6e2c6f2d09f2c2dcc893263964eb1b5f1f4,5bb081b6aef6b0ac8e080166d3d2d494c3a25eb23af7b94cdd25d3a92a25c7fb,221ec5d3dccd21ea2f15726b8c773fd6c4543fea2c42cb51b0ee097fa4289650
four-method-motivation-six-domain-s2026-20260813,LowLightTrafficData,train,98,527,LowLightTrafficData/input/527.png,LowLightTrafficData/target/527.png,16988,196746,89312047f63f5786ab72688a8a05aeeaa659047783019c5e62e503fe69a942db,6577485cdeac11b575824509cc57e94baf486c99dd94618c687762564948626b,223e70f33672bf96325bc71c88e100fef85e189e65ad748c0894cf954c704d68
four-method-motivation-six-domain-s2026-20260813,LowLightTrafficData,train,99,614,LowLightTrafficData/input/614.png,LowLightTrafficData/target/614.png,73452,230480,0e26b6d8dbdde4670c448a4b46712eba3e85eca2336a5e79539b3bb0e7d02fdc,b4749b4c9f85247993f1b69500e01235967fe46e97c9f17675fef1c6ac6f4764,226dc4cb29983030ae66c62006039c69243a76795550d7b662fe1c9678aa9942
four-method-motivation-six-domain-s2026-20260813,LowLightTrafficData,discovery,0,249,LowLightTrafficData/input/249.png,LowLightTrafficData/target/249.png,63169,234723,dbdeb04f74b1ba6596c7e38179132c15ce6c2d19632bcc3764f0efc5f4b74379,06c67c6edd0b74d7e4149e288c99e68cdb2f2e3961645b96ff44c2d87cd38361,22c85443ad5ec69d8ac22003eeabd8003729d00e652fb3ce0e649a39076935e2
four-method-motivation-six-domain-s2026-20260813,LowLightTrafficData,discovery,1,501,LowLightTrafficData/input/501.png,LowLightTrafficData/target/501.png,61995,218535,5ab2a053eacd8bf7ef3017a0d609c5cf42a95fa7427e9369d31c965fc458c286,a6e8ea2bb85f033ca8f486907d76dbfab24954b26145839945bd1d86fed24d31,22dad29a92b25fe7295e6421ed64c8ad62b6044b6a3d5ec9803411cda32782bc
four-method-motivation-six-domain-s2026-20260813,LowLightTrafficData,discovery,2,173,LowLightTrafficData/input/173.png,LowLightTrafficData/target/173.png,29990,225297,33aaf8024130d8eaa9dcd82a40f19f4d94c8cf8bfb6f2c7c80981833b0d7fa60,3ef73622df630a390016e5e346202ac0280b1077bb2ad76f287d2b7ae4acc268,23a3dc47f116ff595ffd9468c2d640f3406ac691f9e3316689924f0e2b5c8b6c
four-method-motivation-six-domain-s2026-20260813,LowLightTrafficData,discovery,3,437,LowLightTrafficData/input/437.png,LowLightTrafficData/target/437.png,39829,328016,0ae2dcdc4d60e1ba6bd3a6be0bed441964919cff84337f5532dcdc17b3f12348,38035ec73bb384de4b329f8f2fd76bc283701a666c32e227185bb3c05a6e1b43,23f85aea32ffbdea48de9a95af1a3f54c7bfca5dda11699c3199227fe65abf78
four-method-motivation-six-domain-s2026-20260813,LowLightTrafficData,discovery,4,150,LowLightTrafficData/input/150.png,LowLightTrafficData/target/150.png,67658,236545,b978fd627614405a89aea38a9d18760fb3f7942e2f9e04f6bdf65ab57aa44b33,35dd8068ae86bcf41bab6310da039a453b136f0574e9ebbf638a691fddf021c5,23fec063cd8ea588727efbaf8499059b29835f6ccd75714e5ce4601c80350e14
four-method-motivation-six-domain-s2026-20260813,LowLightTrafficData,discovery,5,575,LowLightTrafficData/input/575.png,LowLightTrafficData/target/575.png,12756,187622,27c1e8848515b7fc5d8d9a50fe561069370bfa79ccd5c6f919e1c6859b3c8f6c,4e3a437ee616e314855d639ef3b8fcfbd1f1fdd7b3501b20f12075c2c31dcebc,240bae300d351e8263c88133786b71ebb615e7555961b0dbaccafe6ce1641b79
four-method-motivation-six-domain-s2026-20260813,LowLightTrafficData,discovery,6,465,LowLightTrafficData/input/465.png,LowLightTrafficData/target/465.png,54992,210802,380b3cf7f1d5f3411f224547e7fd1fd8aa99a85b78ea1883861783b037069e0b,2f8423ebf0170d278d27a004885dd1d0ecb114e7cf6e734b7475a1eeb7bf3b20,243256a1470b27143783f27d58e0e29517cbffd985eb75153684823501c8210d
four-method-motivation-six-domain-s2026-20260813,LowLightTrafficData,discovery,7,094,LowLightTrafficData/input/094.png,LowLightTrafficData/target/094.png,64253,323843,9974608dbd9f8669c58c74123a504f1575df6a9c82887f3136ebf05e56f92bce,2759f5403a79919e3c98d8154b05131566015595f86d7000387721914663e644,2456bad858e7d08e9a3a4855ab77613c1874bddcc69ae99f5b860bd07765b87a
four-method-motivation-six-domain-s2026-20260813,LowLightTrafficData,discovery,8,558,LowLightTrafficData/input/558.png,LowLightTrafficData/target/558.png,24423,291725,2ee589177e4ffb25ca53c23665618bfe86cf8fa3c80eeee3eb08cabfd7e98f39,9ebe6469eaa4d53b10af305de69799638c3ea2a01840753417755d7b660e5d94,248391677a53d6934cdb752788ae91170f6dad9324819beb32b9f3b3efe4991f
four-method-motivation-six-domain-s2026-20260813,LowLightTrafficData,discovery,9,004,LowLightTrafficData/input/004.png,LowLightTrafficData/target/004.png,38685,226433,bba7bf696af1079b42e2d4657c56425db08dd9a17db1114e45de6d4d881837a0,08acaee88f6aa3a4cec72326bca647ebfd9e33f283bffd282446d905ef98835e,2496e9f2a468b0559d2a1bafa0fcc9271cb3a007beb091de5723b1905a2723c2
four-method-motivation-six-domain-s2026-20260813,LowLightTrafficData,discovery,10,035,LowLightTrafficData/input/035.png,LowLightTrafficData/target/035.png,46966,202969,27d41f4618af32ba4c71100e15a60db64d950cae477901622f2541b1d9837357,0baeeef994c5fb0b0930bdecc07336cf1e2e3b71f824baa191f24a7557772341,24bcd6995bf6233cf207e9fee47efbdabf58082588a0708b91ed1d4998fd7e1c
four-method-motivation-six-domain-s2026-20260813,LowLightTrafficData,discovery,11,725,LowLightTrafficData/input/725.png,LowLightTrafficData/target/725.png,31733,200803,cf00956fea263f4f28ebfcf16bfa43fcecbd1c8ab4a27019c89fafe6bf37734f,994662cba1d8bd5b6dd1a10ca99e37b68714804decc111337d2971dbebdb361c,254d179a60646f1d1de27b222d1d9aa5eb54df7f5169d597de72e77880a7adb3
four-method-motivation-six-domain-s2026-20260813,LowLightTrafficData,discovery,12,292,LowLightTrafficData/input/292.png,LowLightTrafficData/target/292.png,92109,252528,3a1d1cf398e4487ed0c06bfcb5fa0ee7bdbc3a5b8f5b98f61f5b02cb8543ee4a,b8cb8bb092222b5c97ee9cbc79f7ee2db0c58e5de1b262f8066dd9a2cf6100f0,2591a7a6b65baab527e0e26d32dd2e24524c6e715cf39da2d29fd2eddb9641f2
four-method-motivation-six-domain-s2026-20260813,LowLightTrafficData,discovery,13,183,LowLightTrafficData/input/183.png,LowLightTrafficData/target/183.png,16662,276247,f612abdedcee575fa90e39f0877ff36d72f67d10786bb37c0b3a4d4008a2f0fa,bb075997d891e7c69e4e1dda19f9d01db22c75a0b2fdc5e5b5615ff8a444a25e,25d8221debe3f08ca5b7bbdb6a7ad7dcd1c4fb2fbb70dda1c2d32f85dad3946a
four-method-motivation-six-domain-s2026-20260813,LowLightTrafficData,discovery,14,611,LowLightTrafficData/input/611.png,LowLightTrafficData/target/611.png,21488,245656,152cf22709fa8d86a56870a872535cefc51cdb7acdf624e94f6906ea8257acf5,9119ddc7fe0fb2b8faef65d0cf9c2ba8ab6897db2251194390e82bf267288758,25efca9e308c80e45cd6143ba8057e65effe589985d696d8330bce7425026810
four-method-motivation-six-domain-s2026-20260813,LowLightTrafficData,discovery,15,236,LowLightTrafficData/input/236.png,LowLightTrafficData/target/236.png,22224,265307,6e5c8ed1c258ac9415a6896447fc379e44696b093d58653acb7b76dee10193d4,52c23c7836003b582bdacff04a2db36de260bc6522f80664bfda39715cdd988c,261f715ac88058d58324653359782dbfd1f2c20a1ab1c1714357f11c578fec4c
four-method-motivation-six-domain-s2026-20260813,LowLightTrafficData,discovery,16,522,LowLightTrafficData/input/522.png,LowLightTrafficData/target/522.png,7820,165039,6eefeaeb5f63b3669ac55da04e5107368b91f76e7dde8919a0f15387e1703fac,c11766dbe86777427c3c62a3849258020dda05b0d5dcec665f01d272d8911562,26416b254c1a280ef006da943d9cd86ba49db12f4151eecd4ceba6431bceba15
four-method-motivation-six-domain-s2026-20260813,LowLightTrafficData,discovery,17,439,LowLightTrafficData/input/439.png,LowLightTrafficData/target/439.png,29691,196746,3ae6d34aea4e9e94de200eb33a5cf3d5c8fc187afd14d21731ecc2e059f22a7b,6577485cdeac11b575824509cc57e94baf486c99dd94618c687762564948626b,26c1a9a1c14917a3c0ec14aea0115b78242caf249d4662df67312e03bd6e81b0
four-method-motivation-six-domain-s2026-20260813,LowLightTrafficData,discovery,18,670,LowLightTrafficData/input/670.png,LowLightTrafficData/target/670.png,55236,210088,1825501b188dfb9dc08971bc4f298e6ca97b339e48d6cb6f72afcdd433b38545,bccc12f83d0dbd81b8fbdf1f6ae118e3bc879dfd9fe66d5e8e64dc07d42e61f6,2760a77b333e2b846f676df181f9868629b91c4a0f1453b748dade2d96b586f5
four-method-motivation-six-domain-s2026-20260813,LowLightTrafficData,discovery,19,238,LowLightTrafficData/input/238.png,LowLightTrafficData/target/238.png,24428,236545,17b53e1c0d563fc96f738e2d0a419e70cf3574252b49debc637134c85fc28406,35dd8068ae86bcf41bab6310da039a453b136f0574e9ebbf638a691fddf021c5,2763ce74408c9edd0088cc5fdbebf9e910bc955157b2e225de7fe5b815d16aee
four-method-motivation-six-domain-s2026-20260813,LowLightTrafficData,discovery,20,529,LowLightTrafficData/input/529.png,LowLightTrafficData/target/529.png,125993,254240,05f57a92c754e6cbf234d729aa7548c31b9f1d4d207275b1ba917a5759c9fce5,e263a21f971278264aaf2db4faa5253a88085aa0c8438601552b615491da491d,27848261fdb261d35121aeccfc533f1e34fd58164af4151322fb0ecaeca2e4a5
four-method-motivation-six-domain-s2026-20260813,LowLightTrafficData,discovery,21,274,LowLightTrafficData/input/274.png,LowLightTrafficData/target/274.png,13004,198494,a3dd7a1a7dc3e4d084d1a51bd5e925cca2e8a05c973563bc3c4c60111494e67c,4b81bac7177a82a07fbb52079d022290ae0a758523a97a1c76b49c09331cbbec,27e3af3c356336ddb6e83e3812b8c698a411ec66f00ab9e58d8706739cc53d9e
four-method-motivation-six-domain-s2026-20260813,LowLightTrafficData,discovery,22,498,LowLightTrafficData/input/498.png,LowLightTrafficData/target/498.png,39191,339980,f5f8943aa1359e112346228dc30417b7e521a753f111435a3aa50cb91669dccb,f6f7985ff95e55ac75cbe4fd9119019e36336496246522e9c9a67ec2e8fdb488,2876a712ab754c7985b491ae4e8c9a997e1c69bd667119f2b65e2e5bb870eafa
four-method-motivation-six-domain-s2026-20260813,LowLightTrafficData,discovery,23,030,LowLightTrafficData/input/030.png,LowLightTrafficData/target/030.png,114693,267182,876ad0f4e05a836d3a903f5831b806f483a2a08c8cb55a23514c0854acae6569,93475754ea721fe2b09fed3175972c10f6eb838c0b79d611008d673786e086f8,28bbf3bfb90185a41b3af50f0d931530288eccdae71a687473fe716a9ab03586
four-method-motivation-six-domain-s2026-20260813,LowLightTrafficData,discovery,24,630,LowLightTrafficData/input/630.png,LowLightTrafficData/target/630.png,60815,225076,fcd621a27a1ba6afe69c218926dd8d8025b1c3855fb93932ce6053a2e9c9471d,be05fded8034cd8db87ac513bb45ae52cdf0047ce76ea51b7f1f993d2f7611ce,2a3ca2c66f9306ea49f8aa4846644e52cc711620a9063de8008fb386d44d8fde
four-method-motivation-six-domain-s2026-20260813,LowLightTrafficData,discovery,25,214,LowLightTrafficData/input/214.png,LowLightTrafficData/target/214.png,69834,241232,e70dc5efd745922c7a4059a9d32cb40c1898287f919dee0d2c698cc2188e514e,6ff3ba155c27f57d8a1a32926c0c65d7b3e45f3adfc15e1957d06cf91114b853,2a9563e953f4abec79697cceb657f74aec078970e1990975aa8dedb32938d56e
four-method-motivation-six-domain-s2026-20260813,LowLightTrafficData,discovery,26,078,LowLightTrafficData/input/078.png,LowLightTrafficData/target/078.png,81702,354713,734f14ee8956b7c665125431819926c91fb9d4abe00a8f7a230232c0159a0b79,57f3f7a04db5280ec3dc7b597b6a96d072ab4a992b308c40eea7a8490d790792,2a9f810a652b6843c7c82deba4e015e0f209a9d2729f3b4247f060022d9b3886
four-method-motivation-six-domain-s2026-20260813,LowLightTrafficData,discovery,27,579,LowLightTrafficData/input/579.png,LowLightTrafficData/target/579.png,21982,208116,4fd3c14d6983f6e4cea7103d3337e5502418ee2630172f92da60de9f48f0dcb7,10d0d7db097fa37fc415249614f7b10b38bb10528c4946e8f2bac4769a1944ef,2aa45e703e2cb46ead7c41d3051cc88d362709032168c20eac77cac8ef406c98
four-method-motivation-six-domain-s2026-20260813,LowLightTrafficData,discovery,28,678,LowLightTrafficData/input/678.png,LowLightTrafficData/target/678.png,35394,140566,0f7c2d235395f38f68bdbe94e0dbb13dea0e9cb8211166377911970db8e72a61,255ab565a3a69411b8bae6bbba62fdf8035e3cbaadc09d811f85413af22c0e57,2b730fd250bd71fac7ab1a5fa281492b8bf928d36e7bf15be6c7cc4a92da705c
four-method-motivation-six-domain-s2026-20260813,LowLightTrafficData,discovery,29,057,LowLightTrafficData/input/057.png,LowLightTrafficData/target/057.png,42304,221908,8bf0b11c056830f473f2ee27c2e6a7a7141f9306e6dfbb21a18f120b08cc23cf,2dea037d5ee32784831b840686108a5efc9766171693cd05f4d46d75062a8d71,2bc43fe67c33a9136c032d18d7f73cdcccfbeb5c73d463f6a96091cab6bac8e3
four-method-motivation-six-domain-s2026-20260813,LowLightTrafficData,discovery,30,340,LowLightTrafficData/input/340.png,LowLightTrafficData/target/340.png,23418,214734,2dcf6461a78f5f1989ebd40a544d3d9e9c9fb1c6d29724c19434c599f7613323,cb9a4d57e15a3390ddf7b0562e6965b52942b58237a5d2fcdc5172e6c6afbb4f,2bcfcea17f13debcaee888bb6da96105eb6618e5197b3c53170435f3f47c131d
four-method-motivation-six-domain-s2026-20260813,LowLightTrafficData,discovery,31,307,LowLightTrafficData/input/307.png,LowLightTrafficData/target/307.png,9138,230225,192176c1d1252b858fb11b8af146dcfaeb345a4a07534980573f0f35dcfe967c,f66792359119470eb829251f630a7462b647a21d2b35f195630704be2f8c57d6,2c634cd599d2547a3b524d040f31c316bbaf87f560709f16a5735da2a77d721a
four-method-motivation-six-domain-s2026-20260813,LowLightTrafficData,discovery,32,159,LowLightTrafficData/input/159.png,LowLightTrafficData/target/159.png,33552,248101,3c11d6dfc5458a90095034aa791a0442a72f976e830baa1cbfe078a081a18d88,a3db710c16e51b0467cc4fa8b2a33a5be553a66aabac1cdfa3a49458a69a0688,2c76ef6073954f7c6dea63c86b1b709dffd1f9fad965b3038fb65a5b6c219ce4
four-method-motivation-six-domain-s2026-20260813,LowLightTrafficData,discovery,33,628,LowLightTrafficData/input/628.png,LowLightTrafficData/target/628.png,16364,265552,0761c64aeab253a5a39f1b52c945290e6f437278416e4fbf61cabd992d35ae90,418c13e20ec0739b11b41f2466a3c99dce539c18c49e345e12f9a456111cc878,2cfedaa7c3ac0885cc93194fe542bebd77d28c73e097bc50c6336bfc69b3b3a3
four-method-motivation-six-domain-s2026-20260813,LowLightTrafficData,discovery,34,456,LowLightTrafficData/input/456.png,LowLightTrafficData/target/456.png,86037,311452,2d7571a10288211ac674996f42cab380b7c801a6af84024d9de9e32533cd898f,6cc0592dc25afd924b81afce0fa5c2493b0fec274f0f218c75cbea2bb74441f2,2d66ab8cac3b6ff0c3593193cf281ac6177db79e30f7a6cd8966913e6fef1518
four-method-motivation-six-domain-s2026-20260813,LowLightTrafficData,discovery,35,278,LowLightTrafficData/input/278.png,LowLightTrafficData/target/278.png,64601,227842,e6cc38721383058616a5064a2b0cdacbdf5f50255cf34d19fedb9f7e9dd7d602,1a176ae7e16979710c8a2146ba34a04e4171d6451b8741b1434f3813a197abee,2d71198f7fa51aee892093c4b2beeb195ecee5d76e124240cef221c1150f1a8c
four-method-motivation-six-domain-s2026-20260813,LowLightTrafficData,discovery,36,172,LowLightTrafficData/input/172.png,LowLightTrafficData/target/172.png,12805,211660,d4eddc9eb8fe0d6455d8f33473a2dfbb75591cbaa6be7f2415c5c7853b5370dc,bc450ebaf9481bd970c0717d231cdaf6768e2dd3905f4a882df2c9e92088ee19,2d757650d6aa2b7f657861d766deb00914f558f4928c71f9c7f855274ec7b335
four-method-motivation-six-domain-s2026-20260813,LowLightTrafficData,discovery,37,546,LowLightTrafficData/input/546.png,LowLightTrafficData/target/546.png,30392,311452,cfb6bf3f7f289c5bce17af3526034840da1e4840f4241fe11a1d5dc19a917a3d,6cc0592dc25afd924b81afce0fa5c2493b0fec274f0f218c75cbea2bb74441f2,2d9bac6a767a7728351e7bd4d3016ec4f010e7502ba3004ce18af6f7d33d84af
four-method-motivation-six-domain-s2026-20260813,LowLightTrafficData,discovery,38,252,LowLightTrafficData/input/252.png,LowLightTrafficData/target/252.png,13096,241488,a94fe46893867f3129cb75066a6efaf1fec340e3c9824a689d67a0f6339dd26c,12b88d87df9a7caabb75382065f957e8edcf508b69b23e7de899578fb8035df5,2db1c99fc5afe263fd00353be17c7fba9ed00d512e53d3fbc3e6f34016755c85
four-method-motivation-six-domain-s2026-20260813,LowLightTrafficData,discovery,39,288,LowLightTrafficData/input/288.png,LowLightTrafficData/target/288.png,24147,156117,cfdb7e0ec61affbf3027af127e4ff03586f98ef291d06c184ddb8db61b8fa6bf,cd5b6b72200d1cae58ed9d5a45cb35e79e44e16ce8c2b760ca600fa48050991b,2f1a097bb71206ee35a227e72f39fc97e5bb5f68754079e2358f5cf16037952a
four-method-motivation-six-domain-s2026-20260813,LowLightTrafficData,discovery,40,009,LowLightTrafficData/input/009.png,LowLightTrafficData/target/009.png,65905,141651,ad6ed6a4556b5202801819dc94fd922a5de07f2c5d57228f6d7a6e624c7b8cb7,9c94506ea9414b9625952141e26348cfc6d6a7479490a360cbf6edf69191e777,2f2067572fe2304b2691b769e61149465346aacc4801770d399a2e52497f68e2
four-method-motivation-six-domain-s2026-20260813,LowLightTrafficData,discovery,41,328,LowLightTrafficData/input/328.png,LowLightTrafficData/target/328.png,54306,229785,12f87643cf4e30c2a783604db942cf7b518369391c895fb9ac42b5f2a2b8ba71,ae4f54899b4d58d01794bff8019bbc70343de6ca763818f56f608bc107fd6ff6,2f8b13948b88767c9f9ac63ba7ebd9cd7d6175641b2158b6285cbc3ee1d7baa3
four-method-motivation-six-domain-s2026-20260813,LowLightTrafficData,discovery,42,484,LowLightTrafficData/input/484.png,LowLightTrafficData/target/484.png,42544,187622,93bae03b0b8b1d8f8c9c0f6e0601a9667e1c621a70b2047059dc5b4a60321dfe,4e3a437ee616e314855d639ef3b8fcfbd1f1fdd7b3501b20f12075c2c31dcebc,2f8d58c8f5582924a608f1fa4f0c605f4c36cb08a27b97222b9b444c7761c0ba
four-method-motivation-six-domain-s2026-20260813,LowLightTrafficData,discovery,43,422,LowLightTrafficData/input/422.png,LowLightTrafficData/target/422.png,74861,210802,61b69d3c60c017d0880a0df42e31dbdf193ca13de5e072f194f2c660a15abd06,2f8423ebf0170d278d27a004885dd1d0ecb114e7cf6e734b7475a1eeb7bf3b20,2fead0d773490493108904c7682a9080e7a64e25b228a75f15d45b47f9017d8a
four-method-motivation-six-domain-s2026-20260813,LowLightTrafficData,discovery,44,053,LowLightTrafficData/input/053.png,LowLightTrafficData/target/053.png,97320,323843,87e1b06007cdeae729c160f74e18c838fc6872509cd6a99ba2674494a6f90f82,2759f5403a79919e3c98d8154b05131566015595f86d7000387721914663e644,3016eac42d01722163ebc1d3b18e0e25ff2f6def3e72346e963682bd015401b7
four-method-motivation-six-domain-s2026-20260813,LowLightTrafficData,discovery,45,616,LowLightTrafficData/input/616.png,LowLightTrafficData/target/616.png,62552,361619,ec7afc6d231bf32192521404a13ccd3382bca93beb6a0a90683a9f9162a6944d,f9fd24e12530c91e1301ea0d44add554798ddde4bccbf141dcab688e0c6b9cf2,317b6c3f2fe5693707c5942984e291479f552ee891903a7730c52bf5efc65c97
four-method-motivation-six-domain-s2026-20260813,LowLightTrafficData,discovery,46,040,LowLightTrafficData/input/040.png,LowLightTrafficData/target/040.png,80267,212306,504b1428e23e650329fc091224a30ea9ef2188c19a6631190949ab74b2b169ec,90b5ea57c3f63d5616387b5e66a5367bef24712a430a550a2ed59e5319f47229,3231c36abe714229c818f7a7023fee292fa2e050730bfa9cb928d3d3e1021eb2
four-method-motivation-six-domain-s2026-20260813,LowLightTrafficData,discovery,47,490,LowLightTrafficData/input/490.png,LowLightTrafficData/target/490.png,51218,248821,239b0198e4f184f2a64fa3a76b338540491f6ab15dc8b30a83996905eb27525c,1844e34cb356c025ffecb743ace2c64dc41d5cfaa0f84f6716d33198d081ca98,324074cf31d6be422e149379f2cd872962aa0cdba76966c38a263061327bbd9f
four-method-motivation-six-domain-s2026-20260813,LowLightTrafficData,discovery,48,519,LowLightTrafficData/input/519.png,LowLightTrafficData/target/519.png,15154,210088,6856513b06bea84f4d8cf56fc3ce58a8754e24f24c4c552b8a8ce27d94ee6841,bccc12f83d0dbd81b8fbdf1f6ae118e3bc879dfd9fe66d5e8e64dc07d42e61f6,327e47d8c67790133f62befc1eaee1e5b030421273c3968b1cb29e4f6501bda7
four-method-motivation-six-domain-s2026-20260813,LowLightTrafficData,discovery,49,301,LowLightTrafficData/input/301.png,LowLightTrafficData/target/301.png,59483,207990,058a15d67e95d238fa51bcd931d1f65c0e4a312d7f14af9444fea32612c5c477,8e739bdf8e46bc73b8bf75c64bb9f8471bc53b0e8395bd77f5f81aecb60d2e12,32b85681911887a19ecda24677a859ca30fe0fb167dc6b1c4bc9795cfb734b53
four-method-motivation-six-domain-s2026-20260813,LowLightTrafficData,discovery,50,710,LowLightTrafficData/input/710.png,LowLightTrafficData/target/710.png,163445,388668,e2f784909e16706525cf025afad1680af689056f9a407125b8861e667f00485d,83300950000d806bb1ec4b360ef7629af0a3e125dbed2d50dcc472135cc40a8c,32dbcfc1fe94629534cacfb6f8ef7a42b1da439719bd3df27fe47b35594d364d
four-method-motivation-six-domain-s2026-20260813,LowLightTrafficData,discovery,51,687,LowLightTrafficData/input/687.png,LowLightTrafficData/target/687.png,66651,232109,3271c9c393ea8ce94147f8608ba5bce52106e2b8c5f661288685cb868a395b50,3854bdad475dbad67a351f08f53f0e9f1f1190800e2df5f81acafc3a4fe2b30a,32f3f7aa6c825478d93885d17fba19ba7394b980295ce865c395ba1b6736f39b
four-method-motivation-six-domain-s2026-20260813,LowLightTrafficData,discovery,52,304,LowLightTrafficData/input/304.png,LowLightTrafficData/target/304.png,4770,173689,a683ca96d94b5622274af28a43ac95d77758a0ffef0404e5738689c6aaadc4c9,a277e938aa1c6cdd846147d95009018bef365371e73e3ff106b84aa2cd250c4b,32ffc4355d42cb4181aaab07df52da510cec37548a6ec197d9061e9de381f365
four-method-motivation-six-domain-s2026-20260813,LowLightTrafficData,discovery,53,226,LowLightTrafficData/input/226.png,LowLightTrafficData/target/226.png,59799,247531,d506aac6585f2064ad7f4180c44e01575b48c46517744435ff9a4afceb203d0a,ab7b56ca7a6dfc7f4f2cd1475039d30fe81a119cb5ca580651d441b838903734,33c441c0849b1c763bba0f5bf8049edf169fcc837287683b52c1d4050af63047
four-method-motivation-six-domain-s2026-20260813,LowLightTrafficData,discovery,54,284,LowLightTrafficData/input/284.png,LowLightTrafficData/target/284.png,101218,405175,bc9ad293db6230486113d37d2c3cfad5658d947192c6869946394552302bd3e2,d766ab555cbd18d128815889031224fd98ee8f9f9493f791df4f55a95e0725a5,3480ba48c94c4d86938793203ed8d92efd2cf622acd246a4f31d77282bfae06e
four-method-motivation-six-domain-s2026-20260813,LowLightTrafficData,discovery,55,100,LowLightTrafficData/input/100.png,LowLightTrafficData/target/100.png,70617,205300,bfe149d93e77c0795226770268b637d4012d299c433b873828712d57558b09cd,4a797edd8e0ccafa6d73a51f1447f0739847464499c8d779ff8624ca3c30705c,34857e600e2653813ed756f031ff1cd3e1a1788095e856647d89967143406fa3
four-method-motivation-six-domain-s2026-20260813,LowLightTrafficData,discovery,56,048,LowLightTrafficData/input/048.png,LowLightTrafficData/target/048.png,19908,226433,bcf67bb93594ee962c9f09cc0b17c4fe70e187286dba9fb709054efab9b2b536,08acaee88f6aa3a4cec72326bca647ebfd9e33f283bffd282446d905ef98835e,3499ec9251ba55b3b15134cf460629a79f3326c909ddad148adbd31f91d169ae
four-method-motivation-six-domain-s2026-20260813,LowLightTrafficData,discovery,57,581,LowLightTrafficData/input/581.png,LowLightTrafficData/target/581.png,25559,248821,f3216c77c45e1c7c5582ab3e38c805c45d0682afbc03b088e24de92a737ce9c7,1844e34cb356c025ffecb743ace2c64dc41d5cfaa0f84f6716d33198d081ca98,34d981e14c34227c1e91d36e844ea6749bf69b5d8e3e45e392e7ef74f8991bf5
four-method-motivation-six-domain-s2026-20260813,LowLightTrafficData,discovery,58,426,LowLightTrafficData/input/426.png,LowLightTrafficData/target/426.png,36784,251013,a68f94ee7c51d76df171e9d51e3a2e7eebd6671ff9a364623db0df08bdd0cdc2,fc1535c49f3184aae328a1cbab75cea1b29cee52f6afac8bd00c01092df2e959,3551869b09b6bd4e818d9324ff5540d9a0f8c75d08e91dbeac37d391c4f678ff
four-method-motivation-six-domain-s2026-20260813,LowLightTrafficData,discovery,59,730,LowLightTrafficData/input/730.png,LowLightTrafficData/target/730.png,101255,289865,eb5b042ab487d165d174bd21d45902fa2b70373d305d633ed84015e3149e989e,eca460a08e82b2dc9542b4b9979e022eae95ae9c8d05ebcf326640026b37ff87,357e02ef4051419df959ea477c0cc84c1a323833935b76f8549ec797331b4223
four-method-motivation-six-domain-s2026-20260813,LowLightTrafficData,discovery,60,318,LowLightTrafficData/input/318.png,LowLightTrafficData/target/318.png,65228,250318,34e14cfe8af49239455881a40ac880ec160eab3ccd2bf8eacadc79febf944674,a075f7fdbfbdde74dd00e1d77caa097aaee63721b0e6b8d0c9c80e5a519b1284,35a67ac40edfccad054b34312680acef92205681236b15476356235cd0a721ed
four-method-motivation-six-domain-s2026-20260813,LowLightTrafficData,discovery,61,370,LowLightTrafficData/input/370.png,LowLightTrafficData/target/370.png,25125,405175,7831663ab2d22e45ca7567af85342ff619769ae7ba8eefc0ed29b16a53b45fff,d766ab555cbd18d128815889031224fd98ee8f9f9493f791df4f55a95e0725a5,35ae21ae5de3950a6ec7f203dd054d8b4f5be759d188af90d2c4dfa0285ba1b9
four-method-motivation-six-domain-s2026-20260813,LowLightTrafficData,discovery,62,661,LowLightTrafficData/input/661.png,LowLightTrafficData/target/661.png,40809,361619,1d7f05ccea028f7016ecae324fae0bd41c7ca2f1dd10072c7c1404069522b1eb,f9fd24e12530c91e1301ea0d44add554798ddde4bccbf141dcab688e0c6b9cf2,35ca6fa43c6296c70afb096b602f9e0a2c91fc6bba1f6340b681f2bb48c4c7a8
four-method-motivation-six-domain-s2026-20260813,LowLightTrafficData,discovery,63,156,LowLightTrafficData/input/156.png,LowLightTrafficData/target/156.png,66933,293768,2ac25235c23bcce61d068bdf90af0e6a0a35865a8d180e520e5b7df6723e970d,81d8aa36f05a30cda0331de72387e02866c4805802fbdc996edf9f597c1bb010,35dafad450fc53dcc50982a1257621697196b0c67e314b05f2ba50cd231482dd
four-method-motivation-six-domain-s2026-20260813,LowLightTrafficData,discovery,64,446,LowLightTrafficData/input/446.png,LowLightTrafficData/target/446.png,36330,286159,2bacb41807d2e5ffffcda090acde8af0e5a42e6d4ea796c372242e145cd5d7d1,e16979c77486aac8bf15dc532d451a905fbcd9adcf0f8ac0ff86e26af0843abd,37e51c334b73206b4f185291f037850dafc037d601f3d155933358f59a395951
four-method-motivation-six-domain-s2026-20260813,LowLightTrafficData,discovery,65,471,LowLightTrafficData/input/471.png,LowLightTrafficData/target/471.png,17844,214905,330ac32deb9d2905fbacffa7b95bf0d393f20c05e87fa4f754e451a769a9d7cc,c0bd9e05fa5113c6745c1471d5f97f60c042dddf42ea6ee2073d9e0d0a1f6545,37f966b1536b750824a6a82a997b6fcc718bbb81d56a3e01bff310d2965c5efa
four-method-motivation-six-domain-s2026-20260813,LowLightTrafficData,discovery,66,613,LowLightTrafficData/input/613.png,LowLightTrafficData/target/613.png,23762,153625,c6c54d21a357c33bd96a1b64c9a48c13809f27d073b889ac3a26133184dcae14,4cb5953091098f942eb4e06928c77cd03f54a73bd64a9dc702aaf923fe8ca4ea,386c205db6117c8b76a8ba803be3009371abe581af000e1a25394ef44e6d3415
four-method-motivation-six-domain-s2026-20260813,LowLightTrafficData,discovery,67,655,LowLightTrafficData/input/655.png,LowLightTrafficData/target/655.png,20629,250880,41dbd6bb69a63302017bbe1b4b8883a00ed107fbe953bdd4fc0b197c4bbd51c0,b25507a4f1913ca366ef87f8e1bc7eda5c4e8a1178c73c9cc79f3cea6977f617,38f725717181afc79a6dd40b3d701daf18f17221b2276b5e4adcb603fb7441df
four-method-motivation-six-domain-s2026-20260813,LowLightTrafficData,discovery,68,015,LowLightTrafficData/input/015.png,LowLightTrafficData/target/015.png,51904,221908,78f4b34dd040d219a69856e2b0933ac1d43fea5861d120adb86021acb954997c,2dea037d5ee32784831b840686108a5efc9766171693cd05f4d46d75062a8d71,3902437f0163bae08ae4eece4b70749e001aaa1665ec6fe1bddd2b2161f6bf10
four-method-motivation-six-domain-s2026-20260813,LowLightTrafficData,discovery,69,248,LowLightTrafficData/input/248.png,LowLightTrafficData/target/248.png,66509,234422,6197113fb7ee2f880ea97b2202f4d4a7a951062e40c5e0e6c8b81d286d2051bd,3e68120ef0bd767eca5ecf2dff6793098d2b210036b5c57ebc2b0dd070f46e1d,391c521073da21d670f293317b9ddea6b277c3992af885aeb58cb3fb2afa436d
four-method-motivation-six-domain-s2026-20260813,LowLightTrafficData,discovery,70,433,LowLightTrafficData/input/433.png,LowLightTrafficData/target/433.png,28133,232356,b7452bdf1c696af9efaeb56a8fe11fb47dcde8d90ab6964ba4a4bf5ccd56a481,b0d60f5bd2f6e90d7e7cb9acad03d2d01737722f485063ec5e2c480b73c30552,397c6111de10c083ad9aad2a6d502f275a47d02015d1f5a4475ff3e6b658e1e9
four-method-motivation-six-domain-s2026-20260813,LowLightTrafficData,discovery,71,504,LowLightTrafficData/input/504.png,LowLightTrafficData/target/504.png,23270,385697,4095fcb75f59fad70e213dfd7d65328055ab87199f9411ec8e9ced084926a63b,44b61912c7ccf18ec86a47beacadf97f214153ccbc436b08f486bed7ca14bb0c,39e4b9261a316a26f32e584f502f2c495afcc60ca1f2f85c36d0a2273b314df5
four-method-motivation-six-domain-s2026-20260813,LowLightTrafficData,discovery,72,199,LowLightTrafficData/input/199.png,LowLightTrafficData/target/199.png,68681,186102,0d9fd4c8709b93dae99cf5c5709a6a7cc5121592f387ac722fdad03190e91bb9,8de1b75e66cc083e186b7bf2211bfd86b2116358297f3c25a4ce6c921c6405a5,3a1fd8b1555376af79a3b60fa94b3e10468da74bb092fd3e8bd18c08c23f2c30
four-method-motivation-six-domain-s2026-20260813,LowLightTrafficData,discovery,73,566,LowLightTrafficData/input/566.png,LowLightTrafficData/target/566.png,97772,277935,5e2feb19a7eef3c44ae541b774aec68b44e7d62b6205e68414b2255e4f082f31,270b8795a6fd5ad2c8628c5642fe1730e164fc7dc977024ef1c9e7fb0f41f9f2,3b27e073aea439c18968a477c8d7f214b301b32bbc91d081b32f20fb79622f60
four-method-motivation-six-domain-s2026-20260813,LowLightTrafficData,discovery,74,582,LowLightTrafficData/input/582.png,LowLightTrafficData/target/582.png,34136,265552,856e57d8855ad45a1bfe113ff4a767e55bdd2af35115dd7417b49102ea9364cd,418c13e20ec0739b11b41f2466a3c99dce539c18c49e345e12f9a456111cc878,3b885ca5ef9b443f2290bb792ecc74e308366aa3bca1d04fd7c3152971d273c2
four-method-motivation-six-domain-s2026-20260813,LowLightTrafficData,discovery,75,136,LowLightTrafficData/input/136.png,LowLightTrafficData/target/136.png,10002,141651,6daa522c67c2f5c004ddf80d10848382d7ce80888716f9d72ffa5f737c7958ac,9c94506ea9414b9625952141e26348cfc6d6a7479490a360cbf6edf69191e777,3ba59073f3f2f4e811493d60524364735dba57fa367804c9a5c19f26f5483bf1
four-method-motivation-six-domain-s2026-20260813,LowLightTrafficData,discovery,76,099,LowLightTrafficData/input/099.png,LowLightTrafficData/target/099.png,33214,221908,b28c45086edb583cbf0489c4c3e66aa635c6b01c0ccb72ad4679b8ef18fe3511,2dea037d5ee32784831b840686108a5efc9766171693cd05f4d46d75062a8d71,3bc5b82c9ee26980f1319b3969db4a6ffea939ccbc18aa2ebde802b93e0a2df1
four-method-motivation-six-domain-s2026-20260813,LowLightTrafficData,discovery,77,010,LowLightTrafficData/input/010.png,LowLightTrafficData/target/010.png,129215,323843,52597537d7abe355da789b0e8afd874ff6cfb29f74933148fb2e5e932ad866c3,2759f5403a79919e3c98d8154b05131566015595f86d7000387721914663e644,3c9b0b327d2f7f5eab9d028026fdc6668a671f9207767d1873212a230c1139b1
four-method-motivation-six-domain-s2026-20260813,LowLightTrafficData,discovery,78,280,LowLightTrafficData/input/280.png,LowLightTrafficData/target/280.png,9405,236545,649586a8766b9150129226cd2e6894944c802d2190e5a2a805589d8d34321a90,35dd8068ae86bcf41bab6310da039a453b136f0574e9ebbf638a691fddf021c5,3cf0fd08c264d931b41ac6d7b803f1e13ef6b2a7d94624772bdce41339e298d4
four-method-motivation-six-domain-s2026-20260813,LowLightTrafficData,discovery,79,711,LowLightTrafficData/input/711.png,LowLightTrafficData/target/711.png,26974,169354,1ec216090f91d872ac51850f240524fb9130c3288d39c7f588bba119eccdbf86,6105ffa6baa96e3f0dfae065699d84a2dbb665b5ff2feeddfc6aed2d6cfd1018,3d3549e882a0188578272eea7e36f3a31f057778a31938da40a0af95b77d02ec
four-method-motivation-six-domain-s2026-20260813,LowLightTrafficData,confirmation,0,222,LowLightTrafficData/input/222.png,LowLightTrafficData/target/222.png,10219,174275,09a065d4fc5572128aef3bd5e7d6c71120b19ccf26c09959612ed9c102a02f1e,4810ff837e34e105170b3fff641c0f59ce56b8efe8cd697c57d5483c56dd89ca,3df3e3197831b1c038a2f56d5eaef80cc11d88f39ff2d76f93a2a13affb7f75f
four-method-motivation-six-domain-s2026-20260813,LowLightTrafficData,confirmation,1,494,LowLightTrafficData/input/494.png,LowLightTrafficData/target/494.png,37706,223939,231ab4642e27e5fbcf71ae6ead1d382d9fe1dae5f0432073d5452a89746ad4a5,a85213e02fee36302c8111ae65862785f762c3f446b3e1edf36e156f070ec04b,3fbdb039856077fcb7b67c086e15d23fd61e31723bacff94620245b15b6c9154
four-method-motivation-six-domain-s2026-20260813,LowLightTrafficData,confirmation,2,374,LowLightTrafficData/input/374.png,LowLightTrafficData/target/374.png,92669,385697,a51ae4311cfe4b3c5cc1402dacc607d70dc317deaa74edadbfdbe8fd2dac82cf,44b61912c7ccf18ec86a47beacadf97f214153ccbc436b08f486bed7ca14bb0c,3fc7da6ef2b122ab1510dee3126307be532a233dd876158319a2e434e96d6c6d
four-method-motivation-six-domain-s2026-20260813,LowLightTrafficData,confirmation,3,330,LowLightTrafficData/input/330.png,LowLightTrafficData/target/330.png,14795,183661,242c80cae674a3efeeaac2f20a579589bace529a01b8c0512e15f9f6f0f739d9,82bac2dda917e3004eb039286f8dbb01cc23072e6fddf52f51499c8a952121d0,40c785881d932a8dd10e3abe18fe8ce56bf678bb4a487217b232667ef64cdd60
four-method-motivation-six-domain-s2026-20260813,LowLightTrafficData,confirmation,4,707,LowLightTrafficData/input/707.png,LowLightTrafficData/target/707.png,15621,248101,ae734a3ec88c34eb655864fa02e614f31da55ee6b37189bd26859648e60829be,a3db710c16e51b0467cc4fa8b2a33a5be553a66aabac1cdfa3a49458a69a0688,40d98c211ea9cf3e0ac23a6996810aeb9c1130de36c0cbff3cf323bb15a6822e
four-method-motivation-six-domain-s2026-20260813,LowLightTrafficData,confirmation,5,679,LowLightTrafficData/input/679.png,LowLightTrafficData/target/679.png,47279,200803,afed94f170cafd2c40e03b1f6a9169476dfbd02171359bf96c09a28f9c3f3db7,994662cba1d8bd5b6dd1a10ca99e37b68714804decc111337d2971dbebdb361c,40ddc492fa5d759003916bf7b2c25beff6f287f3ddd81314f317db35e27b5d8b
four-method-motivation-six-domain-s2026-20260813,LowLightTrafficData,confirmation,6,286,LowLightTrafficData/input/286.png,LowLightTrafficData/target/286.png,22453,250249,931b08f187d5172c0412451a4b7654025004c416d2a146dac42a11b8a7d67fad,2759757daea1d57aa4413b0feefef5584cdd99864c33237412776c48fe6f8d85,40e84030110aa5131dc57f02249a7bd101886e641eac680de057807f30706654
four-method-motivation-six-domain-s2026-20260813,LowLightTrafficData,confirmation,7,394,LowLightTrafficData/input/394.png,LowLightTrafficData/target/394.png,68027,328016,4c805a81f393785ce325cd3ee9464d50b8b04e30f168358bd3ab87d4e867b13d,38035ec73bb384de4b329f8f2fd76bc283701a666c32e227185bb3c05a6e1b43,41167e6eaf80fd765b8d9840a5b3d3358bbf84b56610e732f6d527978c05cd4a
four-method-motivation-six-domain-s2026-20260813,LowLightTrafficData,confirmation,8,024,LowLightTrafficData/input/024.png,LowLightTrafficData/target/024.png,66768,539563,2edd91dfb7d57f2ac33b3b90c3831708cc54548bd2082333468dbc20988c8fa6,53ac7bb06a2772f6b4fef711e97b29793d712fc257c57f239dd5ed1274f0f76d,4148806395183bafae94ee8c9e63200eef773573317d693bfe1fa989896ab0a2
four-method-motivation-six-domain-s2026-20260813,LowLightTrafficData,confirmation,9,268,LowLightTrafficData/input/268.png,LowLightTrafficData/target/268.png,8138,211272,9bcfdde01e86cad2f05b8401176c67b3d0ce1cfe14aac5ddba151215bb22d5d8,c16e61c96929799776c85e3ba075eed63454b5dc92c264ea0bfce36143de236e,429f49ea59e6711128b39251e81a174fc4414354c1c202e548c707c7614e766d
four-method-motivation-six-domain-s2026-20260813,LowLightTrafficData,confirmation,10,142,LowLightTrafficData/input/142.png,LowLightTrafficData/target/142.png,71693,211272,9a547ccc07f5d9b1fa060c42f81c5f907da887ad705b1287b21e85c291bffd69,c16e61c96929799776c85e3ba075eed63454b5dc92c264ea0bfce36143de236e,4313c8e0795f74be1c911b4c019c42ccc4fc1b3aa32f9bde81a04c8419eef5e1
four-method-motivation-six-domain-s2026-20260813,LowLightTrafficData,confirmation,11,424,LowLightTrafficData/input/424.png,LowLightTrafficData/target/424.png,42343,244196,345aed4d854afa4d780b44a2994999ff7c97cc88b492c07d2ce8af2eb42dcff2,3c876574756d8bc1f2cde381e5e67b35c3bb7a7d6a9f24fcb0e75452657ab220,43944947e78f3edc2d9b2cafa180d421796deae971d542994a9fddaaa19098ba
four-method-motivation-six-domain-s2026-20260813,LowLightTrafficData,confirmation,12,733,LowLightTrafficData/input/733.png,LowLightTrafficData/target/733.png,23728,201821,fc7ae5746a2bcffad5e66fc7ea584d97cbeaad858ef3e600b4ec488c5e90cf1f,b01d339c0730f4f2558b8a831f0c473fd327c3a4d27998fc534125a2a79bfe90,43b219e7c4a0918c0aa46500b1b5ffe989c6b60f45193d2862ec79e8feb02eaf
four-method-motivation-six-domain-s2026-20260813,LowLightTrafficData,confirmation,13,232,LowLightTrafficData/input/232.png,LowLightTrafficData/target/232.png,41917,164818,b0b50e71408fafd51d668722e77fe8e198abf00d0c730318a54558d140acf0df,f1773400f713dcf9ac327c58ff9b0202652e063172c14c63d39bc1ab846565ad,43c6dc4245f9f978b04626ca1f6a246c067b10749bc52bc1968acf33cdd78e79
four-method-motivation-six-domain-s2026-20260813,LowLightTrafficData,confirmation,14,111,LowLightTrafficData/input/111.png,LowLightTrafficData/target/111.png,49294,166624,002aa607a351206567659a44b41989b0e30260fecd7f8b47eced911740e8eaee,7639944cf874cd0a510ac0e8701c66efa39e2c7899b7ad9e273e70341df5fe20,4427c4f5fa1eb78ff20d6b7329dd081b154b20034cf194a292da67f1db4e8f90
four-method-motivation-six-domain-s2026-20260813,LowLightTrafficData,confirmation,15,680,LowLightTrafficData/input/680.png,LowLightTrafficData/target/680.png,1708,221959,25859b6d3318e847d9b86e1aa3279da1f1877627a59206e6e00406a41005c14c,4f40548813a3f8c62472329b749d9595a1b5e80523d47779a24503b14ab998d6,4441aec7f22d9cb885c30cb634597e9394116fbe5ec368f8f423fbb4a8919ebc
four-method-motivation-six-domain-s2026-20260813,LowLightTrafficData,confirmation,16,285,LowLightTrafficData/input/285.png,LowLightTrafficData/target/285.png,10831,200485,6f28eac06de3196bd7bb1da46ca425ad6932ad55ecf44a9e94acae9f39fcc4fe,f9ec4bb621f45f55a047db1c2e3c1eac9f84152dc6795924bd16ecc00002bfde,44ed76513f3f4b8b1d05e2b04a38f3dfbe162e9b3b97e2a694b2f641006b8465
four-method-motivation-six-domain-s2026-20260813,LowLightTrafficData,confirmation,17,277,LowLightTrafficData/input/277.png,LowLightTrafficData/target/277.png,31781,199409,b82f5804695ac33bf06260cf2d2fb77501c6215d0380310d76ca0e4b7932ded9,5bb081b6aef6b0ac8e080166d3d2d494c3a25eb23af7b94cdd25d3a92a25c7fb,46361d6e9099fd0a699f28c2f34438f5d1aa7cd49ad49ed37ad98216bff38edc
four-method-motivation-six-domain-s2026-20260813,LowLightTrafficData,confirmation,18,147,LowLightTrafficData/input/147.png,LowLightTrafficData/target/147.png,69131,236379,8fea1cf8e5ff89494f3e10ff84416387478f294a00acde9f19c3ab2dcf7e303d,3b704770136493dfe37cb078e9e3e694c8f9a49b1c8acfa2efb1188406090a4e,473aa7198a4d4471ff266754670e84b56d1b7f89d16f57714c9f9202fa6dddb7
four-method-motivation-six-domain-s2026-20260813,LowLightTrafficData,confirmation,19,122,LowLightTrafficData/input/122.png,LowLightTrafficData/target/122.png,15284,250042,e16329ea1fb625317ef1889bed9aa41eba723c1416c1a97e42dce718933c536c,a9fe8e281067afc747d45821d89c8c72ec825f33031eb2913e505e8fdf039ae3,476aadf8c93b908ea3cb9f9a9c559447e0be87610887aad23494383055221c15
four-method-motivation-six-domain-s2026-20260813,RainCityscapes,train,0,0790,RainCityscapes/input/0790.png,RainCityscapes/target/0790.png,255564,222220,4f9baea443dbbdf80e4be8fa9e70146e7ffd3c05419bb5947cdae0a74bd16225,ed8156df323b1f6f198f5b40f4347215c41e0736594111b0f0ad642df56e8937,001c8ed4b3948f52457a7abafb4269d2a095584120899c33d930580d295367f0
four-method-motivation-six-domain-s2026-20260813,RainCityscapes,train,1,0049,RainCityscapes/input/0049.png,RainCityscapes/target/0049.png,245168,223466,5dfabafe377b3655adbc98f9a1dbe86bc1133416f3efb006fb18d269787111ca,84f1042e5e28b998722fd19e63716f1f72145a9a782a362ab5708380d8461720,0037b3bae9109061b4a74f6295a0d5a43c09aea92b4d81fb5737bc8145d2eb63
four-method-motivation-six-domain-s2026-20260813,RainCityscapes,train,2,0253,RainCityscapes/input/0253.png,RainCityscapes/target/0253.png,233356,242000,4f16538624dd2ba95026abd9e9e03d6ec54a4de802ad287c27e49b01d23886aa,26e637438072052f0d2e229eadf95a215cab702df1f04551bc0b883a0d40984a,00586f9091c1ef6344d6898b835b813e65b7bd94f1f09b35c226c467376adb31
four-method-motivation-six-domain-s2026-20260813,RainCityscapes,train,3,0375,RainCityscapes/input/0375.png,RainCityscapes/target/0375.png,212364,209106,9e1553c6ebf58f58eb199b74eae4df8c24e4e6dca49ed267a53d66defe8eab75,e72ff823eb2747addab5752c85f4212f70b436def2bab71aa9228ded5912ec8b,0070fd8353c20138423afd25d0ca0da3db3fa5d1e812b95ebbcf91e580dda714
four-method-motivation-six-domain-s2026-20260813,RainCityscapes,train,4,1183,RainCityscapes/input/1183.png,RainCityscapes/target/1183.png,223665,207134,fad4dd732e24692e4a560d07d1a331544f6f934589971cfb6b12cea253bd4dbb,9e83a8c63e5bb3a86acc8d23a27fcffc6be3fa0ceb4dd6c9f0980f25f2b2673a,0109a46a97135e5b8f4c5c1c3bfa2a621062f06bac73a5a6dffe19be8b738f9a
four-method-motivation-six-domain-s2026-20260813,RainCityscapes,train,5,0415,RainCityscapes/input/0415.png,RainCityscapes/target/0415.png,216881,196339,e83acd988a37eb44f5d3f2d1b16576d121caa8200767ac81d5ceb11f38b1b416,95582eb82efe86840b18aa2704d1ab46d2ac944b25c1dd4ec71b1ce3fef126a4,0135698f8c4b4300501e20ef9dde675e95c414f57ae7324cc87b9ae9858022af
four-method-motivation-six-domain-s2026-20260813,RainCityscapes,train,6,0039,RainCityscapes/input/0039.png,RainCityscapes/target/0039.png,232647,237879,6ee9f63bf9a0aaaf0052206af999b72691661f044955540b7ae1728e3644f982,9e3989156fc6f471ca2c4b1fe3c634369617d3940dbd702d46f54831629ec468,014886944b8f19b05295e516e1a282c62ec82ab0e6b3bbd4f8edbf99560026b1
four-method-motivation-six-domain-s2026-20260813,RainCityscapes,train,7,0402,RainCityscapes/input/0402.png,RainCityscapes/target/0402.png,213107,203552,4c9cb2ec77321665841d18ee284e299bca88af730ebf4f6dddbef45937f327c4,ab1520f3a08a6fdd37d694aa3c3bbdf7ec86460e2829588def6dbf0985888edd,0150a3e2ac8b1159a231a287a01813cfab884baa094c73af6e93983995785bee
four-method-motivation-six-domain-s2026-20260813,RainCityscapes,train,8,0661,RainCityscapes/input/0661.png,RainCityscapes/target/0661.png,213006,185058,5bc250097bcfb84bff2738f32a801cd7118c6fa2bc4d5a7b69db90f98a7a46f8,f730fd39761eed371cec5519f831c68cd99b3c02d907e311e0ec2ed42521a63f,01ed7a164351ff53f529f570d21571d58e5fc0784da4f47ebf344fae92c6eb28
four-method-motivation-six-domain-s2026-20260813,RainCityscapes,train,9,0630,RainCityscapes/input/0630.png,RainCityscapes/target/0630.png,212950,214269,815a48744da02f2992d1da2a16f3ed16656b0e8d4bba35874c802accf7f077d9,c4f3ea09735f0dd7b1fedbe13ab08b5a82a28da144b706e011863518a3b52376,020e8644d222cf581cf1ecfb884bc63b0bbb286a712d92fd38f74f0c23a421fe
four-method-motivation-six-domain-s2026-20260813,RainCityscapes,train,10,1156,RainCityscapes/input/1156.png,RainCityscapes/target/1156.png,221960,216026,215f2db1565983464a5c96674d5d905962ea17d29f40a3ca7037d98c95070601,6f2616a551e208884b919586f9e78e4f8b588fbc4ee780c36068801f7939949d,0248ae46449ef81b05b2dcfbc7ea40c6638915dd9a0619e6048c5c481c656ce9
four-method-motivation-six-domain-s2026-20260813,RainCityscapes,train,11,0728,RainCityscapes/input/0728.png,RainCityscapes/target/0728.png,212273,208560,7cf6f0940eb1a995a5fe7a1a93ff23e7542d227280f9aff631c0697e4f22ca6f,c5a5be01530c264c2f25dc17ebf811ac09e818ee141fe3f2dce435fd3459e78d,025b2e6e2845d5891020d7554e70c15d45812b1be986b050223cc3c2630dd224
four-method-motivation-six-domain-s2026-20260813,RainCityscapes,train,12,1154,RainCityscapes/input/1154.png,RainCityscapes/target/1154.png,202248,214694,e3179ab0d65f0bdad97a74d7a22c3fd12f76fe29eb7a99bcdf198489b4051fe4,0d34d088fb2b2f3f4495357623e9206d5e40cb4d8135bf03d9089496ba252d7d,029d5e3929aafc88dd441b12f471d791901164ece60fd829bc819f1dc94b5161
four-method-motivation-six-domain-s2026-20260813,RainCityscapes,train,13,0494,RainCityscapes/input/0494.png,RainCityscapes/target/0494.png,228088,237879,94033f6f13ffb083867a0ee6b511bbc0725e663d4ae805b4a9b5ebff98df74f9,9e3989156fc6f471ca2c4b1fe3c634369617d3940dbd702d46f54831629ec468,02ec848b67520b8e1c1c7c8ac5bb11cf9b92a9ca5303cb1c4634604ba08aef90
four-method-motivation-six-domain-s2026-20260813,RainCityscapes,train,14,0313,RainCityscapes/input/0313.png,RainCityscapes/target/0313.png,180236,193078,1ed471425353d870bc91166b48e2567d5984c1c7f7bb380afc8da715e76b4806,912315b3722ade1c056a3489e29c251ba1be4acbb540ef859f8e4adbb1920b94,03052eeeb281464b1dd9f7d909734353e5ae3f3bdbbaaa3077d523b19ff14b2a
four-method-motivation-six-domain-s2026-20260813,RainCityscapes,train,15,0673,RainCityscapes/input/0673.png,RainCityscapes/target/0673.png,208637,209424,bb56566edcbdbf6066c8c8ad5311c3c8401c27f4cced208db9edbbf0cc3abbb5,d55bf30ba1757631b4cba14260c32c422fc53c939f7445118c18823a1d1c81e7,0307c1fb9b4bc573e2807cfe67380006a05693f5f280d5f0cc9c21f230009f77
four-method-motivation-six-domain-s2026-20260813,RainCityscapes,train,16,0465,RainCityscapes/input/0465.png,RainCityscapes/target/0465.png,193777,209836,170b54a4aade91f0e581c6cb831ed8ce23ac452cbce57405338421a6ec8486ae,a2433e47b02b872acd38b3518eed21fdbc5c7ade8e71e1854be9c590ddef1a42,0323fda24221245db75cb861639f891eeef47f865236bd47dc90eea348403bb3
four-method-motivation-six-domain-s2026-20260813,RainCityscapes,train,17,0515,RainCityscapes/input/0515.png,RainCityscapes/target/0515.png,226123,209106,66d4716f1113a7d022151df0162083226d340180d8c784eefef7f6e27717eaf2,e72ff823eb2747addab5752c85f4212f70b436def2bab71aa9228ded5912ec8b,0361057a104f83d2286397aef1d55805357eec31403f8f1246f22d2d92f165c7
four-method-motivation-six-domain-s2026-20260813,RainCityscapes,train,18,0377,RainCityscapes/input/0377.png,RainCityscapes/target/0377.png,234083,209106,366aba042fa368781be38e69bcb8ff82c48ee10a20d9541f76e706abd92c4c10,e72ff823eb2747addab5752c85f4212f70b436def2bab71aa9228ded5912ec8b,037e064ba82b617a23024f0e78b9708493964aca40ca99d114ed9c22e2fe63ca
four-method-motivation-six-domain-s2026-20260813,RainCityscapes,train,19,1101,RainCityscapes/input/1101.png,RainCityscapes/target/1101.png,222518,237879,25a08abb0cce789efeb5facaf7e4dc927af75356862d78a68c60405b173f7ccd,9e3989156fc6f471ca2c4b1fe3c634369617d3940dbd702d46f54831629ec468,037e9c6c694721bd32b363e49c1b81ad828b7220f1691926929e25c3f1f64f7c
four-method-motivation-six-domain-s2026-20260813,RainCityscapes,train,20,0599,RainCityscapes/input/0599.png,RainCityscapes/target/0599.png,215421,213064,77715986cacbc6010c1bc056a2e4d4343f9eaa7f63397a16195eaf0c9efd94b2,66542c6b85cb06e37840caffef01fe7cf36b745ec6533a4ecf43540b67240254,03a3b0e528ba4ae57a695d616d0f46afdf1a0798db64ae78ea4e72cceedcec47
four-method-motivation-six-domain-s2026-20260813,RainCityscapes,train,21,0620,RainCityscapes/input/0620.png,RainCityscapes/target/0620.png,201739,199434,6ddaceab6bf3968a6cbe6884aa7deecd8e9a840acd22a89c79d7e213b66828b3,61ff60eb0cf1028ca95eebdaf3f039aee205d9cbdf12e98230c247f2efc79d18,03bd51081c76bfa91bcf76e2f792024544dec03e48e13175fd4dbf1d72047980
four-method-motivation-six-domain-s2026-20260813,RainCityscapes,train,22,0162,RainCityscapes/input/0162.png,RainCityscapes/target/0162.png,174398,187740,a4b048ee41c8d8dbf4411904957988332973fc69ff81a6308e9ae12c5d3d1fbf,75bfe66943c6724c9c55fb528948755eef883a4dd8c2a957d87800ca6d4b6c24,040315390cc9d897be18b64924a70f6b6095dfccbe65310b47dc22d1cc6378ec
four-method-motivation-six-domain-s2026-20260813,RainCityscapes,train,23,0941,RainCityscapes/input/0941.png,RainCityscapes/target/0941.png,203326,204556,abc24fdc0d1e029c2d3afc85da8aad72717014af195f012a72b2ca17b15c14e1,cbacc4c204a32c6877556d8b22fc18f2987c1825ab2bbe643930925da381026c,040695676d21155c96771bf1aa12fe3af98b2113f145fce4ae6abc2daf91caef
four-method-motivation-six-domain-s2026-20260813,RainCityscapes,train,24,1135,RainCityscapes/input/1135.png,RainCityscapes/target/1135.png,204602,213064,ce913997b00690cbaa5311a453be043a07d018c0c34096188f73eb909447f849,66542c6b85cb06e37840caffef01fe7cf36b745ec6533a4ecf43540b67240254,04300f4cac776a1ef63ba8408c8dcb7fe2c963a4c5b7bb4b47a117ce0a7cecd1
four-method-motivation-six-domain-s2026-20260813,RainCityscapes,train,25,1187,RainCityscapes/input/1187.png,RainCityscapes/target/1187.png,235852,222220,8f2f6378e5b732ed6eae11a476cc976e43c6c6b016684a579d2588a441ba397b,ed8156df323b1f6f198f5b40f4347215c41e0736594111b0f0ad642df56e8937,043f24347fb707ad62c1a7e7ccb3ab83754638e25b75b45f2095f47c24afefcf
four-method-motivation-six-domain-s2026-20260813,RainCityscapes,train,26,0656,RainCityscapes/input/0656.png,RainCityscapes/target/0656.png,209904,216026,0ef7dd672d6c69c409b55bd76e49bfb8d2b82635d070f1f6753774fec7bc11d9,6f2616a551e208884b919586f9e78e4f8b588fbc4ee780c36068801f7939949d,047807714c21a5d80d663a97197bcea38dcd3c967af4110523db33cecfb4a5eb
four-method-motivation-six-domain-s2026-20260813,RainCityscapes,train,27,0004,RainCityscapes/input/0004.png,RainCityscapes/target/0004.png,238046,228655,d19a6d99f3fce54b42b74182b658e38c2d2f95771b54a4aee5c83e6720f794fc,17ed8f70f612b848880d6400b8d2d9a488cb5a98d6a76f324ca3d71cc5559da8,04edfadfd38c852ab937de51b030390815a9157ddf74015331a43d240c05b4c1
four-method-motivation-six-domain-s2026-20260813,RainCityscapes,train,28,0233,RainCityscapes/input/0233.png,RainCityscapes/target/0233.png,215732,213064,a3c47f4c95127e05518032ce0f7b85ed60fe87679ffe228ab6fd0710e39ad3e6,66542c6b85cb06e37840caffef01fe7cf36b745ec6533a4ecf43540b67240254,052c49cfc470b3ab681a68ea32aa2f30c47f405730f6f83244e151dccac1fd43
four-method-motivation-six-domain-s2026-20260813,RainCityscapes,train,29,1126,RainCityscapes/input/1126.png,RainCityscapes/target/1126.png,209186,189690,1d8d37636b7b66cfce852385356f952bc13523cdb96e2302a42b2d06020ad843,9713647dabf8ebcafec1f85e81b3479a18adb9bd9df742af2d5966a968163e8d,0678907d3c5a394723addb6e58d4aba180ce59e59659c80441b01cebcb7adb80
four-method-motivation-six-domain-s2026-20260813,RainCityscapes,train,30,1069,RainCityscapes/input/1069.png,RainCityscapes/target/1069.png,204279,209424,b5cad17ecadcb92c2132c2dc6a6cbfadbc99ef605d704d35c6eafb2f39980ee4,d55bf30ba1757631b4cba14260c32c422fc53c939f7445118c18823a1d1c81e7,0679f9ce65f5368f9c7f671759934c7b6dddba1f6c48cfdc0a631c418aae1a45
four-method-motivation-six-domain-s2026-20260813,RainCityscapes,train,31,0439,RainCityscapes/input/0439.png,RainCityscapes/target/0439.png,230402,214269,814c2672d9722d98a21e8972aa7600f29aeee1ce89bf903216c798ed17feb93d,c4f3ea09735f0dd7b1fedbe13ab08b5a82a28da144b706e011863518a3b52376,06a6e6ae466b1d6854913569f8f6ef60c1093e79ef4e4489a1039542266d54dc
four-method-motivation-six-domain-s2026-20260813,RainCityscapes,train,32,0151,RainCityscapes/input/0151.png,RainCityscapes/target/0151.png,215628,209836,2dde7bf5c5ecd7979241e8d7e900802ace71ff1533ee3d03389331c350b533cf,a2433e47b02b872acd38b3518eed21fdbc5c7ade8e71e1854be9c590ddef1a42,06c1d27eeceaf31fcbc07b7f3a00a7f10919269f9d694f55cc81d119adce6868
four-method-motivation-six-domain-s2026-20260813,RainCityscapes,train,33,0185,RainCityscapes/input/0185.png,RainCityscapes/target/0185.png,241716,237879,fe0303dd6a8f2669619daba7709df914009f8a5d856e8c6bd8b1b94a16f70dfe,9e3989156fc6f471ca2c4b1fe3c634369617d3940dbd702d46f54831629ec468,06df37d2fa2761af05abdd8040c446ca7a5fa8085711f1c6ed56c87d727f124c
four-method-motivation-six-domain-s2026-20260813,RainCityscapes,train,34,0460,RainCityscapes/input/0460.png,RainCityscapes/target/0460.png,220731,209424,5e2ecce1e5a5bef56a084e294161a619cb302df90a0a7d3536466d39eedd1dea,d55bf30ba1757631b4cba14260c32c422fc53c939f7445118c18823a1d1c81e7,0700414f7f2eed4cd48bdaa7a92f5be89dcde4d74be2d2856ca9d25a9e522ef1
four-method-motivation-six-domain-s2026-20260813,RainCityscapes,train,35,0411,RainCityscapes/input/0411.png,RainCityscapes/target/0411.png,201596,193078,71c0a64cdc006f1bd1532367f79cc7979edb37c1385f167572d0e91b15b89f37,912315b3722ade1c056a3489e29c251ba1be4acbb540ef859f8e4adbb1920b94,070f47787e5794ee7263185f4cff92ff102623dc8f2223b63840e59963c8261a
four-method-motivation-six-domain-s2026-20260813,RainCityscapes,train,36,0679,RainCityscapes/input/0679.png,RainCityscapes/target/0679.png,192222,188848,5005d2c9d1c11cbabd40f2e035735948964a1366f125ba5172ab6b22d648932e,1ec2e1f99af9fdfa9047ed46e5019497605bc65bdea784f8081b2343011ccbcb,07274b1774ce4f79bbc1498742aa98c5ea87d8e7b993f7d20ff1e6b423c7e693
four-method-motivation-six-domain-s2026-20260813,RainCityscapes,train,37,0550,RainCityscapes/input/0550.png,RainCityscapes/target/0550.png,232402,204918,8bfe557bd51e9bb1bb8b84a1cf6287c2859b9d7e8f5fcfb30681fb2779649d3c,e9bb7dd6c7fc43566523420cd486853a638e21d1745dee64c3ff4ad3d803e536,0748c260ea75117985210f868af9bdd4774669584c27b46d7ab86b2aac62c4cf
four-method-motivation-six-domain-s2026-20260813,RainCityscapes,train,38,0521,RainCityscapes/input/0521.png,RainCityscapes/target/0521.png,202158,207134,eec76af4ba5176fea34a818c017c18be7893ee43a00725b67996a879a11c7d37,9e83a8c63e5bb3a86acc8d23a27fcffc6be3fa0ceb4dd6c9f0980f25f2b2673a,07af8d10fe2799938d52581216082f1209a3c92f85db586e63b392bc614890bd
four-method-motivation-six-domain-s2026-20260813,RainCityscapes,train,39,0666,RainCityscapes/input/0666.png,RainCityscapes/target/0666.png,219927,209424,e60af5c52274e8c832b1e7a5a5ea6b78a825d8c1f6ad8c07df995cf1818b12c9,d55bf30ba1757631b4cba14260c32c422fc53c939f7445118c18823a1d1c81e7,07ca9879918cf89d5e197ec1a3f6d6295bdce83106f32c3e1040af92c926c64e
four-method-motivation-six-domain-s2026-20260813,RainCityscapes,train,40,0522,RainCityscapes/input/0522.png,RainCityscapes/target/0522.png,243616,223466,051d30d54916e9e7155b99e81b006dde7a6392485989ed78d5b83cef649491bb,84f1042e5e28b998722fd19e63716f1f72145a9a782a362ab5708380d8461720,07ea0a3f8cad7048d76c78c0ffe89e28531381a83a509acd7ed28f1e2cee57ca
four-method-motivation-six-domain-s2026-20260813,RainCityscapes,train,41,0035,RainCityscapes/input/0035.png,RainCityscapes/target/0035.png,236049,242000,0be01a1343dd859ae3c51a27c6dd16242e86f468a620b83f0b245b427b802b38,26e637438072052f0d2e229eadf95a215cab702df1f04551bc0b883a0d40984a,0800b02f2fa157491173540302ccf5bfb06cb3bf542061764818504c3d295ea5
four-method-motivation-six-domain-s2026-20260813,RainCityscapes,train,42,0640,RainCityscapes/input/0640.png,RainCityscapes/target/0640.png,212948,204918,35f31c0087cfd9f317d0795cb330629b4f30aa985b06c6a4e0c9705081ec8f75,e9bb7dd6c7fc43566523420cd486853a638e21d1745dee64c3ff4ad3d803e536,081220b2ca627a4dee0ff3d59cb0fe75b1ce0de783dbb122ca3d41f779eb2e11
four-method-motivation-six-domain-s2026-20260813,RainCityscapes,train,43,0367,RainCityscapes/input/0367.png,RainCityscapes/target/0367.png,199299,210468,00c96a64b2f308114038a63a330dad895737c7dd8024c7c308ecd2c1e9f163d5,b6471608d2224d13ec974348a23b960db5eed31f685febdc588383b216730539,08e1c87a377b60893eec07e826aea7fcec244fa567bfecf7ff5bc35499674c56
four-method-motivation-six-domain-s2026-20260813,RainCityscapes,train,44,0757,RainCityscapes/input/0757.png,RainCityscapes/target/0757.png,242949,242000,d1ba2afac27f6bc800b99533bcea93f8603b1a72276cf4626fcdd87d21474150,26e637438072052f0d2e229eadf95a215cab702df1f04551bc0b883a0d40984a,08f609ba15e99a562b08a7cbd094155811acf13ce75e350e0b9078e874e6e7e6
four-method-motivation-six-domain-s2026-20260813,RainCityscapes,train,45,0794,RainCityscapes/input/0794.png,RainCityscapes/target/0794.png,235428,216026,4bd41020a25c31a6b6fa0bc91d8a376e78e2c89c9c17816971e29a2c318e75be,6f2616a551e208884b919586f9e78e4f8b588fbc4ee780c36068801f7939949d,094de514bd4a4f7a284ff381f5767305dc54396dd6c3bba9d5c4137007bf1498
four-method-motivation-six-domain-s2026-20260813,RainCityscapes,train,46,0519,RainCityscapes/input/0519.png,RainCityscapes/target/0519.png,206494,209836,d7a7aadf825c44f690e2c3e38c89231cbf3d5962948e06a3624a18aabd514b3b,a2433e47b02b872acd38b3518eed21fdbc5c7ade8e71e1854be9c590ddef1a42,096083040506f33f0fa9f0b46a4a3096e900fad7cf10e4a243b3504abff40ed3
four-method-motivation-six-domain-s2026-20260813,RainCityscapes,train,47,0418,RainCityscapes/input/0418.png,RainCityscapes/target/0418.png,250517,233147,4093b54fc157821ad644cd4abec821470b9bae3337ff6c1fe5bf7d08a84a8899,1c0dca7124a0fd6403b194fa22ad538294d7db95114848f161a1486d4f1c2e22,0992997a6727399be17db2b9ca16ba916fedae24ce4083b01f1361099486240d
four-method-motivation-six-domain-s2026-20260813,RainCityscapes,train,48,0232,RainCityscapes/input/0232.png,RainCityscapes/target/0232.png,212478,207134,b8b3f63bf204bdd676958cd14df6a5bd8f6b3434b9c7a61c91cdb3c1ed3e3ae1,9e83a8c63e5bb3a86acc8d23a27fcffc6be3fa0ceb4dd6c9f0980f25f2b2673a,09a1bd653a97528eb4d9077d8e79351a643b62682a3b618458bc470b7d0798fb
four-method-motivation-six-domain-s2026-20260813,RainCityscapes,train,49,0856,RainCityscapes/input/0856.png,RainCityscapes/target/0856.png,245153,233147,fb72e6cd78be3900161d0f56a098e1081cd6a7e92cc292c84c83cae40f4587a4,1c0dca7124a0fd6403b194fa22ad538294d7db95114848f161a1486d4f1c2e22,09a559ae8681b63eb674a2b883a82dd6100c37a7ad9fd3357880ed990c4c49a7
four-method-motivation-six-domain-s2026-20260813,RainCityscapes,train,50,0115,RainCityscapes/input/0115.png,RainCityscapes/target/0115.png,217832,209106,97cb27e7f02b4e4e9f7b966919af8d1e629bf8f96fa9eff4e428375f4f2ff5c3,e72ff823eb2747addab5752c85f4212f70b436def2bab71aa9228ded5912ec8b,09bee5cc32117e768d8d844ab28fbc2212bb9e00ba72f15c64434342a04ce164
four-method-motivation-six-domain-s2026-20260813,RainCityscapes,train,51,0417,RainCityscapes/input/0417.png,RainCityscapes/target/0417.png,183090,191320,8faf168076e545c39e1f6da10e07c6dbf7935cb7f197a4f7371784a5c62491f9,a5f212034ba7c15d59c03d17febeafd9ccc5dc982b0a3bff5c488aa19f276e3e,09d9ba7ba289b13cc57b937f2dc6e8e7f6d383959e7e6e1601b309fd3e4ee0eb
four-method-motivation-six-domain-s2026-20260813,RainCityscapes,train,52,0213,RainCityscapes/input/0213.png,RainCityscapes/target/0213.png,247633,213064,0471a682d5b6c38d47c0d9c851c9d9429cd3912a5a6e4ab6ead8b495c12f2b4c,66542c6b85cb06e37840caffef01fe7cf36b745ec6533a4ecf43540b67240254,09e5cecc9e647b5d6f648214a4c5a2bbdc30b3a9ccb5e9f58c3db84520992257
four-method-motivation-six-domain-s2026-20260813,RainCityscapes,train,53,1116,RainCityscapes/input/1116.png,RainCityscapes/target/1116.png,213853,209106,352c7707e7fcbbcfdc0b998be4364b8804c28e7fa88539bd439b039b0f3667ba,e72ff823eb2747addab5752c85f4212f70b436def2bab71aa9228ded5912ec8b,0a148180b11564f9689f28e837194e91552a7cc69d05814b4a2951046f17725d
four-method-motivation-six-domain-s2026-20260813,RainCityscapes,train,54,1055,RainCityscapes/input/1055.png,RainCityscapes/target/1055.png,244674,233147,f7414b034602a75d41c000cfb3858f11c91a010e250aac93e4461bff55f45efd,1c0dca7124a0fd6403b194fa22ad538294d7db95114848f161a1486d4f1c2e22,0a299e9222dc7ca6d74ef84db883097d3c2c3dc92a921ee1b145ebfc0cceeea9
four-method-motivation-six-domain-s2026-20260813,RainCityscapes,train,55,0413,RainCityscapes/input/0413.png,RainCityscapes/target/0413.png,205356,204326,b807887325a8f6e8b27521092eb5df78f9c15e6e7cbeab92e8287a16fc803167,1c599a6ca4ea6fd3db3a4d8c9d980eb876197281f12979cb32a354103eee49b0,0a3b1697df67a7d0f0c4219ac6f9d6406e90308175c35c1ff1f6bf58ee6eca35
four-method-motivation-six-domain-s2026-20260813,RainCityscapes,train,56,0806,RainCityscapes/input/0806.png,RainCityscapes/target/0806.png,211328,213064,37d65eeece8fbc0189adb5a98d0443641a7b248ebe8e83e95e8ecacdc1dc901b,66542c6b85cb06e37840caffef01fe7cf36b745ec6533a4ecf43540b67240254,0a4b2d88b2f91b970040fa315588b942a27ce555040f9848b555e70afaa380c9
four-method-motivation-six-domain-s2026-20260813,RainCityscapes,train,57,0752,RainCityscapes/input/0752.png,RainCityscapes/target/0752.png,242129,222333,da0bd0a215d7c498c5da17dc8d9f80cb5b70ecf855a8f75bc3d6bbb49e92b45b,ce0d8ff4a505dbbcbdf43fc524bed4093f32ec0b6b398ca791d23da17e611da6,0a638ccd785ca5ffde8cc0151f1b4aed122098019107609a4fccf9dea0a647d6
four-method-motivation-six-domain-s2026-20260813,RainCityscapes,train,58,1050,RainCityscapes/input/1050.png,RainCityscapes/target/1050.png,183128,204326,8c957c243fee5efeb8d714d3a9cfc40abd9b4e91ee3f4228371ce0b4e0861c77,1c599a6ca4ea6fd3db3a4d8c9d980eb876197281f12979cb32a354103eee49b0,0a8a52d43ecded19dc296995ece0d7d1e86f15d00278a90f494c871f8457ec00
four-method-motivation-six-domain-s2026-20260813,RainCityscapes,train,59,0737,RainCityscapes/input/0737.png,RainCityscapes/target/0737.png,231808,207134,7aff6174c92dada3bc19e607464aaa8a058ea48e450f4052f6a1fa3e212d34d0,9e83a8c63e5bb3a86acc8d23a27fcffc6be3fa0ceb4dd6c9f0980f25f2b2673a,0ab1031ca802202ad8d24213eed0c87df9ad6988c403dd6274a143fa95f0507d
four-method-motivation-six-domain-s2026-20260813,RainCityscapes,train,60,0435,RainCityscapes/input/0435.png,RainCityscapes/target/0435.png,193409,196339,5a8335ea3d3f3fe73e7cb032e1f6f9d28e0ce826969e5a0cbd6125bffb37d510,95582eb82efe86840b18aa2704d1ab46d2ac944b25c1dd4ec71b1ce3fef126a4,0b43b37e51e9a2f075d6de6ec0e88261b51cabcb294663fe46e12a5e6d92e285
four-method-motivation-six-domain-s2026-20260813,RainCityscapes,train,61,0647,RainCityscapes/input/0647.png,RainCityscapes/target/0647.png,219096,204870,93bfb5f8d56677686aa33412d2dc2ab079bc85a58378be0606ea6f16bf7ac2f2,295e2181eb71e67b411b8167e21e8de094ca6975eb81bc04fa96e18ddb05cd97,0b7fa33f6ac8d8ca016141e186f3572ce308903d5104f95149e2a44721905d42
four-method-motivation-six-domain-s2026-20260813,RainCityscapes,train,62,0660,RainCityscapes/input/0660.png,RainCityscapes/target/0660.png,181986,208560,e99d526b29a01b0d3810a0b2d30c923d5e3d7d3e79e997a104d6e94ecaea1490,c5a5be01530c264c2f25dc17ebf811ac09e818ee141fe3f2dce435fd3459e78d,0b9bc3e7bd3a276c695145986c77d890dbaa547696b376b1afb05b7c3af2df93
four-method-motivation-six-domain-s2026-20260813,RainCityscapes,train,63,0510,RainCityscapes/input/0510.png,RainCityscapes/target/0510.png,222105,214694,eef7243f7e4e2a59b7dfb8a74391cc054420a82f242a6c6c0cf7b160b3fe7542,0d34d088fb2b2f3f4495357623e9206d5e40cb4d8135bf03d9089496ba252d7d,0bae37b08e8ce2ff1a4b087a858a1d2f48f86e1bbb60ebcc2e17012d996bd215
four-method-motivation-six-domain-s2026-20260813,RainCityscapes,train,64,0429,RainCityscapes/input/0429.png,RainCityscapes/target/0429.png,232690,222333,20439597e6e37342ea8baa98830daf8186fc5df629164c09783b2169fc09d05f,ce0d8ff4a505dbbcbdf43fc524bed4093f32ec0b6b398ca791d23da17e611da6,0bc073d4d43705bb68c8fd1cd84f93060ca355364678445d3eb06464520f52e9
four-method-motivation-six-domain-s2026-20260813,RainCityscapes,train,65,0124,RainCityscapes/input/0124.png,RainCityscapes/target/0124.png,250473,233147,ab73034f4ce3f89e7787516717e612742e4209747173f29994a8a3dc1b1dabd3,1c0dca7124a0fd6403b194fa22ad538294d7db95114848f161a1486d4f1c2e22,0c1c764db5f91541c587dcc8bd63cee5951afdc0512a0cb83273aef425de7bbd
four-method-motivation-six-domain-s2026-20260813,RainCityscapes,train,66,0668,RainCityscapes/input/0668.png,RainCityscapes/target/0668.png,201510,204326,883a729ff5a80b14387d77c94892b97a03bd5d5ed6323348e53619588e1d3c73,1c599a6ca4ea6fd3db3a4d8c9d980eb876197281f12979cb32a354103eee49b0,0c31d2945e7056d3d385884d3ec067fff3050dadc7b615344c0228662158a91d
four-method-motivation-six-domain-s2026-20260813,RainCityscapes,train,67,0461,RainCityscapes/input/0461.png,RainCityscapes/target/0461.png,191504,191320,751f426e9fb0713b359085bcc08fb906b011d4b8da0687239be47b3bf2fb12a4,a5f212034ba7c15d59c03d17febeafd9ccc5dc982b0a3bff5c488aa19f276e3e,0ca86cfb790b359fbbf5fdedc1d90c6aa0cec69c9f436294fb487d457fdaa7b3
four-method-motivation-six-domain-s2026-20260813,RainCityscapes,train,68,0063,RainCityscapes/input/0063.png,RainCityscapes/target/0063.png,204328,185058,afe91e643cff649b6fc7f78081a361f48778c451ca8e782544a02e8823105308,f730fd39761eed371cec5519f831c68cd99b3c02d907e311e0ec2ed42521a63f,0cb6f69921da5112d28ffc4a77342e07bde145b7eae778582adb8c85ced675df
four-method-motivation-six-domain-s2026-20260813,RainCityscapes,train,69,0520,RainCityscapes/input/0520.png,RainCityscapes/target/0520.png,232740,189690,ae5492fe78dbc508062c0b50f10801d5288bb5e76529760d6181bc6f4b3e6ea7,9713647dabf8ebcafec1f85e81b3479a18adb9bd9df742af2d5966a968163e8d,0cc97ae699d559c2d56b2351fddce272887dd334cedb965b880d148ba1e84e8b
four-method-motivation-six-domain-s2026-20260813,RainCityscapes,train,70,0244,RainCityscapes/input/0244.png,RainCityscapes/target/0244.png,189789,197809,bf989107ef29b647adedb67dd2283b965ea8e304edd10d7941a3b04e8ec41da4,d29d63c50708da7860abb9e727e7ce820f81c94ab8963eed1281ced1ea220899,0d531624de6370dcca90703d37cd9410f1a15574b6c7bcbc7443fd04a2b46ca2
four-method-motivation-six-domain-s2026-20260813,RainCityscapes,train,71,1123,RainCityscapes/input/1123.png,RainCityscapes/target/1123.png,205521,196339,47ed5c9066a8814bfeb9adebfc1c8b1c574c2596845dd0cf7220c19c8b620d6f,95582eb82efe86840b18aa2704d1ab46d2ac944b25c1dd4ec71b1ce3fef126a4,0d79eb6c0090a36bec2924ac77b86dfc8edcbdcfee9110a77d0b3db796fca8d5
four-method-motivation-six-domain-s2026-20260813,RainCityscapes,train,72,0765,RainCityscapes/input/0765.png,RainCityscapes/target/0765.png,192226,204556,b2f28f8e00f4d656d960196fc0b798791f93b69704b2f4073b1107de15ba6d87,cbacc4c204a32c6877556d8b22fc18f2987c1825ab2bbe643930925da381026c,0dabaca0b800703a2b5ff3bf3e80653236b90e6805cc36de2a6b8d2ef0897b66
four-method-motivation-six-domain-s2026-20260813,RainCityscapes,train,73,0448,RainCityscapes/input/0448.png,RainCityscapes/target/0448.png,237269,209106,67f8eb100a2f10b29f3ea0e9223f467ff80a8786ecd5313ad919c2bdec91e63b,e72ff823eb2747addab5752c85f4212f70b436def2bab71aa9228ded5912ec8b,0db4772d0693373384b97c71bfa8eb40b293aac23681d7b845c71b583c7059ba
four-method-motivation-six-domain-s2026-20260813,RainCityscapes,train,74,0048,RainCityscapes/input/0048.png,RainCityscapes/target/0048.png,203395,189690,b9304ca1cb844957cf7248274b1c32ca0dc5f441f015de6a7b92947396fbe1bf,9713647dabf8ebcafec1f85e81b3479a18adb9bd9df742af2d5966a968163e8d,0dc99f259c1be6babccc2fb2eb4cd4f473cc4852fa816703f87bdef03c1694b0
four-method-motivation-six-domain-s2026-20260813,RainCityscapes,train,75,0861,RainCityscapes/input/0861.png,RainCityscapes/target/0861.png,230361,216026,dd19219da0e7dc2c8dba7294f516b1f6795df0ea50ed6292a1bd0fa11e45bede,6f2616a551e208884b919586f9e78e4f8b588fbc4ee780c36068801f7939949d,0dea765e4a91fa866f2bcab767c022a8fe88f88935e19a8a9b4a1a955a771e90
four-method-motivation-six-domain-s2026-20260813,RainCityscapes,train,76,0609,RainCityscapes/input/0609.png,RainCityscapes/target/0609.png,178733,196339,29b00655d282d2b73603ae3eadcc2ca8376fc677261c8e9dc58023a6b0921770,95582eb82efe86840b18aa2704d1ab46d2ac944b25c1dd4ec71b1ce3fef126a4,0e4bcc425cf743d12759d7849b9a4d52dee123c9f5390c625581c3a1c46c71ba
four-method-motivation-six-domain-s2026-20260813,RainCityscapes,train,77,0754,RainCityscapes/input/0754.png,RainCityscapes/target/0754.png,222775,204870,95f91dc4c39844ce411b0d1e23d8827658873f7d96fbba41318b2048d0355e4e,295e2181eb71e67b411b8167e21e8de094ca6975eb81bc04fa96e18ddb05cd97,0ea1ed599032b69b1a20965c897d6e6905ccdf28aa591a27f9b3dc163d796efe
four-method-motivation-six-domain-s2026-20260813,RainCityscapes,train,78,0503,RainCityscapes/input/0503.png,RainCityscapes/target/0503.png,195338,196339,3128969165a00aed0148a2c102f47d55aed9aa815c7763ff562659ffb925d80e,95582eb82efe86840b18aa2704d1ab46d2ac944b25c1dd4ec71b1ce3fef126a4,0eb3a26ab7d05709934b4a434d1c9de9480e67a1a8c66df75d3341f3ef8b4c17
four-method-motivation-six-domain-s2026-20260813,RainCityscapes,train,79,0276,RainCityscapes/input/0276.png,RainCityscapes/target/0276.png,215043,217146,8365e2aaae97a794d0c6b721ddcf6f5bcba9f18765be44623b914120283bee7a,2c21bc16cdb747e29b0e686eb369120e7a99a6c30a8532045732cbc91c264eb2,0ebf0ac4534be9eb705defe0e8828e1b5792269382a3152a58bd936a896fbdb5
four-method-motivation-six-domain-s2026-20260813,RainCityscapes,train,80,0512,RainCityscapes/input/0512.png,RainCityscapes/target/0512.png,233568,216026,3608bfcb8397b0083dd21cda496c48979524fd917ee04caae34b09c97f86f05b,6f2616a551e208884b919586f9e78e4f8b588fbc4ee780c36068801f7939949d,0edce81ac26f95fd22bab8257f2ed2f9c2d6a73b6fbfe1233578034165e7b658
four-method-motivation-six-domain-s2026-20260813,RainCityscapes,train,81,0557,RainCityscapes/input/0557.png,RainCityscapes/target/0557.png,184752,193078,9e889077704ab06d3275dddcd8cb117c968b24df829dd8885c5688ce27a220c6,912315b3722ade1c056a3489e29c251ba1be4acbb540ef859f8e4adbb1920b94,0ee05385d22ff73e32539e124d6e3c6835abcd2010b07faef22f7ae06a39fb76
four-method-motivation-six-domain-s2026-20260813,RainCityscapes,train,82,0479,RainCityscapes/input/0479.png,RainCityscapes/target/0479.png,245861,237879,46066607a5a30e7f522472303977eec6e308e28b9c0d67a6e21ac1206ebb83e7,9e3989156fc6f471ca2c4b1fe3c634369617d3940dbd702d46f54831629ec468,0f22e783e5f322ac64b29f3d4ca750a41700b6ff9b3cc5b3e2a5f3709da4dc72
four-method-motivation-six-domain-s2026-20260813,RainCityscapes,train,83,0724,RainCityscapes/input/0724.png,RainCityscapes/target/0724.png,227863,203552,cc43287be1d89653813bfac6ad7ba0d1eae1befb69de6e04b7d6897e144f1cc5,ab1520f3a08a6fdd37d694aa3c3bbdf7ec86460e2829588def6dbf0985888edd,0f75c888d819865743af8c7afd5b6de2eceb0a940c344ba31fcf8b5976d1fe67
four-method-motivation-six-domain-s2026-20260813,RainCityscapes,train,84,0886,RainCityscapes/input/0886.png,RainCityscapes/target/0886.png,222590,204918,a1fd4d1ad617c491cf6fcdf9d2c484b2891d1b84e5b2614131585b63bb44f031,e9bb7dd6c7fc43566523420cd486853a638e21d1745dee64c3ff4ad3d803e536,0fd9af0aa4b8517c07cd4128b263ca144a8987b4d5ee6ac38dd597ac10d00851
four-method-motivation-six-domain-s2026-20260813,RainCityscapes,train,85,1152,RainCityscapes/input/1152.png,RainCityscapes/target/1152.png,223318,188848,d64e9a863eba131a4072d4c77a92f07d4a1e357781dab0cc9b3116b53d475dc7,1ec2e1f99af9fdfa9047ed46e5019497605bc65bdea784f8081b2343011ccbcb,0feb81f3f57e313cc8a7457b85d478f20090ff22f4ecc2cdf73fa25d687138af
four-method-motivation-six-domain-s2026-20260813,RainCityscapes,train,86,1031,RainCityscapes/input/1031.png,RainCityscapes/target/1031.png,215659,209112,a188461157ea2f5105dcd752401e6b1033374d2d858d951b59dad23d4f210034,8a2ca0b6a678a7579258bdb0f07c76e7ad849090111fbd4f38f6d4a7dceb9b97,0fed90749682dc1b8617eaf854f80413eda654c673d74d46d8cbe5bb6d035e04
four-method-motivation-six-domain-s2026-20260813,RainCityscapes,train,87,0081,RainCityscapes/input/0081.png,RainCityscapes/target/0081.png,204717,189690,cffb8bcd2c57ae2e95d68d96c0a14d240669136693276473b95a3e529e547032,9713647dabf8ebcafec1f85e81b3479a18adb9bd9df742af2d5966a968163e8d,1083b1014fbb2416fd1467372102ab98b475d4de0de34d7ffd4fd9d91a275267
four-method-motivation-six-domain-s2026-20260813,RainCityscapes,train,88,0583,RainCityscapes/input/0583.png,RainCityscapes/target/0583.png,229980,222220,dc9547d70403ac2094d4f336b6c7b5602e439a4dbcf9d29bbd04a312c0416ba6,ed8156df323b1f6f198f5b40f4347215c41e0736594111b0f0ad642df56e8937,108c7bed9af774edbe94142e9b7e2fb06a8a3f2d115fa4510ae1faa6c676ec4f
four-method-motivation-six-domain-s2026-20260813,RainCityscapes,train,89,0336,RainCityscapes/input/0336.png,RainCityscapes/target/0336.png,212010,187740,59919a86ec0b41f097db9fccb6311cf289fd100fa86264f044bfb8c41fd91673,75bfe66943c6724c9c55fb528948755eef883a4dd8c2a957d87800ca6d4b6c24,1110307788ee1a857808703b7e1bfc391a80a3f818296a33e83e5bfd289eca0e
four-method-motivation-six-domain-s2026-20260813,RainCityscapes,train,90,0364,RainCityscapes/input/0364.png,RainCityscapes/target/0364.png,194287,193078,4f820598e3230b94e4a33a334c7ad989d185ab0ddf39a92cbfbc17e37ffd5710,912315b3722ade1c056a3489e29c251ba1be4acbb540ef859f8e4adbb1920b94,1112f2e683ce0956761a0f4281807e4a0546eb7f875e1c3b5c1215090b73ed4f
four-method-motivation-six-domain-s2026-20260813,RainCityscapes,train,91,1003,RainCityscapes/input/1003.png,RainCityscapes/target/1003.png,185392,185058,989875e26195d76a63473da877e2eb1869f89edcf266786a6e8aa793ba659556,f730fd39761eed371cec5519f831c68cd99b3c02d907e311e0ec2ed42521a63f,1150c13a489d66783ffed76d125ff3773a8774af2c78cffcceef82e94bdce8dd
four-method-motivation-six-domain-s2026-20260813,RainCityscapes,train,92,0486,RainCityscapes/input/0486.png,RainCityscapes/target/0486.png,174832,193078,d36964203734c60f9d9062601b3f5e0d87336a28ddf8717a20b5d134d2d1f31a,912315b3722ade1c056a3489e29c251ba1be4acbb540ef859f8e4adbb1920b94,11f531e78312bd2f9dd54e96e2850453852d55396e1871b794c9dab5a380fb17
four-method-motivation-six-domain-s2026-20260813,RainCityscapes,train,93,0369,RainCityscapes/input/0369.png,RainCityscapes/target/0369.png,205415,210468,7dc8a0e61b0ff34657f3e79289caec7a03c56784b430e07efd99b55ad34bfc19,b6471608d2224d13ec974348a23b960db5eed31f685febdc588383b216730539,127bd4a8212d23304f269152d754ad7244f9c7aed6b6652c48f922b9077a049b
four-method-motivation-six-domain-s2026-20260813,RainCityscapes,train,94,0475,RainCityscapes/input/0475.png,RainCityscapes/target/0475.png,252191,242000,b1c559bb86e6120a2a41491390cbad0cf82f1683a4d66a6166bce1084961bb9e,26e637438072052f0d2e229eadf95a215cab702df1f04551bc0b883a0d40984a,12ab889b769e668819bc69e74ccf6c6d528a17f5032f994981a4ce1c766f6cc0
four-method-motivation-six-domain-s2026-20260813,RainCityscapes,train,95,0416,RainCityscapes/input/0416.png,RainCityscapes/target/0416.png,225568,209836,e4c79333ba008150c46953c2bb1b6f1d639a9daf81c3461e1c58fb59b2fb1bb1,a2433e47b02b872acd38b3518eed21fdbc5c7ade8e71e1854be9c590ddef1a42,13aefe4b2e9fb420fe7c18c14c6454acc8182bbff0a28ca495d09ce1f970db36
four-method-motivation-six-domain-s2026-20260813,RainCityscapes,train,96,0874,RainCityscapes/input/0874.png,RainCityscapes/target/0874.png,195258,204870,28a8544a36264796176451b34b7fd6f61dcb536f9e9483f68f830d3bb6a085d7,295e2181eb71e67b411b8167e21e8de094ca6975eb81bc04fa96e18ddb05cd97,13c786c56ddc6c3c39e578bfdf86b98f0a7f4b33b4bfbd2178e30edf81c2de1c
four-method-motivation-six-domain-s2026-20260813,RainCityscapes,train,97,0001,RainCityscapes/input/0001.png,RainCityscapes/target/0001.png,232874,222220,78e2b04bb41c0989f0a5a7d63cc1de8922ffb36b191621cafba34e1c377db3e5,ed8156df323b1f6f198f5b40f4347215c41e0736594111b0f0ad642df56e8937,13f73db71608eb2d382f7a8d8e68dd8b94aaef1f725afc12dd3332c55aaffea8
four-method-motivation-six-domain-s2026-20260813,RainCityscapes,train,98,0637,RainCityscapes/input/0637.png,RainCityscapes/target/0637.png,198457,188848,7bc884ee2b8e81fe1900d81ade53851c401cc9d2ff87569250e3b2279561107f,1ec2e1f99af9fdfa9047ed46e5019497605bc65bdea784f8081b2343011ccbcb,13f90cf5a6bbe7db32d886f938ce9b09e36d3e430f54ddcb45b2828a871cfa36
four-method-motivation-six-domain-s2026-20260813,RainCityscapes,train,99,0398,RainCityscapes/input/0398.png,RainCityscapes/target/0398.png,218140,185058,fca933943895a4525c50ea448c555bcc1b226efb9ae62b64543c7f934525b9c2,f730fd39761eed371cec5519f831c68cd99b3c02d907e311e0ec2ed42521a63f,1438ec7b456d511eae74de4f925a0fcf14f4f44583531ad004aba70adc2f6a04
four-method-motivation-six-domain-s2026-20260813,RainCityscapes,discovery,0,0317,RainCityscapes/input/0317.png,RainCityscapes/target/0317.png,196882,191320,17cca6fc23ff236a180f667d9ae49eb7ca718cad91df7bb139fe54625e61b9c1,a5f212034ba7c15d59c03d17febeafd9ccc5dc982b0a3bff5c488aa19f276e3e,1492fff2dc76c56a0a234013dab34b6ea0872237e72afa73cb8b0c338870e251
four-method-motivation-six-domain-s2026-20260813,RainCityscapes,discovery,1,0554,RainCityscapes/input/0554.png,RainCityscapes/target/0554.png,224673,204326,739c282a15afad33abbfc77d14e9a38c7f24d529e8eb40624a56edfe3cb36864,1c599a6ca4ea6fd3db3a4d8c9d980eb876197281f12979cb32a354103eee49b0,14960ba46d878c4a2f350a8817e386081481f1bef67cbe91fa3f9e6e8b9e0cb7
four-method-motivation-six-domain-s2026-20260813,RainCityscapes,discovery,2,0505,RainCityscapes/input/0505.png,RainCityscapes/target/0505.png,215294,193078,e212ab392f064bfc3aa46701bcb328d62350d1c81b4c252797378413c855b385,912315b3722ade1c056a3489e29c251ba1be4acbb540ef859f8e4adbb1920b94,14a74a6d2ce51424cc610129b4e75e283c17915aec15007ab88a6347552af560
four-method-motivation-six-domain-s2026-20260813,RainCityscapes,discovery,3,0177,RainCityscapes/input/0177.png,RainCityscapes/target/0177.png,205632,203552,24b12e44640d0b61c33dc4071c5574e87a7d5e94d009600e37968cb016ed7ffc,ab1520f3a08a6fdd37d694aa3c3bbdf7ec86460e2829588def6dbf0985888edd,14d94f292794a3d81939c1c027e5d0852f289f56ae489fb61c65ae0b6db6003f
four-method-motivation-six-domain-s2026-20260813,RainCityscapes,discovery,4,0362,RainCityscapes/input/0362.png,RainCityscapes/target/0362.png,178644,196339,60f04b430522bcef4c4ea95916cd2813ce51947fac2de265183a1e76853edbed,95582eb82efe86840b18aa2704d1ab46d2ac944b25c1dd4ec71b1ce3fef126a4,14dad1b5c612b22c029dbd1b9d6499c03b01d1e496f1cdc423121d44bd2d96b8
four-method-motivation-six-domain-s2026-20260813,RainCityscapes,discovery,5,0189,RainCityscapes/input/0189.png,RainCityscapes/target/0189.png,206953,189690,8e14a0341cabd546d3e42cea342981aa5920c4c709ee7613e36d46c47b5de113,9713647dabf8ebcafec1f85e81b3479a18adb9bd9df742af2d5966a968163e8d,14e6d5e2763c53810bf0d837ea3863e7222cca453d163c3f0c9ae27781601d80
four-method-motivation-six-domain-s2026-20260813,RainCityscapes,discovery,6,0173,RainCityscapes/input/0173.png,RainCityscapes/target/0173.png,206607,228655,90d2970dd1cfc2dc4da1157a9220ceb6949982cdfe03d2a2b85ef0e9001eaab0,17ed8f70f612b848880d6400b8d2d9a488cb5a98d6a76f324ca3d71cc5559da8,14f99615df46790d2f8cf16ef65852c9dc750d42fa60ab24ef6af84bb6822de4
four-method-motivation-six-domain-s2026-20260813,RainCityscapes,discovery,7,0226,RainCityscapes/input/0226.png,RainCityscapes/target/0226.png,236961,228655,cd88024a7e0e0ec149f129c6563c92b6b20da472a0a0a98cc684aebd6abb930f,17ed8f70f612b848880d6400b8d2d9a488cb5a98d6a76f324ca3d71cc5559da8,15470e010500799cb10b81403cb67c0b99a6004aac967085a531b45644af1a08
four-method-motivation-six-domain-s2026-20260813,RainCityscapes,discovery,8,1091,RainCityscapes/input/1091.png,RainCityscapes/target/1091.png,222859,209106,66db6f662bda5caa3921ffae602daf12439b5cebc560f56ca440e98783590ddc,e72ff823eb2747addab5752c85f4212f70b436def2bab71aa9228ded5912ec8b,15af6b577787740836acc4dfb613eaf44e6c2713ab17138026858d77ae2847da
four-method-motivation-six-domain-s2026-20260813,RainCityscapes,discovery,9,0563,RainCityscapes/input/0563.png,RainCityscapes/target/0563.png,218106,207134,ef3e10830494a8970aff63e8ea1e6d723f0ebbbfe11f59fa0572d7035ff07646,9e83a8c63e5bb3a86acc8d23a27fcffc6be3fa0ceb4dd6c9f0980f25f2b2673a,15e1e010ec36f836b845a9b53c15e40db4f8f8ddb90b1ac0aa459780f68c5cf6
four-method-motivation-six-domain-s2026-20260813,RainCityscapes,discovery,10,0108,RainCityscapes/input/0108.png,RainCityscapes/target/0108.png,255602,237879,24090ac743b41ffc0b0092e0c76379209d505f88e95b2e40b758d7105901b3c1,9e3989156fc6f471ca2c4b1fe3c634369617d3940dbd702d46f54831629ec468,166e40bc089890b40316310273f06fd004ba8d7c7a521b541f0b06d89389d844
four-method-motivation-six-domain-s2026-20260813,RainCityscapes,discovery,11,0885,RainCityscapes/input/0885.png,RainCityscapes/target/0885.png,211010,187740,c9bf4471adb245591b23b6561560809d9c778902e896e742d2a92f1030f4bcc5,75bfe66943c6724c9c55fb528948755eef883a4dd8c2a957d87800ca6d4b6c24,16777566dc8505365b954d270d3f51473eb7397d657a4157e37d5e60416554a0
four-method-motivation-six-domain-s2026-20260813,RainCityscapes,discovery,12,0928,RainCityscapes/input/0928.png,RainCityscapes/target/0928.png,247928,242000,490d13fea7d8ed91768213cea0847a4ff1b27b546d387dfb3eabd92d51898ff3,26e637438072052f0d2e229eadf95a215cab702df1f04551bc0b883a0d40984a,1695aa4cd4f5f1b8b9981779029988405cee3902881672958db78955b806f50d
four-method-motivation-six-domain-s2026-20260813,RainCityscapes,discovery,13,0922,RainCityscapes/input/0922.png,RainCityscapes/target/0922.png,248310,233147,ab3b09f01ad40fa53496dc8459b8caebd0bda9bc9172b00b728413b5672607b5,1c0dca7124a0fd6403b194fa22ad538294d7db95114848f161a1486d4f1c2e22,16ac18d0754bf47073997dd30ddea5ff82c8c1f3cc373b2b727faca06da34b86
four-method-motivation-six-domain-s2026-20260813,RainCityscapes,discovery,14,0708,RainCityscapes/input/0708.png,RainCityscapes/target/0708.png,224476,237879,eb497dee8bbdb70738791d8bfb4eb46b81d5575a19629de24c711d2a70d4c220,9e3989156fc6f471ca2c4b1fe3c634369617d3940dbd702d46f54831629ec468,16bc4a8061e4696e409c699fbd15d85cee110536fa2451aec80bb5d1febeef98
four-method-motivation-six-domain-s2026-20260813,RainCityscapes,discovery,15,1042,RainCityscapes/input/1042.png,RainCityscapes/target/1042.png,206201,203552,280949e6ce93cd2cc4c3b1be9a188eeeca8691b1422c3f1d6df5a15cf6809f9f,ab1520f3a08a6fdd37d694aa3c3bbdf7ec86460e2829588def6dbf0985888edd,16e9ff09b9972ce5ff385cd57db741cfa9c442555a46229d1b3d1a325aa9a71c
four-method-motivation-six-domain-s2026-20260813,RainCityscapes,discovery,16,0333,RainCityscapes/input/0333.png,RainCityscapes/target/0333.png,201491,209112,9955db4577834dff76ed339fc3aad530fa7f171c38fc2fae5bfb4c3f41bcd5d3,8a2ca0b6a678a7579258bdb0f07c76e7ad849090111fbd4f38f6d4a7dceb9b97,179d4764da837c3a970b7c4e89c4aecfe0a0f000c265af831188faac8aa5f1d2
four-method-motivation-six-domain-s2026-20260813,RainCityscapes,discovery,17,0118,RainCityscapes/input/0118.png,RainCityscapes/target/0118.png,195820,189690,f37d8e09308fc9d6de6eeccbbb0b1fe2cf620abb91470173e573364099e6c8bd,9713647dabf8ebcafec1f85e81b3479a18adb9bd9df742af2d5966a968163e8d,17b6cc9acabce71332003874ba349184717c9167ef93ea360d603fcc3870b068
four-method-motivation-six-domain-s2026-20260813,RainCityscapes,discovery,18,0825,RainCityscapes/input/0825.png,RainCityscapes/target/0825.png,216602,203552,75ecf206efdc151678a6dd15a422c3dc4e673c67f094d407f6ebf857251cfd60,ab1520f3a08a6fdd37d694aa3c3bbdf7ec86460e2829588def6dbf0985888edd,18396ca71a29ca822eb972fe5b07aef3d804ccba27023d37ca1e5f52df0790b3
four-method-motivation-six-domain-s2026-20260813,RainCityscapes,discovery,19,0933,RainCityscapes/input/0933.png,RainCityscapes/target/0933.png,207025,209112,9f194a1c17c3cad6f3921c82c77075f35000b2ccfa596317e02afb3d4965c399,8a2ca0b6a678a7579258bdb0f07c76e7ad849090111fbd4f38f6d4a7dceb9b97,1862265e4d1dd9b211285d624e29f08b1bded1558e4517ce2efa36769a2a1f99
four-method-motivation-six-domain-s2026-20260813,RainCityscapes,discovery,20,0854,RainCityscapes/input/0854.png,RainCityscapes/target/0854.png,203221,197809,f09eade03e6e959af06cccf1ddcf93895772b6db038d4d7e836b4a3189574a13,d29d63c50708da7860abb9e727e7ce820f81c94ab8963eed1281ced1ea220899,187c2e4c7d2f9099fdc23cf3c289234abfe2fb57940c59c223a3cab0f77e5982
four-method-motivation-six-domain-s2026-20260813,RainCityscapes,discovery,21,0175,RainCityscapes/input/0175.png,RainCityscapes/target/0175.png,186451,193078,c5ae588eabae30f4b553d456037120042dd8dc1cf9c853532a1bea977a7b2a80,912315b3722ade1c056a3489e29c251ba1be4acbb540ef859f8e4adbb1920b94,18c7766ff818fd303737f659713964ae01cfae297a0a76f6992eed0e414ecdbb
four-method-motivation-six-domain-s2026-20260813,RainCityscapes,discovery,22,0710,RainCityscapes/input/0710.png,RainCityscapes/target/0710.png,214683,204918,76ceca9027223beeaec3efb45558cbfe163d8255912e14c2e17f5f62fc597690,e9bb7dd6c7fc43566523420cd486853a638e21d1745dee64c3ff4ad3d803e536,19970a60d801176d34f060a4e400d59fce32b3ef745a1d5e2000369ddc89d644
four-method-motivation-six-domain-s2026-20260813,RainCityscapes,discovery,23,0888,RainCityscapes/input/0888.png,RainCityscapes/target/0888.png,215670,228655,81d7c4921597d3fe028437386316165c05c6d60a049c197be5e339894fb9f574,17ed8f70f612b848880d6400b8d2d9a488cb5a98d6a76f324ca3d71cc5559da8,19af9bc5bb07799086976284da6b4afa50f2246a1b1ede19a43c0ea685457af1
four-method-motivation-six-domain-s2026-20260813,RainCityscapes,discovery,24,0579,RainCityscapes/input/0579.png,RainCityscapes/target/0579.png,242732,214269,d447a6f630fa857adb1b0e132880c4afc8024b0890f49f4bdd7807b4732cd221,c4f3ea09735f0dd7b1fedbe13ab08b5a82a28da144b706e011863518a3b52376,19fbf7734fc848c5e91d6edf4f4eb57b76ad3540a7500d7ea81ff61900b2a0b1
four-method-motivation-six-domain-s2026-20260813,RainCityscapes,discovery,25,0697,RainCityscapes/input/0697.png,RainCityscapes/target/0697.png,213550,204326,ced657fc81a7bfa64906e490c6d5a3c7c2a672a8733328d7c94839d1b9fa4aa1,1c599a6ca4ea6fd3db3a4d8c9d980eb876197281f12979cb32a354103eee49b0,1a18dc0cd1e1187c537a6f6fd3b67cd8c44892cbcbeaaf785b16c451f9d394d2
four-method-motivation-six-domain-s2026-20260813,RainCityscapes,discovery,26,0404,RainCityscapes/input/0404.png,RainCityscapes/target/0404.png,230415,242000,b8241f884df7e4f8b46aa6e4c3e968f1807fe7bb7faa3ff57524704fc0779c51,26e637438072052f0d2e229eadf95a215cab702df1f04551bc0b883a0d40984a,1a1b625fa07c1a4eaef1348017e76710287dfa08e9c271f24171f326c742813c
four-method-motivation-six-domain-s2026-20260813,RainCityscapes,discovery,27,0603,RainCityscapes/input/0603.png,RainCityscapes/target/0603.png,251502,233147,1c1bea087be86b9253542b25d9222eadf3552eb2918a50697c7fd799098c216a,1c0dca7124a0fd6403b194fa22ad538294d7db95114848f161a1486d4f1c2e22,1ace994d6a30ba0733f6f7d895f4db61f2ab55f07f5d4b3511a7dbbf8f4dba5a
four-method-motivation-six-domain-s2026-20260813,RainCityscapes,discovery,28,0270,RainCityscapes/input/0270.png,RainCityscapes/target/0270.png,225841,209836,b4a94663de5cf1a21e83bef2b83b9da1b09c51c49583525dc1a04a6b5fc9db7f,a2433e47b02b872acd38b3518eed21fdbc5c7ade8e71e1854be9c590ddef1a42,1af9a499ca809ffd5d38fb36a52a3561f4516090fd3d2b70df2b57e8bfdb315c
four-method-motivation-six-domain-s2026-20260813,RainCityscapes,discovery,29,0324,RainCityscapes/input/0324.png,RainCityscapes/target/0324.png,232376,208560,70d28597e78d30b16e4336660e8bf721a747c50ceec0011bea09645a71f5ddbf,c5a5be01530c264c2f25dc17ebf811ac09e818ee141fe3f2dce435fd3459e78d,1b171b71ef0cf3ba2365b923b0bfae2c2369878f7c42369c53742c2b3cbdb815
four-method-motivation-six-domain-s2026-20260813,RainCityscapes,discovery,30,0685,RainCityscapes/input/0685.png,RainCityscapes/target/0685.png,242049,222333,c9dea395c86ed4249ffd0e60111cb1644da8510a9f5dfa65cc7cb1c8aa9995d6,ce0d8ff4a505dbbcbdf43fc524bed4093f32ec0b6b398ca791d23da17e611da6,1b38c6b9c107e4834891ae34a0b14202749b79da2c9017c0e565b238eb195fa9
four-method-motivation-six-domain-s2026-20260813,RainCityscapes,discovery,31,0632,RainCityscapes/input/0632.png,RainCityscapes/target/0632.png,246457,233147,5038711a13dddf7730e41d3e186b2c70eb3b29d8f3c45178b5a7b6361f4dcb96,1c0dca7124a0fd6403b194fa22ad538294d7db95114848f161a1486d4f1c2e22,1c43727ee0d95776599cc7edba5b8552fcbc71f1b9771a68a0436978eeb14fad
four-method-motivation-six-domain-s2026-20260813,RainCityscapes,discovery,32,1030,RainCityscapes/input/1030.png,RainCityscapes/target/1030.png,222588,216026,555997deadea7d797273c8261d6d24e1181c6d7147e6d5c80a1dec83128d2e4b,6f2616a551e208884b919586f9e78e4f8b588fbc4ee780c36068801f7939949d,1ca1bad43b36048dadf5dbe02d787719fa608c1c380c46bf78ad5e4697f88ca3
four-method-motivation-six-domain-s2026-20260813,RainCityscapes,discovery,33,0524,RainCityscapes/input/0524.png,RainCityscapes/target/0524.png,211156,204326,36225eb955d339d6a7fe9edd3b36dbe41823a40f64de37aaec2f3e7efbc415c0,1c599a6ca4ea6fd3db3a4d8c9d980eb876197281f12979cb32a354103eee49b0,1cb7c07cbdd31da6bbbb55011cc8c3b4d4d1730f69d667e342409fb206ce6d8c
four-method-motivation-six-domain-s2026-20260813,RainCityscapes,discovery,34,0950,RainCityscapes/input/0950.png,RainCityscapes/target/0950.png,246059,237879,a03da17e9194a105a824b1fb4eb5aabc38fca2151eeaed4c71b28fa7bcfc8822,9e3989156fc6f471ca2c4b1fe3c634369617d3940dbd702d46f54831629ec468,1cd1dd7ce0298d5c3eec62c117cdc0468fbc90b057c9949ad2b0a2c52c532552
four-method-motivation-six-domain-s2026-20260813,RainCityscapes,discovery,35,0101,RainCityscapes/input/0101.png,RainCityscapes/target/0101.png,204936,208560,95be6ebda52b684bcec543aeb124576c0a70440b6c09aa5a900b2a65407c1f76,c5a5be01530c264c2f25dc17ebf811ac09e818ee141fe3f2dce435fd3459e78d,1d189a81945220788dc472f643a7262f9774c30868227226fce293b29d18a3dd
four-method-motivation-six-domain-s2026-20260813,RainCityscapes,discovery,36,0898,RainCityscapes/input/0898.png,RainCityscapes/target/0898.png,209587,216026,a30b62046dbc3ea751f3986c4aebdf1dc755c67f56cf6c45b1038c5cfd4edcdf,6f2616a551e208884b919586f9e78e4f8b588fbc4ee780c36068801f7939949d,1d2bccb128dc08eac88c54c8b915153907293fd9da5f12924a71db3f54c6c18b
four-method-motivation-six-domain-s2026-20260813,RainCityscapes,discovery,37,0401,RainCityscapes/input/0401.png,RainCityscapes/target/0401.png,223609,214694,cb1990e6912c93cf5d8731e2b90bdffb5ab46f3a6da72db1a6f53a860edeb331,0d34d088fb2b2f3f4495357623e9206d5e40cb4d8135bf03d9089496ba252d7d,1d4071c0f7c6dd4e96e92bcf25bc53b0fe1e86ad3fd6c52f221ed635c2aa142d
four-method-motivation-six-domain-s2026-20260813,RainCityscapes,discovery,38,0064,RainCityscapes/input/0064.png,RainCityscapes/target/0064.png,246518,242000,3f1861a6b6e5fc4e316fc880414dfddd3d6a9542cdfa947093b7900b7db111db,26e637438072052f0d2e229eadf95a215cab702df1f04551bc0b883a0d40984a,1d8416549e1d340d884581c9c8be94bfff4e1a106f0751e7b5754886e551bc37
four-method-motivation-six-domain-s2026-20260813,RainCityscapes,discovery,39,1114,RainCityscapes/input/1114.png,RainCityscapes/target/1114.png,215652,213064,effd6624c19e933ce854acec606c9b3123490e9a63ebfc8a1050ddbba79a7368,66542c6b85cb06e37840caffef01fe7cf36b745ec6533a4ecf43540b67240254,1d9aa6b08bc0cf7a37414291038ef42e2bf640b4e922e0a0542e1f7130cb18af
four-method-motivation-six-domain-s2026-20260813,RainCityscapes,discovery,40,0470,RainCityscapes/input/0470.png,RainCityscapes/target/0470.png,236750,222333,6f8e177b4141aa7ec88bde86b15bdd4ddea2d2cbfc127449440ada99812069a0,ce0d8ff4a505dbbcbdf43fc524bed4093f32ec0b6b398ca791d23da17e611da6,1daf37c1a4a2be07f1292bc032103de7a4ec105cd4f6dfb753b693902aca082e
four-method-motivation-six-domain-s2026-20260813,RainCityscapes,discovery,41,1068,RainCityscapes/input/1068.png,RainCityscapes/target/1068.png,223066,209112,6bd2382b3ca5fdc9cfcd02d248e6ff773e99e9cb744bd6b8fb9d24d36435362c,8a2ca0b6a678a7579258bdb0f07c76e7ad849090111fbd4f38f6d4a7dceb9b97,1e1ee6262193deda87a409c695c3474b6b9588f9c243b4d8fb2a5f85225648d7
four-method-motivation-six-domain-s2026-20260813,RainCityscapes,discovery,42,0565,RainCityscapes/input/0565.png,RainCityscapes/target/0565.png,218881,188848,4419cf8efb82d7ebcc6c71201894f70546d5a613b58038a12c7290d6f4d8e55e,1ec2e1f99af9fdfa9047ed46e5019497605bc65bdea784f8081b2343011ccbcb,1ec7526d7ffcc692f049da7d42ca68a3576785145a4a5238031e559f630e606a
four-method-motivation-six-domain-s2026-20260813,RainCityscapes,discovery,43,0315,RainCityscapes/input/0315.png,RainCityscapes/target/0315.png,235111,209112,eead5b770abe900c7a397965cbbdd20d3e8dea656aeff1629d66c0f19de22d79,8a2ca0b6a678a7579258bdb0f07c76e7ad849090111fbd4f38f6d4a7dceb9b97,1ec8e1f1e835a8857d2ab5e152375d1091f04c20da40b10b2b4d3c71222a9659
four-method-motivation-six-domain-s2026-20260813,RainCityscapes,discovery,44,1019,RainCityscapes/input/1019.png,RainCityscapes/target/1019.png,193454,187740,9b7dabcf56d66010d879048c4b1bb660e642228817eb5d852e1e71e642886a12,75bfe66943c6724c9c55fb528948755eef883a4dd8c2a957d87800ca6d4b6c24,1ef100bb7dccda646e37276a93ef4968870bad8ea3df66f33e4bc68031a17c12
four-method-motivation-six-domain-s2026-20260813,RainCityscapes,discovery,45,0472,RainCityscapes/input/0472.png,RainCityscapes/target/0472.png,227041,214694,eb91a67771e4fd7603a5ede867605dcd3127ccecd8d3ba991c1582aff6e96b36,0d34d088fb2b2f3f4495357623e9206d5e40cb4d8135bf03d9089496ba252d7d,1f02e6acfacc22fe646685647e89d7ba17173ee81fe91ede44b0b61b8beadbb3
four-method-motivation-six-domain-s2026-20260813,RainCityscapes,discovery,46,1041,RainCityscapes/input/1041.png,RainCityscapes/target/1041.png,209760,214269,90c2c662f2af92f8951a14f1d8f2affa4493a871e428843013e30686e10c622d,c4f3ea09735f0dd7b1fedbe13ab08b5a82a28da144b706e011863518a3b52376,1f1e3b6c5b6c5800737b29351849d285b59909391002f7f7437aa902da6afc19
four-method-motivation-six-domain-s2026-20260813,RainCityscapes,discovery,47,0235,RainCityscapes/input/0235.png,RainCityscapes/target/0235.png,212729,237879,f1084a8ee0b2be12a39e1cba268138fdbc410777223e366e121469ee8187ac0d,9e3989156fc6f471ca2c4b1fe3c634369617d3940dbd702d46f54831629ec468,1f71b0817cc8cc67f23d89c7299f4e494dd86f6d19446386b04346e8d1da0830
four-method-motivation-six-domain-s2026-20260813,RainCityscapes,discovery,48,1020,RainCityscapes/input/1020.png,RainCityscapes/target/1020.png,219867,204918,8fd8ee9839fc10e32f0db24897efee2a00885a968d0d588cb12993f24bc7f732,e9bb7dd6c7fc43566523420cd486853a638e21d1745dee64c3ff4ad3d803e536,1f96f624f71e894dc0719578c93009f1a47ccca2436ea07035f99bb38df9e18d
four-method-motivation-six-domain-s2026-20260813,RainCityscapes,discovery,49,0902,RainCityscapes/input/0902.png,RainCityscapes/target/0902.png,231374,214694,d35a1676898f9c42dcc176288571397caaf22445144c0a4eefd63d1457cec564,0d34d088fb2b2f3f4495357623e9206d5e40cb4d8135bf03d9089496ba252d7d,1fc805ec30e844b4cc7dc07f1bd1f885b533e47e63f3304b8e565b96a2ede250
four-method-motivation-six-domain-s2026-20260813,RainCityscapes,discovery,50,1026,RainCityscapes/input/1026.png,RainCityscapes/target/1026.png,239037,242000,4a39c38b3fc12da3c474c549ed41bd469ff430551d8d252cc42f7826441509a6,26e637438072052f0d2e229eadf95a215cab702df1f04551bc0b883a0d40984a,1fdb37c17cbb4c3d99309e80b19f92a709689f5228a813f43ea581f7fd90cb1a
four-method-motivation-six-domain-s2026-20260813,RainCityscapes,discovery,51,0760,RainCityscapes/input/0760.png,RainCityscapes/target/0760.png,217923,216026,5abbee3367fa7f2efafb32b6b7dde2100048e420c2eea1293769dc923507a8ae,6f2616a551e208884b919586f9e78e4f8b588fbc4ee780c36068801f7939949d,209ab208429e6edfe54343b2afb2229789b0589792ba784b6199587ea6ef7df2
four-method-motivation-six-domain-s2026-20260813,RainCityscapes,discovery,52,0043,RainCityscapes/input/0043.png,RainCityscapes/target/0043.png,212732,209836,b2a8ce6b3538a2de89ad1b8a0077436b380a98414ecba122292b83e6f70a030d,a2433e47b02b872acd38b3518eed21fdbc5c7ade8e71e1854be9c590ddef1a42,210ea62d2650a258bca4ac0d69984962d9f5ce0323fcaee42f78ed18e2eef042
four-method-motivation-six-domain-s2026-20260813,RainCityscapes,discovery,53,0378,RainCityscapes/input/0378.png,RainCityscapes/target/0378.png,202127,217146,9e79d9fb74f797ab660b71aab0b9baebea951799d05fb189a73c09e97d4d93c2,2c21bc16cdb747e29b0e686eb369120e7a99a6c30a8532045732cbc91c264eb2,217e76c210fcc1cbc7df5b1b00b24754009fac6d3ae61908e50adf500693fc6f
four-method-motivation-six-domain-s2026-20260813,RainCityscapes,discovery,54,0655,RainCityscapes/input/0655.png,RainCityscapes/target/0655.png,224492,203552,3bbad53852b1dd7eabb412d0a525dbc100f27c99b1278ceaef64ad4e0353090d,ab1520f3a08a6fdd37d694aa3c3bbdf7ec86460e2829588def6dbf0985888edd,22529fc680dad2146c30a82f19f3f7f09f84a12afbf98416228cedb48d735959
four-method-motivation-six-domain-s2026-20260813,RainCityscapes,discovery,55,0692,RainCityscapes/input/0692.png,RainCityscapes/target/0692.png,229734,204918,45d8f6bfe43d46aaa205ec47f4f99012e908f1477a68e38551b22b4a9ad81522,e9bb7dd6c7fc43566523420cd486853a638e21d1745dee64c3ff4ad3d803e536,22613d9b7304cdb426e37d37987976d95c020d33c5eaa4df44ff950cef13726b
four-method-motivation-six-domain-s2026-20260813,RainCityscapes,discovery,56,1049,RainCityscapes/input/1049.png,RainCityscapes/target/1049.png,233023,209106,db2ae60299e0e2440c6f297f36c9e66b3e903b1690c871b5aa3b23cd1ee21481,e72ff823eb2747addab5752c85f4212f70b436def2bab71aa9228ded5912ec8b,22628efc6888b29a75c4bdfbcc9f88452b076c4539550bc0901a4c1ee9288867
four-method-motivation-six-domain-s2026-20260813,RainCityscapes,discovery,57,0606,RainCityscapes/input/0606.png,RainCityscapes/target/0606.png,201802,197809,0b4b3a233b18c5ad3d2a77050559ec979455b0d584dd3f1bac30958d7d97cf3e,d29d63c50708da7860abb9e727e7ce820f81c94ab8963eed1281ced1ea220899,227904ebbdbfb7f7e9b01685db0ba6f5a2a0db65b006295685e60344f11e9201
four-method-motivation-six-domain-s2026-20260813,RainCityscapes,discovery,58,0452,RainCityscapes/input/0452.png,RainCityscapes/target/0452.png,234159,223466,e5ece91f2b868b226701540f5d9a7ec88e349cb8b58199a054290df8bfd81ce9,84f1042e5e28b998722fd19e63716f1f72145a9a782a362ab5708380d8461720,22a5dbea0d1623d9610a5b3fab9083062a280d53859309acd3fb9d962c33b236
four-method-motivation-six-domain-s2026-20260813,RainCityscapes,discovery,59,0785,RainCityscapes/input/0785.png,RainCityscapes/target/0785.png,222263,228655,9dd8e1874ea7790375034c8e584ae9a53a4f483b93e72f35e92e1ffd96032edd,17ed8f70f612b848880d6400b8d2d9a488cb5a98d6a76f324ca3d71cc5559da8,2390dd2d46b14876611ae61d5a5b2529a0cd62da0eb1af44a80964bbe6fb7396
four-method-motivation-six-domain-s2026-20260813,RainCityscapes,discovery,60,0544,RainCityscapes/input/0544.png,RainCityscapes/target/0544.png,212741,203552,d1407b5b4566686e3991729be96b81f2214b7c7b5ecba3abf235f19791b016e6,ab1520f3a08a6fdd37d694aa3c3bbdf7ec86460e2829588def6dbf0985888edd,23c6606069cfcee54fcfecf952e05b5e7670585ed0d2ace7df38ee16c0591d52
four-method-motivation-six-domain-s2026-20260813,RainCityscapes,discovery,61,0768,RainCityscapes/input/0768.png,RainCityscapes/target/0768.png,261859,233147,073cf5c1a1881ed2a454fbbf0836a4fcd75d38613101b02a46d9375d39e805de,1c0dca7124a0fd6403b194fa22ad538294d7db95114848f161a1486d4f1c2e22,23f6a063e5cc27027a2c4cf9f97264c1971aa88898af1ce304fe69c81461d674
four-method-motivation-six-domain-s2026-20260813,RainCityscapes,discovery,62,0726,RainCityscapes/input/0726.png,RainCityscapes/target/0726.png,247846,242000,9eba2f60ec999cba3d673e17f09508c346b3691561927245a6c346524667c507,26e637438072052f0d2e229eadf95a215cab702df1f04551bc0b883a0d40984a,24799316681bbc312ba2c7535448bc2a58ad1181a099d478b10c4639e701b70f
four-method-motivation-six-domain-s2026-20260813,RainCityscapes,discovery,63,0723,RainCityscapes/input/0723.png,RainCityscapes/target/0723.png,226275,222220,7afe61b15860851f6ac511405fa8cf4e9c4c2d4773487a0d66c2292ec3631c4a,ed8156df323b1f6f198f5b40f4347215c41e0736594111b0f0ad642df56e8937,24a51c69b37b16e27769bb571e96e79f003e2b0803d6862248822c3aa76381e1
four-method-motivation-six-domain-s2026-20260813,RainCityscapes,discovery,64,0294,RainCityscapes/input/0294.png,RainCityscapes/target/0294.png,190755,210468,bbca8a047be62e871df55ceab41ac5ca0064f29f702e7149bc2c1c760f1cc0c1,b6471608d2224d13ec974348a23b960db5eed31f685febdc588383b216730539,24f235cd6c767187cfc7757f161aac63486868634c059755c74f73d5da48780a
four-method-motivation-six-domain-s2026-20260813,RainCityscapes,discovery,65,0769,RainCityscapes/input/0769.png,RainCityscapes/target/0769.png,213043,217146,be611abc1414f12c98e89534406acadf5d7a1ae2575e82dbffe5730365abdbeb,2c21bc16cdb747e29b0e686eb369120e7a99a6c30a8532045732cbc91c264eb2,256fc6d2cfbd1c6dce261ab56f67dfa7d726771fccbc41fd918e574836b28dcf
four-method-motivation-six-domain-s2026-20260813,RainCityscapes,discovery,66,0670,RainCityscapes/input/0670.png,RainCityscapes/target/0670.png,197691,207134,c6447c07ba2f32c1acb96f28a30ce14de1b1a2f8663f15f3607a358f30ece90f,9e83a8c63e5bb3a86acc8d23a27fcffc6be3fa0ceb4dd6c9f0980f25f2b2673a,2572b4acad9a7db5bfad995890463b2f70fb7106598df2a2f87c055dc0171b5e
four-method-motivation-six-domain-s2026-20260813,RainCityscapes,discovery,67,0025,RainCityscapes/input/0025.png,RainCityscapes/target/0025.png,213845,204870,5b29ac005536a5635560713592aba9d18eea948f0500ffcf3dfe62cb14e67f16,295e2181eb71e67b411b8167e21e8de094ca6975eb81bc04fa96e18ddb05cd97,25d5f25a23c35c2c15f2fdb0d8bac16c86e0aa210ab99667c62167a94b6d080d
four-method-motivation-six-domain-s2026-20260813,RainCityscapes,discovery,68,0901,RainCityscapes/input/0901.png,RainCityscapes/target/0901.png,233993,233147,4f0bdf33dbfc0cfbd66620f5c544fa2b7eb9e9626abaec8fa1b25dd033a3adff,1c0dca7124a0fd6403b194fa22ad538294d7db95114848f161a1486d4f1c2e22,25e3df08eeeb122b9a3c0b44c0e4ea8e1b230fdf346c84b1d1f97677facd0814
four-method-motivation-six-domain-s2026-20260813,RainCityscapes,discovery,69,0687,RainCityscapes/input/0687.png,RainCityscapes/target/0687.png,229518,214269,2922e9c9681bcc744b4a32dd56d3e3de193f5de00f853f8e7ca879b99ee5191f,c4f3ea09735f0dd7b1fedbe13ab08b5a82a28da144b706e011863518a3b52376,25f79aa74684fc0360efa628dba792040000d764e1b9e935f07a1e385bfc18d5
four-method-motivation-six-domain-s2026-20260813,RainCityscapes,discovery,70,0019,RainCityscapes/input/0019.png,RainCityscapes/target/0019.png,214350,210468,a882ba4c0cdfac974ddca5a25220d0fef0665a6c2117dbc664b0adf6091a50f4,b6471608d2224d13ec974348a23b960db5eed31f685febdc588383b216730539,261b7eb2ce65330c7008a749e518bcb829a5d315588cfa1c112da3720e934004
four-method-motivation-six-domain-s2026-20260813,RainCityscapes,discovery,71,0197,RainCityscapes/input/0197.png,RainCityscapes/target/0197.png,218685,196339,1874c947f8ce84b18acf4e7ae50e9d74b26b62b281870b310343085d9937f7fb,95582eb82efe86840b18aa2704d1ab46d2ac944b25c1dd4ec71b1ce3fef126a4,262b847203b1be5e556d77b40be29e0403cff9869b93d7803a89b43eafa59696
four-method-motivation-six-domain-s2026-20260813,RainCityscapes,discovery,72,0815,RainCityscapes/input/0815.png,RainCityscapes/target/0815.png,208558,188848,152791b266f3d7bd70abfdbf9710de78b6f16c482bb8f25a1145b860feb18df9,1ec2e1f99af9fdfa9047ed46e5019497605bc65bdea784f8081b2343011ccbcb,263faae0db8eff042aaba438470e9eadfc78b1182067b61f924768809c30649d
four-method-motivation-six-domain-s2026-20260813,RainCityscapes,discovery,73,0306,RainCityscapes/input/0306.png,RainCityscapes/target/0306.png,198389,189690,03d32e463e5b2bf17ce004c10c7efeab5a486897225a867cf979a6d19d0a9a62,9713647dabf8ebcafec1f85e81b3479a18adb9bd9df742af2d5966a968163e8d,264c195c2408c7fc28122f13b8a7b62c281030a8d8f10c746093a9f03f4529be
four-method-motivation-six-domain-s2026-20260813,RainCityscapes,discovery,74,0882,RainCityscapes/input/0882.png,RainCityscapes/target/0882.png,206755,197809,b0813f0a638bd02b7272a9e94f8774148814de63eb54978607d66ce34f2d70f7,d29d63c50708da7860abb9e727e7ce820f81c94ab8963eed1281ced1ea220899,2679436a72ea88a1ba5bc4d70f6fd4de51d0966b8996cf4920970c0851fec456
four-method-motivation-six-domain-s2026-20260813,RainCityscapes,discovery,75,0205,RainCityscapes/input/0205.png,RainCityscapes/target/0205.png,203346,187740,d3e91b94d05cb51a5bf94c71a37fd1deb124b8e461798a6809ec784184d530d4,75bfe66943c6724c9c55fb528948755eef883a4dd8c2a957d87800ca6d4b6c24,269aff0d7e1ec07c66bc70245c17dcd18dad46af51eea9d6b65cd77b9efddba8
four-method-motivation-six-domain-s2026-20260813,RainCityscapes,discovery,76,1177,RainCityscapes/input/1177.png,RainCityscapes/target/1177.png,220251,214269,94fb22c08f5167286e30b5a79a009543668945eaa382e05e9df3beb7ffee9d80,c4f3ea09735f0dd7b1fedbe13ab08b5a82a28da144b706e011863518a3b52376,26bd7932201d84bc791f19372b2214306eb1dc403f0f55ee8ec6263972219f50
four-method-motivation-six-domain-s2026-20260813,RainCityscapes,discovery,77,0518,RainCityscapes/input/0518.png,RainCityscapes/target/0518.png,213240,217146,05a3acbfdba1b8d3c0fb51422a4ab3e24c85b62a920fb32d8841447e207f3a1d,2c21bc16cdb747e29b0e686eb369120e7a99a6c30a8532045732cbc91c264eb2,272b218f3713c3238c85115f12fac899f054105409ae57447dc0b014bea44125
four-method-motivation-six-domain-s2026-20260813,RainCityscapes,discovery,78,0156,RainCityscapes/input/0156.png,RainCityscapes/target/0156.png,208188,213064,fa0a4ad2edf458b38d8c6915e0cf00d47409351f9af8f1d8fe27b31bbeb5ea57,66542c6b85cb06e37840caffef01fe7cf36b745ec6533a4ecf43540b67240254,27570a9ad6a7f359ac21474aca7eb419ff60523703ec5710f918c5ff6b2ab92d
four-method-motivation-six-domain-s2026-20260813,RainCityscapes,discovery,79,0311,RainCityscapes/input/0311.png,RainCityscapes/target/0311.png,190613,187740,db56b625c3716dffb9f7224dee3de5c1f5aadd2d2fad1d23750ec2bcbaa3d3aa,75bfe66943c6724c9c55fb528948755eef883a4dd8c2a957d87800ca6d4b6c24,2762368e618bb170ded77643de78c3fb83e49a6cf4e7de88f51aa35d433f3a41
four-method-motivation-six-domain-s2026-20260813,RainCityscapes,confirmation,0,0087,RainCityscapes/input/0087.png,RainCityscapes/target/0087.png,217896,207134,2c136504cedf4fe27be20f06123901619b9fe4a442a6bd3b3cb93f0f3db1ea22,9e83a8c63e5bb3a86acc8d23a27fcffc6be3fa0ceb4dd6c9f0980f25f2b2673a,2766196d201c889bfc9d7b3c81f7653e71cbbfe148c7d5799a1773dcff0482ef
four-method-motivation-six-domain-s2026-20260813,RainCityscapes,confirmation,1,0889,RainCityscapes/input/0889.png,RainCityscapes/target/0889.png,217536,189690,035c4854d0e9f57e891c7302ca8c6b2266636f9727a55f302c0efb5b76624fdf,9713647dabf8ebcafec1f85e81b3479a18adb9bd9df742af2d5966a968163e8d,27bfc474ef0c2c69c4687ba10444f2c4a8a814a8a5ab6f656a9daab99207395d
four-method-motivation-six-domain-s2026-20260813,RainCityscapes,confirmation,2,1077,RainCityscapes/input/1077.png,RainCityscapes/target/1077.png,208530,208560,a5efcf2ee5c43b5c501b71c765449e9bea71bd73f9393a7f426099b04f402dae,c5a5be01530c264c2f25dc17ebf811ac09e818ee141fe3f2dce435fd3459e78d,27c334c87cb85289f81a7b2caf41ae2ee67fac5f0f2fdf4fce2e30c57bb47f96
four-method-motivation-six-domain-s2026-20260813,RainCityscapes,confirmation,3,0716,RainCityscapes/input/0716.png,RainCityscapes/target/0716.png,198919,196339,250947445c2206b17c56fea0571cd39802271242f8b9ce0e657be4bc4dfd0123,95582eb82efe86840b18aa2704d1ab46d2ac944b25c1dd4ec71b1ce3fef126a4,27d5d00d2b67d1971a97ec55f401c79e4d9c20b5ca7cbae8d3338d9426456612
four-method-motivation-six-domain-s2026-20260813,RainCityscapes,confirmation,4,0068,RainCityscapes/input/0068.png,RainCityscapes/target/0068.png,204555,203552,9fcd7110f07413f8b704024b460d386dfdb929f5028d6ca73dc1c0f2d3c3889b,ab1520f3a08a6fdd37d694aa3c3bbdf7ec86460e2829588def6dbf0985888edd,27fb0f54e5dd5f7b2296c469dcb2f40b8ce628465caf40f88616e1b5c49e3616
four-method-motivation-six-domain-s2026-20260813,RainCityscapes,confirmation,5,0139,RainCityscapes/input/0139.png,RainCityscapes/target/0139.png,235846,207134,3fa79dd2b68c64a917b78da206c4f1965d99b5840cfd28435ba0e89a1165d368,9e83a8c63e5bb3a86acc8d23a27fcffc6be3fa0ceb4dd6c9f0980f25f2b2673a,28277919267a2abec18c17b3ea653eb7821bc35cf286bedfd98ee860f231e347
four-method-motivation-six-domain-s2026-20260813,RainCityscapes,confirmation,6,0540,RainCityscapes/input/0540.png,RainCityscapes/target/0540.png,243417,222333,95a0c169cc9859ec94ea1845020fde95df65a182671d4b1eb35ce422dbc93dbc,ce0d8ff4a505dbbcbdf43fc524bed4093f32ec0b6b398ca791d23da17e611da6,28391eb3607bd87ddf613989bcb0e40f99012e56bc87871b3eb237542b0a16c6
four-method-motivation-six-domain-s2026-20260813,RainCityscapes,confirmation,7,0182,RainCityscapes/input/0182.png,RainCityscapes/target/0182.png,209769,209112,a46fb8ef4f913b8e53eb2535edeeb4d18253d13a79669014049bbef5bda0d023,8a2ca0b6a678a7579258bdb0f07c76e7ad849090111fbd4f38f6d4a7dceb9b97,28724dd9521d3604db9d1cb820da8329d5addb71ad8e3eaed333c6fa150b53f3
four-method-motivation-six-domain-s2026-20260813,RainCityscapes,confirmation,8,0946,RainCityscapes/input/0946.png,RainCityscapes/target/0946.png,212365,191320,977f21adad36de92aea577ca6a656ec2992b2b05502e044d63b9388472182fc8,a5f212034ba7c15d59c03d17febeafd9ccc5dc982b0a3bff5c488aa19f276e3e,28cec39cd247d7607fd7e1fb100035e360d01c50b7975ea31808d35eacd1b99d
four-method-motivation-six-domain-s2026-20260813,RainCityscapes,confirmation,9,0223,RainCityscapes/input/0223.png,RainCityscapes/target/0223.png,207535,210468,fce5359d6cf1e738e1724b501f82673c4d70db409da8e3b2c94095d9c8836781,b6471608d2224d13ec974348a23b960db5eed31f685febdc588383b216730539,290488a13fd5ad82077cc3661719721c044e332b646f0293fc3e75954333556d
four-method-motivation-six-domain-s2026-20260813,RainCityscapes,confirmation,10,0722,RainCityscapes/input/0722.png,RainCityscapes/target/0722.png,223344,214694,efed5cdb80ff5292fb5c4a7d36176c259a6f31b25bc85d7d9ce550752334cce8,0d34d088fb2b2f3f4495357623e9206d5e40cb4d8135bf03d9089496ba252d7d,291af89d62c773a41c1026416d18a0393f3120f29ce5efbce647d2015fce472a
four-method-motivation-six-domain-s2026-20260813,RainCityscapes,confirmation,11,0838,RainCityscapes/input/0838.png,RainCityscapes/target/0838.png,247664,233147,5b5e1a82ba22f0b05bf6936f736979ee9446b567a32b9ae42e937889df8f97b2,1c0dca7124a0fd6403b194fa22ad538294d7db95114848f161a1486d4f1c2e22,2a32042a87d32c98a1fd82e5a601e54e595ff91ac1e02a4440b28c2d439038fa
four-method-motivation-six-domain-s2026-20260813,RainCityscapes,confirmation,12,0907,RainCityscapes/input/0907.png,RainCityscapes/target/0907.png,252964,233147,9aa624dd24bd467bdcb3370c7c9fd93b17477c55477b98e28cc63ed84e8bc857,1c0dca7124a0fd6403b194fa22ad538294d7db95114848f161a1486d4f1c2e22,2a4a29f244e7327be0d9ff571bba3dd341a33afa4d0a4df6556d98b346f9a6ad
four-method-motivation-six-domain-s2026-20260813,RainCityscapes,confirmation,13,0095,RainCityscapes/input/0095.png,RainCityscapes/target/0095.png,226749,185058,dea988e0e37fee496743409e81bee71232868a8377df1fb5e6550e60ee01a690,f730fd39761eed371cec5519f831c68cd99b3c02d907e311e0ec2ed42521a63f,2a56e0a8499fda896958ee5f8ff6a30907436c8714b53e155fabc88b86a69fcf
four-method-motivation-six-domain-s2026-20260813,RainCityscapes,confirmation,14,0106,RainCityscapes/input/0106.png,RainCityscapes/target/0106.png,242919,242000,819a2dcc690d171c6a10a5dd684e4c2334c8eb4fc8249e453cec18d0bd6a6ab0,26e637438072052f0d2e229eadf95a215cab702df1f04551bc0b883a0d40984a,2af938278f50b910204af83a42a98dda2f22c5c7f0dbd9dd6893e87721f220c6
four-method-motivation-six-domain-s2026-20260813,RainCityscapes,confirmation,15,0009,RainCityscapes/input/0009.png,RainCityscapes/target/0009.png,209788,189690,c3db9afc022886e8d8506a732c7ce3880ed8da8c9dbad7b3c058cd4382ff6b94,9713647dabf8ebcafec1f85e81b3479a18adb9bd9df742af2d5966a968163e8d,2b28ada969af5af99e25255a8ee2af1f9bd0282ca081608d88ad69967a8ea092
four-method-motivation-six-domain-s2026-20260813,RainCityscapes,confirmation,16,0022,RainCityscapes/input/0022.png,RainCityscapes/target/0022.png,230837,216026,c3eb212e97ab33b6143bc508ac81155a3a42bc6ed5b4779fc0d0f58014c50669,6f2616a551e208884b919586f9e78e4f8b588fbc4ee780c36068801f7939949d,2b2ff6e10cd1adeea9dd2ce2ee7f24ce5a757c7d2ea3d3690650fe144141d6f1
four-method-motivation-six-domain-s2026-20260813,RainCityscapes,confirmation,17,0965,RainCityscapes/input/0965.png,RainCityscapes/target/0965.png,240895,233147,0499aa4480bed354937bc2966bb3032024bf14aaf857ff2e96332002540daccb,1c0dca7124a0fd6403b194fa22ad538294d7db95114848f161a1486d4f1c2e22,2b352687f6b247ae6a53c733bba3e7fe96ac6c18d5769abff370ebc55a814a9c
four-method-motivation-six-domain-s2026-20260813,RainCityscapes,confirmation,18,0366,RainCityscapes/input/0366.png,RainCityscapes/target/0366.png,236080,214269,f5aad0d6aa11a84aff508d629dc29f35e5fbc7be5036baba7e134bcbb394bdeb,c4f3ea09735f0dd7b1fedbe13ab08b5a82a28da144b706e011863518a3b52376,2ba24100866746c023601d73840e905c81012c8cebc0d01dea184b76da305c02
four-method-motivation-six-domain-s2026-20260813,RainCityscapes,confirmation,19,0484,RainCityscapes/input/0484.png,RainCityscapes/target/0484.png,190963,204326,80ff7eb54638c6bbf405628c07a5d83b5e090cbb493a99d7d79036e9378742e6,1c599a6ca4ea6fd3db3a4d8c9d980eb876197281f12979cb32a354103eee49b0,2bc0d0aac237002fbe3fd38000f745991ee376e5baf7518e6a9f425ff3e3528b
four-method-motivation-six-domain-s2026-20260813,RainDS-syn,train,0,144,RainDS-syn/input/144.png,RainDS-syn/target/144.png,749849,566191,daee88aeffedd24ce9d746308f6664ba8d9c35ec45e33cfc74b815f9a040a35d,6d09b40474aa80034741f1e8443c7f22ae47f910a00f30fbf4f25e6e3b6ac83f,01ec28f723da5abb0e4028bbbce1d2dd49147c50f439f4090eefd4584654c4d5
four-method-motivation-six-domain-s2026-20260813,RainDS-syn,train,1,118,RainDS-syn/input/118.png,RainDS-syn/target/118.png,685352,483391,0627a2107c75b7aa43ec9e0aafeda0c6d308618f825cd4ca65075c2f09e806db,0511c1724e25ee1c8a529dce1fc5c2cc156b814323b26a305fa519bfb4018ca9,0388320e91d75b4f18841aa90b054001eb16fd62010f30320ec03c68fe43022d
four-method-motivation-six-domain-s2026-20260813,RainDS-syn,train,2,015,RainDS-syn/input/015.png,RainDS-syn/target/015.png,769537,554490,2ed684b8298c8f14ed89bdcba14814dafc6d8a1124e9c9b0f0c97ee87eac660c,c0ec59d24b5a507d61a569b22f2af47b46d797411e0e7ff8b3d5ab45ffe3e13d,04bf164de2a3a06c13ad4ce402486a9e99b602e0aaa748cb166450dbd92b9990
four-method-motivation-six-domain-s2026-20260813,RainDS-syn,train,3,178,RainDS-syn/input/178.png,RainDS-syn/target/178.png,738152,534906,039639210471a345e0c950d4fca5d346219127ace550a6cee57ed53a3947f2e1,b3cb56f938d61c414ba22d5945ba08be2aaef3aa10b81a5515a97ada606e0f04,053b7c4cc04cc4aa158a59fa615eccf695c36497065a1b6775125963eee5c6f9
four-method-motivation-six-domain-s2026-20260813,RainDS-syn,train,4,072,RainDS-syn/input/072.png,RainDS-syn/target/072.png,658822,457914,11c06c73e56f5e82850a3532c5a3c86b77ac3a1cac858b4e6e24b57fee242d53,d4601f8956bb3dac079d56571e3258ce2bee83c060b0d84666d327d022ea004a,0563880d77f8eee53d4214c4b84b31201bfc63aa362cd573cb20a23db6f46a0b
four-method-motivation-six-domain-s2026-20260813,RainDS-syn,train,5,006,RainDS-syn/input/006.png,RainDS-syn/target/006.png,471797,334048,bc4e862d391086cfb54760d7da8def21bcd54ec8db1761c9bd073298d56100bf,78585b59488afc92bf984333250adab5790bd4ea2bfc22f58290200b72a56472,0e17ce066374306ef03386b0c3ff6b39a6ffd88f3914100a1293f3539574f9a3
four-method-motivation-six-domain-s2026-20260813,RainDS-syn,train,6,022,RainDS-syn/input/022.png,RainDS-syn/target/022.png,490395,369238,dd56a2d9edef874d46298769b33a0eb52083e670e686cf1cbe6d1302e3d4f8c8,153bbe9df09e5875657e07381bd475796a60b6c3a3cf9c890c23f38597969cba,0fb4ec1cc8b4f28e3656790486b75e0904af35513ca071ddb4f698468986ce9d
four-method-motivation-six-domain-s2026-20260813,RainDS-syn,train,7,140,RainDS-syn/input/140.png,RainDS-syn/target/140.png,480983,273013,584d89bf75a32061d36fc0e9e6dfb3c00de9fb057a93de32b648075bb6c50716,293ecf0d503378a548d1f4981ccf5c3f29ba525a0f1d1c2a234fdb56e9a8ffa7,113a237c682b797ffdd32493166341afd0610b9930266aa3fca35d2833b33b3b
four-method-motivation-six-domain-s2026-20260813,RainDS-syn,train,8,183,RainDS-syn/input/183.png,RainDS-syn/target/183.png,823564,606070,87381bfc9b41d169dc923bb79ada3a23925a668248b3b9783cfe3a6a82832813,603344c2c5146fccbf4fbc3124b061b0b8444a7af19a529205e1fb085f17143f,12a7bb3fcd86d545f76339fda19630124b8d83d42f5f204c52a934f34b53c2fa
four-method-motivation-six-domain-s2026-20260813,RainDS-syn,train,9,036,RainDS-syn/input/036.png,RainDS-syn/target/036.png,782504,582574,378996692f9a9d8715049aa5d3a249661a84c92b1b3efe328ab0bd9d13e8b66f,7342a1eacc47988adf4e36558daa772d3806c9338d325b7f3c884f85fae58629,13130e43f411a2b3e49480a56430fd4f85230aff1d12b5f576f931362b7f6d87
four-method-motivation-six-domain-s2026-20260813,RainDS-syn,train,10,086,RainDS-syn/input/086.png,RainDS-syn/target/086.png,803718,651040,0d20c501c621302e27200b21406e3253e6e0187f6f291b95b5ea4143c2503423,e76042c80d2bbc52d017d4bbd9f05b9d38c9e03b57786f07e749f2e1e941b042,1367ac564d0d7b06ecd320ec5b3ecb5d6dad289dafa7fc4e8cf301d4689e5918
four-method-motivation-six-domain-s2026-20260813,RainDS-syn,train,11,190,RainDS-syn/input/190.png,RainDS-syn/target/190.png,457977,330160,09846b48ae694d917257b6c3a622f299fefbbc6e714a41761f906026906e6dc2,0e14f9b179ec24929432ccc860530268739f081d62655a6bc7b56da702e2fbc1,13e51aae737c937046f1d243aee862c3fb6800564394e2857e49d690d7af58e4
four-method-motivation-six-domain-s2026-20260813,RainDS-syn,train,12,020,RainDS-syn/input/020.png,RainDS-syn/target/020.png,711282,545279,900070af4dfa72ab8ceb652d74248ab62cabc306ac1b2c0e33025bb7f0ed4bbc,5add38d2408dd3cee79b8b2322e33c9f811f5b821d0609de85baf393b938af64,1a8cf7075f54f0fba7706ce5bfb345527008564499b5e1b8323622404cd70f1d
four-method-motivation-six-domain-s2026-20260813,RainDS-syn,train,13,102,RainDS-syn/input/102.png,RainDS-syn/target/102.png,453115,371789,741aea6e6a3088163b3faa8dbd4a0f370c4d7706cc68c5a5fa74857afb6ceeee,3f0f60fef4025313935af66de99221204831b50b8f9194d42e1f93f1b48b7146,1b6089d257121ef463e13e1d362368bb24a706a0e9a4f3a809c8aa19567b29fa
four-method-motivation-six-domain-s2026-20260813,RainDS-syn,train,14,170,RainDS-syn/input/170.png,RainDS-syn/target/170.png,491885,350345,5729045cc2bff7d2f6506c013eae08039e50c6ef5fd97f20968ffe38bb451d4a,dc72856ed4e933d398876dcc429d8f9d8b2b4c1f7aa9811335b95f7bbbec6ab6,1bca7671c11f2c51ec190752d54119be665e139938c7edc6e7ff5ec3c6b4f885
four-method-motivation-six-domain-s2026-20260813,RainDS-syn,train,15,171,RainDS-syn/input/171.png,RainDS-syn/target/171.png,466150,378147,93b581243a1058131d958debe18d0d5d8f01e5e94f8b3029922c1e09df974b3a,0917adc78a93ef7f83b6e89b769a6bb68f3ca847d4f1e15494e52409b968a1d9,1e774a8f0943db112890e0357967c518637d009e9485fc5abe4193c96b27fc40
four-method-motivation-six-domain-s2026-20260813,RainDS-syn,train,16,109,RainDS-syn/input/109.png,RainDS-syn/target/109.png,482969,354856,df5c578a0759915a85d8c510354c7e999badb46ed86406b4a5fb1ab50f5411f1,3bf76af6c1dd1c4c4d1465614ce010d932430017c285eb1495fe82fb06ca0f4e,1f10c03e57bbd8ab37831df163174c07336cf040cb42d4a2aed510b947115131
four-method-motivation-six-domain-s2026-20260813,RainDS-syn,train,17,169,RainDS-syn/input/169.png,RainDS-syn/target/169.png,653416,427230,e543a42789c9ef6fa80aa964615cedcdd7c75c85827522f7113c75e10529c0de,f1cdf64f72460e14fcc55aa2bc5059202e5c04c8a9af110e7e7042740ef76107,1f68c6eb2e71933fa870018929fded86d66eae4e47985f883ad8e523b2a0f881
four-method-motivation-six-domain-s2026-20260813,RainDS-syn,train,18,191,RainDS-syn/input/191.png,RainDS-syn/target/191.png,770065,528160,d62a5258b896736280395b6f7143cfbeec1ba1a1663857a09571f8c91a0cfb6d,d7bc3056d62d26dcf8fc7461219069ea6ac7420c265d886f5f1772382cbdd9f4,20ae61bc1e69837b7a201f6f5c3998c2d575d3a52605b655f6d606a5aa9999ea
four-method-motivation-six-domain-s2026-20260813,RainDS-syn,train,19,017,RainDS-syn/input/017.png,RainDS-syn/target/017.png,823057,645584,37726d3b1ff4d3323811a9fb1ca267854cde996a7860bffd53d50b6e03be8dca,d8fba3893a5a18d7488c5f68768aca88d4ca523b9b5741225ca37ce3e05d66d7,2132eabbcfbf8af0ffca29e516edf5989b0510ab45e1305f34da91cb8357c869
four-method-motivation-six-domain-s2026-20260813,RainDS-syn,train,20,173,RainDS-syn/input/173.png,RainDS-syn/target/173.png,802279,660410,c6e50f9cbbe62a6d372c74698ed0f1e0b48e769faf100a3ab742ef336fe35981,a16cc5e9b5fdf0c191fe4c0d490e4b3f3071c92427535f06ef35d636ce079147,218612fc288f7f54b72216599258f3a84fb0225f3acf9b063178a39e59234476
four-method-motivation-six-domain-s2026-20260813,RainDS-syn,train,21,116,RainDS-syn/input/116.png,RainDS-syn/target/116.png,454848,314258,1afb7b36fa92884f518b9a6fde70d7d8874831b3b981688648e94c7f2e021128,cc6e0221bc8e1c1ffce9309987b2beb88246e4f4d02bf803523b441ad276b710,22d2747cc81136f14ad41f48501f8e230bafe63b773bbcc9f59d86ffccf771a7
four-method-motivation-six-domain-s2026-20260813,RainDS-syn,train,22,164,RainDS-syn/input/164.png,RainDS-syn/target/164.png,490284,362204,95777b6874bdd7df14457ac463c7f8751a0d2eaa3bf6cf43a3152b3069772f71,f8d713e80db92c68568afc1e3a69d3f8b09d1c1f7243b14742821fc96c980806,2309436346fbd37846c35254e0de98caf5e56a40472a9e56f81ddf6582fdb3e7
four-method-motivation-six-domain-s2026-20260813,RainDS-syn,train,23,135,RainDS-syn/input/135.png,RainDS-syn/target/135.png,744612,548866,cf6b2bef504819313146aadf3d2fa36b6e08e1b34c0299c36bc1e338d269e77b,19ad832995d14fb081c4a32f6776694d1242a183137f5cfea8767ab5d3854c83,2358f6ecf10af50e9ab237dec4ba9c0a55cc88b276eafef79b429f15fb8d828d
four-method-motivation-six-domain-s2026-20260813,RainDS-syn,train,24,098,RainDS-syn/input/098.png,RainDS-syn/target/098.png,485121,340632,20bbb7f10e4c339f8347422308d7433d102b45274586fcbf3b9f0e419e3c9ede,38f210c57107f5b3bf9f4cf288edf5633f9e4189b6399fbe54fa738a28c964bf,239b011687f9ba437f7f3e506a7ea0ac53b09a1d5673833e507d3bb064188ed1
four-method-motivation-six-domain-s2026-20260813,RainDS-syn,train,25,076,RainDS-syn/input/076.png,RainDS-syn/target/076.png,490804,365710,67ea24a77d2eda20642fb65d06060dbd1a7785dae092472df4659001d6db4bb7,3bf072c79dd77e5ef977d2c2d9c6351881f33075e63b82318754a77aeff358d5,24710e0ae20a3414fb6ef6deb44c814c683aa0dcbf58d9a812b80160328b224f
four-method-motivation-six-domain-s2026-20260813,RainDS-syn,train,26,161,RainDS-syn/input/161.png,RainDS-syn/target/161.png,449187,378286,7255ec7f855f9a9bf5686075ec8233fd65bf012f3db0479ae024572d0addb6fe,427d7cc453030470264279732252c0cbcda22d429b52ab147186cdb53e1b61d5,24b51c08600c5640769d0fa5c026846359e780ccfc2f10164e43fa4e300a046f
four-method-motivation-six-domain-s2026-20260813,RainDS-syn,train,27,130,RainDS-syn/input/130.png,RainDS-syn/target/130.png,731547,543848,cd50fb2601ae7b3992fd0d73ea64beb64b5d4cac870d7dd2b9d9f81e69cfc544,2e5ed77a465b2b8c3f3bf84ad749927c66cbe7f3da9073f6df26acb73099fe54,258a267f74f0e7b7d4cf2961dbd93938ef3e9c5fa0adf9d65d3a1041fba408c2
four-method-motivation-six-domain-s2026-20260813,RainDS-syn,train,28,147,RainDS-syn/input/147.png,RainDS-syn/target/147.png,748961,549126,048d65552b7d1cd5306592cd485d2c3b7152b8d531044f5c16f7a73deb18f948,de4426cc4a72ce7a21581136784e3c0c8792e56c6b38e33a5e8cc81bb82512fb,29d2ebb12198ebe148619d38f0fd27e769e51532ccb7fb5e6c45dedc13ad2f53
four-method-motivation-six-domain-s2026-20260813,RainDS-syn,train,29,159,RainDS-syn/input/159.png,RainDS-syn/target/159.png,812356,661932,ecdc5ca8d3383fdca662a0ed67283ec4b4c3692325b6f774538fb2dcab297835,368b08cd359258b051562e859b6dd33a12e11bef5ed52060a11b73aedd7ee630,2ae56d8baea48134b47ce07fc063a23cd2e518e0d8e22da38d0a49f01e0cde72
four-method-motivation-six-domain-s2026-20260813,RainDS-syn,train,30,181,RainDS-syn/input/181.png,RainDS-syn/target/181.png,475053,387866,ed82ef3ce706814aed3881ce118061366fef8c7428bfb48192e3ad7926e2ca99,7a106125bd9a319840d03ebd9d629855aa5b499885c0ac3923dae3b22eb828df,2c023ba3ca80bdd932618f641bf3296eaeed7f1c5ab654dd65a404ef2382269d
four-method-motivation-six-domain-s2026-20260813,RainDS-syn,train,31,089,RainDS-syn/input/089.png,RainDS-syn/target/089.png,758816,556706,ef8187e20d95455c1c9b52e7a522d42356b4b05e86b3f507a16242966141f98a,ef357c92d6095d3ed8e60ab74f0250c616670c92d471b52b4d0a7f4aa674328e,2cc37458f8c74d0f249afc49ad417f67a33c89fc1615bb2113a8900d982fb777
four-method-motivation-six-domain-s2026-20260813,RainDS-syn,train,32,071,RainDS-syn/input/071.png,RainDS-syn/target/071.png,760450,578460,fedf1f9a5f3a95fec81826f59fdd5a052ee5b29378d772acec4a61ccc22ab0b6,ea14625994f755a7b9aab8e2f73e930dc3b0b01a973ae43efc35b72a7ee7e73f,2dabee1a23b4599cc276797449842a4b18e928852cd83886048ab40ef6e124aa
four-method-motivation-six-domain-s2026-20260813,RainDS-syn,train,33,180,RainDS-syn/input/180.png,RainDS-syn/target/180.png,734781,492307,9ec9eb42105cc2a7580c4245f566ecc75b49254d790efd5848115605d110a060,ba8afc742dc94b43a9b2c27b8984d71aae3c5cc0f21c82d76dfdcb0afff8674f,2dca74c5df6f7c9b60a3357582d6525b946dc953cde30cab711dd06ab0cae316
four-method-motivation-six-domain-s2026-20260813,RainDS-syn,train,34,037,RainDS-syn/input/037.png,RainDS-syn/target/037.png,506223,345639,2691955ede88283d4e27e291f929ddf7b3bd167280deb830f22f3532418cc8a9,78afec090d394c073109461ce347415197d6bd4235948c3c59a373bf65464653,2de0d3b748814633aa3e69ef36e4617a8fb7dad831d2192e44048621b5472a46
four-method-motivation-six-domain-s2026-20260813,RainDS-syn,train,35,122,RainDS-syn/input/122.png,RainDS-syn/target/122.png,480579,364874,1787f10bc2c7dbf316c00d3323fb4c69f390df9ee2b269496f9be20c66e6a6dd,6672fce50c16962d2e04588d529ee1a9c8dce212f77889d66f95fd1f9ad2ebdc,3041112ac7cf33975dcf0d98f0a48c308c7d233a726f5d4879a5abf16fab56ec
four-method-motivation-six-domain-s2026-20260813,RainDS-syn,train,36,041,RainDS-syn/input/041.png,RainDS-syn/target/041.png,811261,646936,92133ea9cffabb9e6cf2aee70235bba8a5839088552b87d9a71c713b6b58b599,2045d6b4e92e81ac5ce6a8678ea67633f65b41064b1abaf3e24edda2aad3007e,347107f1c5f560db06ed48d2df5bd2549b889c530a34f7fd50d5b99f198d2813
four-method-motivation-six-domain-s2026-20260813,RainDS-syn,train,37,044,RainDS-syn/input/044.png,RainDS-syn/target/044.png,478371,325672,87941dd1b909cd1898bb67e257bcb8913d80a1b3d15393e69c176417b2649060,55284afafc1efa41457d65532ff129ac063ff26ef3a85cf2e34a9d020dd78799,348da2e57db799e8242803483bf29bdd9e29c08d0733cd51c0566511d74612bf
four-method-motivation-six-domain-s2026-20260813,RainDS-syn,train,38,174,RainDS-syn/input/174.png,RainDS-syn/target/174.png,695719,491449,9b87ac1ffefae8b636db979e5cb06e46ae26b5f24522bb04cfdd8282b56a517b,e4d000d0d5229fb347eb10e9953f1d18ce1c97ffb8541e6b2c1c7cba5c72cc07,3600d2be5f657813e021db2f1f3d485610da58076b0a49a28a6a04663e1cc27b
four-method-motivation-six-domain-s2026-20260813,RainDS-syn,train,39,026,RainDS-syn/input/026.png,RainDS-syn/target/026.png,769972,580895,da885b6a5e1528e16c3789750a96936904a3d0959dde6c6e330b28760cb88618,171eada15a88a1981ead9565f5b48f291d9562251931faa326bfed5c59dfd307,37dcc0bcc54c190a78ba3dd1fa1a828a01f013aa1a5bf0a1d1ed926baa290a2d
four-method-motivation-six-domain-s2026-20260813,RainDS-syn,train,40,051,RainDS-syn/input/051.png,RainDS-syn/target/051.png,807901,599158,00c99cd2282fc5dc80a9a6b00922bf92d9bff06f7b949d3e77b8c2ed6be176be,1753b4252eb3ca36d0040229aaff778726add68716d091738851586c1431da1b,3873ab084ba8bfd1d9531afe4fd2d9a0a5ec97943ae6096aff27d44d1194c5fa
four-method-motivation-six-domain-s2026-20260813,RainDS-syn,train,41,115,RainDS-syn/input/115.png,RainDS-syn/target/115.png,499695,357334,32d359834fb0d924bdf97c21106ad87148b966571516001a02ada94c2a88d0e2,80a0d9d0be91e0cf8dd0565b01076294d2d93f2b23caab21a3f9ef0bf14fa8ac,388f8c802142f3ced656339763edd82614934772e57852b11b6c9453acbaca10
four-method-motivation-six-domain-s2026-20260813,RainDS-syn,train,42,123,RainDS-syn/input/123.png,RainDS-syn/target/123.png,498966,361482,fff84a2c4eb6faba4692483b35505de2cef33659f9ef3dbb0aff641208794730,ee836ee801898836a1fa96508326070828326a1c9a982b1a3a38058378820ac5,389e4d62d46736b09ee402c79bc6540a550064e6bee8d80210ba8e0332ffe83d
four-method-motivation-six-domain-s2026-20260813,RainDS-syn,train,43,021,RainDS-syn/input/021.png,RainDS-syn/target/021.png,749012,571631,54bf0c516a377ac875399d14549e0139fa27e05c7aca52405f95eab49f73e9bb,10362a6df390e501f64c05085760de352c77a548d0461b6c06ca62e483bbd267,3b0c0b22d47dd3b17034b6180ee07cbd1a99aeddd26768e068c9790a0568e76c
four-method-motivation-six-domain-s2026-20260813,RainDS-syn,train,44,110,RainDS-syn/input/110.png,RainDS-syn/target/110.png,479459,296965,e5f20f01d1c68edf56ef5d8062e3aaebbbe7a23ac21394eca72dc46f8accb3b0,d4123aa35910a0212364933aedbd8ee4aa9926edd590fcf97180e9f4bb5ce0b9,3ef0037de2a90b9808399d1616f11ac91c7abe315dcc36a0bed23cc43644ef99
four-method-motivation-six-domain-s2026-20260813,RainDS-syn,train,45,082,RainDS-syn/input/082.png,RainDS-syn/target/082.png,801995,589294,efc6e52db9729176199b9f55af2888ebd3d19a8b0e45a4df63545aec63a57905,f017ec526e97f197d7218623305c6d8cacab771e12ca8ff68ae8357844dd0413,3f213735628351fde05c94b46bc5d1a50bc2400b2c139bf81b8f5811cd18d717
four-method-motivation-six-domain-s2026-20260813,RainDS-syn,train,46,080,RainDS-syn/input/080.png,RainDS-syn/target/080.png,842156,650248,4cf0a6c5041a60ac54e8c8cbbdae1245be60e805416f7a00b78f4f5029d0785e,21604a8d663b0a972aa349d1bdb175280ea83e7c12317f42ebf81ff3ed2d0af9,4002d4f91f0e2d9ee2df4a8471f51fb86792b938badd30146a7489260b288829
four-method-motivation-six-domain-s2026-20260813,RainDS-syn,train,47,032,RainDS-syn/input/032.png,RainDS-syn/target/032.png,480641,346297,e42fa4c51620d3f4aadfdcf1c804ff2c934009620ea24cbdb39d5fe65c35e2cc,9e493205d59db89e3dfe142e599c6555de021cfb4589b765664cca490c33f09c,40aade9fb1560c5e2ba507cf301eb81cc19b5d9146c719e8fbaaa158f42d160e
four-method-motivation-six-domain-s2026-20260813,RainDS-syn,train,48,195,RainDS-syn/input/195.png,RainDS-syn/target/195.png,465833,314597,84870fe2f82f075c1c991e6bd2b75ee67784615821cbde586d17b410d731204f,5e1ed73f69c53b9cc33f37f3a8eaa51aecfbfd9e88b4ce06a76f10877b5e6c97,411ab5027551f92febb30b40f0d93475ccfc6175dcdb2981b3a2d69918cdc270
four-method-motivation-six-domain-s2026-20260813,RainDS-syn,train,49,150,RainDS-syn/input/150.png,RainDS-syn/target/150.png,803146,643314,f6e9aea1ab326b1a3853ba395262f99957cafc313fe76408f0b4da7bfd10e075,e871f0cbd80380838abcdd29a2083607c991c041e981e9d97fa11f37445eac8a,43763e733677e80886895dbc83ed22a6eb5f383a72133c284488de7fefb1228c
four-method-motivation-six-domain-s2026-20260813,RainDS-syn,train,50,184,RainDS-syn/input/184.png,RainDS-syn/target/184.png,448208,378038,d5cb892a123b44e028fcb82e95c9e10f9913928712e6712ddaf87c9bdb1ee99f,ec08f898ec4c321493e1b68574929e96c5912ed246f5f420831c23e52ddcac9e,4523b3c4729f44653390ea321d234e83dc88927531e2772f2556b477afec0d0a
four-method-motivation-six-domain-s2026-20260813,RainDS-syn,train,51,066,RainDS-syn/input/066.png,RainDS-syn/target/066.png,692794,503251,dc92b492515b76134dfce200c96c5fcd89a58e8295ed852e412a23e975eaf8ed,ea1262786985a5643a71fbcfe0c13f0cf553e9feced3e65fbe2d5206e4c8f794,452420fc35f351b6d9f903ac7655d3de626f1292615c7bc5c0590a7467539c65
four-method-motivation-six-domain-s2026-20260813,RainDS-syn,train,52,185,RainDS-syn/input/185.png,RainDS-syn/target/185.png,715728,540859,ad71cab46e1655e25afb80bd650e9eb3fdf5e1777b8735d4e433a4d16e56f598,6d7d57292da911d60ea6e507d2ca27611b9c80eff4b33c14d22da9fe069dbaa7,452c12239ccc0836678e8a2aba251caf1bdcdab20b9d9bc57d8c27c5b5066fd9
four-method-motivation-six-domain-s2026-20260813,RainDS-syn,train,53,008,RainDS-syn/input/008.png,RainDS-syn/target/008.png,462253,377652,7ff94bf32208d833e04b339680906006124cc666d90d5013aa120db92237e3a6,f249190a77dc1cc161c5e91b4543536846cf326ec4a94353957bef2a19c5db1d,4765b22d9cc61f132aff6d470f20ead41541acb6e84119b47fcf4c1f1c8198de
four-method-motivation-six-domain-s2026-20260813,RainDS-syn,train,54,112,RainDS-syn/input/112.png,RainDS-syn/target/112.png,500075,362190,c0eedaf254881c1127ea145ba1ff64d3bb2c538f5ce63e2c60640570179f5b3a,319616ce1cbac4aec62f0432f44f9566e13c564c49bb479718e7eb0a0dca0e6e,48435633c22aaba837eb0f4e1fcc48a90038ac3c01e31d6ba3f740bce76bc1c0
four-method-motivation-six-domain-s2026-20260813,RainDS-syn,train,55,075,RainDS-syn/input/075.png,RainDS-syn/target/075.png,799715,635850,1490c885eb2f19245f9bdd22d345bfd36d6f5e3af4a74516ce9e78202a5b7b6b,f8ea9b282cbe9fbdd73369f43281bea2fb25e7543e32edc45360aeb0b85b2a78,4c7829c70c0a24b1ce1f3058219263b4b6a9233115f149a9e53e350b98526d8a
four-method-motivation-six-domain-s2026-20260813,RainDS-syn,train,56,079,RainDS-syn/input/079.png,RainDS-syn/target/079.png,763276,556535,2ae3cae43d8e0dac871e1614f4ac4744289ccea35b1b52a402ba772c94a0dc5c,0f70476c215777ed3631e24c03f108e8c773b07241e79e3154f72ba030316704,4cc380f3a6a3027fffb95c44f712726e5341e14510f76574a49de367f8ca742f
four-method-motivation-six-domain-s2026-20260813,RainDS-syn,train,57,047,RainDS-syn/input/047.png,RainDS-syn/target/047.png,787587,605228,a67c64d698bd81566a191bcee74fd389abb9fe281102ccb62e02b4ad4c33d98b,862cdf4f3a7de76be29563cc0a06a476edb5e56f356c22f1c70afdd8fdab183e,4d3bcf8cff292d7f1c5e1e1fd3482fe03ad307b8d3e246bdd8b42ee0b06efe98
four-method-motivation-six-domain-s2026-20260813,RainDS-syn,train,58,083,RainDS-syn/input/083.png,RainDS-syn/target/083.png,441042,363214,7f5bb6033f41541869b7df401cc447f9d930c26d43c7cdfb102b6d4f08f8d59d,1ede536d92034e79e3f0669353b3fa0d9a213291930d5ef985f15041c7fe8c72,4d42171d7ead35b666961e07842f3deea98c89cdc2a2c88c06b49aabc0c1fd5f
four-method-motivation-six-domain-s2026-20260813,RainDS-syn,train,59,057,RainDS-syn/input/057.png,RainDS-syn/target/057.png,731212,544230,d465cd51983f30370cb327e0f51e327bb037cf1e5c3397d697572588b8e4d253,2b713fc0c7fb15de74e0291a919c9955f28af6ccb9631907d1cd83d33b2d5f8a,4df87cf73aa205f901775c68f0e987db79e27d17e22f7df08fb69dc58b138a8f
four-method-motivation-six-domain-s2026-20260813,RainDS-syn,train,60,033,RainDS-syn/input/033.png,RainDS-syn/target/033.png,800079,617266,03427330ca1e90f6a3375e747523c16d1745424d0d3b23c85e4c8d71888fb8b8,161e86593ccc98418b701b9cccb7064ed0f7d414043d116237db1a0ef40d6538,4eeb956cf16f6487804d3b33b15e73afcd6402eb5911491fed6d315b2f1d99c8
four-method-motivation-six-domain-s2026-20260813,RainDS-syn,train,61,138,RainDS-syn/input/138.png,RainDS-syn/target/138.png,842392,666450,94eb279b0b1a4892063b1cc1ba06b444c785be2f6c38c574e7615732b3f22e69,ed5177e73c227b6533db7ca818cd897de8fd6dbb384949b99a590d8b507def39,4fb6f2a19132da2c027d45d39651a27076519f7cc7e3cbee97914ab202e6bff7
four-method-motivation-six-domain-s2026-20260813,RainDS-syn,train,62,004,RainDS-syn/input/004.png,RainDS-syn/target/004.png,476663,357524,472a7d33b6d676824792375737a47df478bd2468ea6b3c4003d969cc22b02aaa,5c167f4835d558c167e40fcdf0ba1210b4d23894fef4baed5855b03e0d25ef02,529797e78dd6ebe2ffe4ff64a5c25ab00f359784e1f7b966e5d9c5d227fee13d
four-method-motivation-six-domain-s2026-20260813,RainDS-syn,train,63,093,RainDS-syn/input/093.png,RainDS-syn/target/093.png,706171,470952,42a38e79c0a133921cd1c91b7ffcbb850816a784ba1ff342a0b4266095cdfd6f,961c87b0c1426c1be7fba98482002a78b4c00579e1fac62ce8802fbd00146564,52da62b11d4860d08a4253d759578c985b1ff0f2beb199edc104ab4e9a1f6b7d
four-method-motivation-six-domain-s2026-20260813,RainDS-syn,train,64,154,RainDS-syn/input/154.png,RainDS-syn/target/154.png,798954,621331,0cdbbe238d147c873338b5c1c3a53a9fa80b52ef8cb2948fa849b2d0bde279f8,a6a04b4d53d25936a6b8eac086ae8a34805ddeef51f72274fc8298b7a65eeb63,531bf5723c15d3df75daded27109b67a4c53268466da78705d5d71d6debc56ad
four-method-motivation-six-domain-s2026-20260813,RainDS-syn,train,65,038,RainDS-syn/input/038.png,RainDS-syn/target/038.png,742520,581744,27fcecfed4275ccf01a4c4d3bcea2508600553b28436ec9263c8c7fb7f93a782,f9ff43835b266409b71504598cda8789de065202fc1543753be02b9a775de5aa,542d44b83efd462e831972e179262dae0d403d26d3869608274c8b34c8df90e2
four-method-motivation-six-domain-s2026-20260813,RainDS-syn,train,66,045,RainDS-syn/input/045.png,RainDS-syn/target/045.png,483048,367640,28883fd808c1fe4df864565d613cf0fa3626b1399df001dbeabf82e128933ee8,b86f13102f53b1e590399bcb33c6cc76310fd48bfffe03162d110d53116787cb,54326ce6b39c58d534654f7f35ccb11fe5f93a6082392a40fb88479ee3c4869a
four-method-motivation-six-domain-s2026-20260813,RainDS-syn,train,67,113,RainDS-syn/input/113.png,RainDS-syn/target/113.png,485599,400806,47193cbf58233ba96f58fcb4023a41403f8c9b12a2aa185465b142c203769387,f33e6a736021d4f894b2743d88b6673cdc7c067ee7ff22d1c28567696532e25a,54750e8681639934c0d9d0f085049ae7736514eea67ce8652be6ebf8a266c007
four-method-motivation-six-domain-s2026-20260813,RainDS-syn,train,68,094,RainDS-syn/input/094.png,RainDS-syn/target/094.png,470807,357897,f0faebe9654541a827c7cf7e38f603190e570b238f36f820146c8220ed737c2f,641618e9499bee84e20cb74a99b23c62440975d357b568b9c4545219226777e0,5753bc001f8592b149afa937fafb2b34c7f4758b4dbbc34a29e28669e535bd19
four-method-motivation-six-domain-s2026-20260813,RainDS-syn,train,69,158,RainDS-syn/input/158.png,RainDS-syn/target/158.png,482263,372113,6e57a03057c259e4453a78dff1ded580dfa6efb07356b757e69bf993d70f371d,b3eba4ede971479552da94d93182d4e91d938be9c36f9036b9b45456b2e1df18,575aa523868e778a996aeebf2376e367a460c4e1d736b94cdbc4a8a28594cbb2
four-method-motivation-six-domain-s2026-20260813,RainDS-syn,train,70,050,RainDS-syn/input/050.png,RainDS-syn/target/050.png,500295,356626,1bacf99aa7ee44c2aa0e250a1fc7153b98e77afbe88cb2121df4fd5d0641ddb5,3172bd5015b779286361dd54997907fdcf121519ec44dc3711ab5741ca6d476b,58568473e64337a35b11099ad2af3498db3bf1bcf07c1fc3a400a8e6bebc04d9
four-method-motivation-six-domain-s2026-20260813,RainDS-syn,train,71,055,RainDS-syn/input/055.png,RainDS-syn/target/055.png,472320,350364,614fc46c23d27af4138c413608e3c6d6bb010188975f400c89ca4a3309b5d6cd,b854bc0e34825237c5f8c04f77ad5ed321aa3d375965fc693e5224f0ee5260d3,5a67a78d64cf2922c789b8c835d6a997da5f5d67ea3bf1fbb6a02103eafed635
four-method-motivation-six-domain-s2026-20260813,RainDS-syn,train,72,043,RainDS-syn/input/043.png,RainDS-syn/target/043.png,512142,361894,c50460e4476b4f5d8f0a61a416c65801929d0112ad9229a1c6ec1caf3bc15176,4e291f0252a46e2531b0d69d82df568c83174af39f4d0554538977052060254d,5b08772f7d2bbbc9b567f917ceed71496bacd2d0eb9aac8ab6b22b18c8a7f525
four-method-motivation-six-domain-s2026-20260813,RainDS-syn,train,73,176,RainDS-syn/input/176.png,RainDS-syn/target/176.png,490441,399939,cbd4f6355f454943cce0c5941c6bd6aebbe4f8dd3ac27fc60a31e4643e4a9579,1ec50d100aaa5573ad06e3c7edca2750321b14880ca6cfa86561b44da50afed2,5d4829f8057b031420b41f51fa61990be2acd32edc776b016d6956cfec3d9a38
four-method-motivation-six-domain-s2026-20260813,RainDS-syn,train,74,064,RainDS-syn/input/064.png,RainDS-syn/target/064.png,471819,254238,3dfcd9a08ec15f9fd2ed46e9c55ccba5bd2ba9511ce8d7d142759f6683c7e1e9,e9ef1d7b6e50946ac9ddda001252781ed0c377ff93668e76cb880dc3628247f5,602042c3af2cef77b3474e24352d5bcf01ea77e52e35f49008d60fd65289cb74
four-method-motivation-six-domain-s2026-20260813,RainDS-syn,train,75,054,RainDS-syn/input/054.png,RainDS-syn/target/054.png,670188,483652,3b959ba8c3dfe89cf9498ba9b12fc7ca3e11a46107d78b998a04f3a70caa45ea,8f6919fda87b8511c30c0aa609106f867db77bed97079c15651bca898f1fca7b,60d6ac1735c0f2b8010e78b98f7bfc6e73870be6dcb96eb53fa3a80baa1f916a
four-method-motivation-six-domain-s2026-20260813,RainDS-syn,train,76,061,RainDS-syn/input/061.png,RainDS-syn/target/061.png,738382,565236,3855beca5a58faba37b084892d6bebb06a2ddef1f5085b8eba23cc5df0572ed4,3ff5c92675afc6ef3f8c3a317567864deeadc9e12736b840203da55303042a7e,616e865aacf90db176575bea81bec7fe676484bfb4045700e5a0d0eba93c193a
four-method-motivation-six-domain-s2026-20260813,RainDS-syn,train,77,090,RainDS-syn/input/090.png,RainDS-syn/target/090.png,459075,322284,40a61784782f5396ee3f8113099550154a57b2d56f9800e470c9e6dc176ba3b9,7634fb6ea5aa67ca362af785bc570c7ca5885ed2ee23498edf0564918fe49c1f,63625030c88da346acd56893fdfe455bfc0a6733628a034018b1aac1fc2a1079
four-method-motivation-six-domain-s2026-20260813,RainDS-syn,train,78,104,RainDS-syn/input/104.png,RainDS-syn/target/104.png,471928,380071,50ee79f928c3c30533b429372acbd6deb1aced39fc1e2f35768d3c8f834394ef,f27fa798d42e8b68724d3bde1878eaf77c1c914934a995cb0f4976314e52bdac,64254296eed3685721784324e863389f114078f24fc57ae540990b676dae7b5d
four-method-motivation-six-domain-s2026-20260813,RainDS-syn,train,79,103,RainDS-syn/input/103.png,RainDS-syn/target/103.png,730399,528218,909dd594a0ef9681a851b0342e5291bcbe2a511c71ed843906814ea9084b3af0,1a2add9d27775a04018a855f14e71561ce6b6fc92f8985013b90ccb85f640a39,6506e78e58870eec86eacaff899d5d9f49f1e46864b3187f151013461746fa9f
four-method-motivation-six-domain-s2026-20260813,RainDS-syn,train,80,124,RainDS-syn/input/124.png,RainDS-syn/target/124.png,752372,557608,c8b80669ffd33f0f1556cf7d1112179f7858394e80916b35d4b9d28a3dfa73bf,74c540518609b366df83d5531d91d7e8d4620fbc9d0c8fbe8ef9ae5f9d723116,6558ffd30b7b3ecb67e64e2e3510596976144703754d573346ebf8bc6119c633
four-method-motivation-six-domain-s2026-20260813,RainDS-syn,train,81,121,RainDS-syn/input/121.png,RainDS-syn/target/121.png,824559,654241,8d8f12d177fdec2ad11dc6bc3b220e76ba5d7ee9cfe277a4937de949cf4dec16,0a64e75a29984dfefbe9388e6d3440236a914765ce46121a71fe102a183399ba,6829903710685eab360d9a27448db4b339b60283756487a03845202ef2b8a253
four-method-motivation-six-domain-s2026-20260813,RainDS-syn,train,82,175,RainDS-syn/input/175.png,RainDS-syn/target/175.png,734157,508365,a53ab407613c122733d663f317c06ce98bd9f82fb1ebc427ec7c77456482351d,e35c0bb6efc218d8247652da5a6527e186edebebbd9c666a2435165fde0466d4,68b26349f4a81c06ddefa1dbc2fc8e7016d43517dd071de53b0d653947f6ed77
four-method-motivation-six-domain-s2026-20260813,RainDS-syn,train,83,160,RainDS-syn/input/160.png,RainDS-syn/target/160.png,818817,657337,c00f099a2ab94ed2f7ad5d6bef8d20f0d8a488a10e729b480c630e58fe03def2,edc617b6f5532239bbfbcee23aa3c8a991c701e266319cea6c215be55b28bbaf,69729c1a4668f068a14de5a77796e92627e0c2e4930abf5568895a1a9f8ae699
four-method-motivation-six-domain-s2026-20260813,RainDS-syn,train,84,137,RainDS-syn/input/137.png,RainDS-syn/target/137.png,444797,248405,ff5ce5adf7f5a67819b3f49b93193ef5d7c5caa3d45b8f32650942b8f9d654c5,b52e8e1b97dc8e2ceb707ce2ab196de15a180cd6683f221fdbda4c6239402f78,6ba0697c53f3faf909f17cee6044a7fb2a55ac078580b5144b19608d345410a6
four-method-motivation-six-domain-s2026-20260813,RainDS-syn,train,85,127,RainDS-syn/input/127.png,RainDS-syn/target/127.png,822403,658781,4c7972ebe782e0ce04435559ae9717d99b2c0284c675a015155b2f38e33fb1fa,2953a41c6d20f8fb419cc35b4ab4877e6d7e689bc32bb80197c3c094a31aa503,6cae5c360a94ae093407de3f918f5c2bb306c251621b44ef83258f02f79e71c5
four-method-motivation-six-domain-s2026-20260813,RainDS-syn,train,86,198,RainDS-syn/input/198.png,RainDS-syn/target/198.png,476233,351878,e2f0ac0784ece067181e03460f9713e7fe52f4a150f764eacf2bb86e0507e495,95614daa784d98ff96b5b18292ed38f5595a5a5cdd19e5a3d763d5c46df3f9d9,6cafe6614f584843fa5e5e288eeefe73b775870043c5a53218abfad15250db70
four-method-motivation-six-domain-s2026-20260813,RainDS-syn,train,87,053,RainDS-syn/input/053.png,RainDS-syn/target/053.png,472522,355603,fc9fd868e2a8a7d75cf923b601f3b561b2dd2618b8d68883260ed7ac5528b172,b447439d81b983f1fa9b5abfa24caa5452b655e24c83375264a971c160778c4b,6cb4eb10237b5781ecf4c92e0ddf6ebfc3a57f99aa5875180d17a6065251b49f
four-method-motivation-six-domain-s2026-20260813,RainDS-syn,train,88,142,RainDS-syn/input/142.png,RainDS-syn/target/142.png,766453,582431,2550f214fff81d94b2aa0ea4e886dcae5f38dc0aa131e2b3b403f1869621395c,8308c29f6ec529005228e1f6df06fc0c2d8f1f6b0b4d51adac2106583539e6d4,70136c5762909949176ab73a818e920f0365d21f2b546d6df6e224c2d669e471
four-method-motivation-six-domain-s2026-20260813,RainDS-syn,train,89,166,RainDS-syn/input/166.png,RainDS-syn/target/166.png,456859,264168,6185eaf726d5861f7c95da374224bb4e9df47837cdf6e7635c7426c2c1860105,ad888e1d578291c24bdd7997368f3d8e37d858e63f603104c021d9912df6349c,7174f0e67e9b06695f5864b929c9276a603af3db6ab5f684d17bd76b2ad55d24
four-method-motivation-six-domain-s2026-20260813,RainDS-syn,train,90,167,RainDS-syn/input/167.png,RainDS-syn/target/167.png,487327,408985,dcb737a3d8752d08ddcb063938f395522ebc327ca448f2eb46f2dc6876949cbc,7923c00aa5eed7b1dabc3326bc91110249ad76cd83ba65a57361083554f841b5,7740711adc9f9bcb68b4cc94a6e8675007aa141f7fbc7b0d94b4aec1e49f2bf3
four-method-motivation-six-domain-s2026-20260813,RainDS-syn,train,91,081,RainDS-syn/input/081.png,RainDS-syn/target/081.png,810397,666408,a8b594edbde5774addefbb5a3cbb644740bcca0c09da8748676e8c4f29e11ab3,9a08f45c8f23983f3644d5986cc33c91592d3e815237e59fcab573dd795cd430,784f53eb5777bd8017e7283080c0cd92ff3c940bf144909291b13ae7a8f37c52
four-method-motivation-six-domain-s2026-20260813,RainDS-syn,train,92,108,RainDS-syn/input/108.png,RainDS-syn/target/108.png,797010,643878,c531e786c3c46840866f2c4328686262b8eeefa37f74574529362e08be2ffbf6,afc4c09746f4369d0c7f537215ecb516362156a89b6203db45c468b8d7aad36a,79086d513a548f890a13f99d06194cc9164c07de75f1d57c3df26d48da3940fe
four-method-motivation-six-domain-s2026-20260813,RainDS-syn,train,93,003,RainDS-syn/input/003.png,RainDS-syn/target/003.png,490810,269439,d737cf29907f59c27ada54110569bfc9b9848e9ce21ee3d6a0915e0167a63329,56ed3da5c7df9f117c04b2d97e54f970b27b33e3af8a740860a634e210abc8d9,79279ee15c696c07ccb87b3c5ec77c3f7c0f8fee6f8fb5af1272958ab711c0de
four-method-motivation-six-domain-s2026-20260813,RainDS-syn,train,94,196,RainDS-syn/input/196.png,RainDS-syn/target/196.png,485793,323293,c63972531f7dd167e5107805547c9e60647fa88c9a9b51ae7e96b42cd58d17b8,649de22d0a39fea517d0c8bb87e6a6b1a5d2e642bfa5751c8cd14b52eba691bc,797a8e159944a2446f563537e6a2ee0626b3918f50652bac3fd001ad998a2305
four-method-motivation-six-domain-s2026-20260813,RainDS-syn,train,95,077,RainDS-syn/input/077.png,RainDS-syn/target/077.png,490559,264291,1fec55d4b85af2094f5640fb31cab66d41d4788227a1f111808aa32b8a63b47e,823755ba40817fdc690c118428a371aa9340487ec407b15b30e2b4b3ea858f30,7bac266519a479c7fb7da220a10d6457c9da04f962ecdb66695613deecb6b416
four-method-motivation-six-domain-s2026-20260813,RainDS-syn,train,96,095,RainDS-syn/input/095.png,RainDS-syn/target/095.png,461402,265288,735a679734c31220ef1279621421b6faac23c153cf51942b93d3db8d4489e770,f80241ab432f70ae511fe27fa1df4866b3485352935dfb3b25088050db0a9401,7c203e5e4a35e924184bb07227dac30bd72e34d691ea2bb082c3f683a9c90b0a
four-method-motivation-six-domain-s2026-20260813,RainDS-syn,train,97,035,RainDS-syn/input/035.png,RainDS-syn/target/035.png,769954,633943,897819cea7189a4de4b51381d3ab3cdba3bd9472b3abba2af74741b5bff1b46d,770d60fdad5af54a6cb2da9cd845a1ac8d061c5b629eaa4a397e602fa2dc16b5,7d2145c9b9e5a6bfe677700c17184147d9d966703d919d2a4cde4cdbb56b202f
four-method-motivation-six-domain-s2026-20260813,RainDS-syn,train,98,096,RainDS-syn/input/096.png,RainDS-syn/target/096.png,744775,534855,6299213b6f663f969c096a760eca1971f0b8059bca92c75478c606cbd6fc1b37,dbc5472548524fd86511f0795ae535b837804072849070865adb79da18aa7796,7e8ca25b4982c7cef05d5132f573250ff6bba7fd1031e1a571d974dee943960e
four-method-motivation-six-domain-s2026-20260813,RainDS-syn,train,99,165,RainDS-syn/input/165.png,RainDS-syn/target/165.png,711623,415584,0626a5f418734abf093ce02490ae79477475d3f21b35ea243a9b85a27641c53b,9da9dbad6eabc7dd027b74d84eaf5828ad27eb42d351e14292456311fa227f64,7ef744a1fb013cfb55a865fdd87fd2c37521183548637589778cd72372b69e2a
four-method-motivation-six-domain-s2026-20260813,RainDS-syn,discovery,0,131,RainDS-syn/input/131.png,RainDS-syn/target/131.png,512669,361831,e3fc71c2495d18a2bbe07bf04561640c49116fc589e80dfccf47fc6f48c9ddf1,4ab1d4408cd0ac966e5a5fe70f1e732fdae8ed004132213cb3bdac18a620fbed,7f0d70b87f0d6649057d3093a909c1ddeaa53c167a592538819346b7732b470a
four-method-motivation-six-domain-s2026-20260813,RainDS-syn,discovery,1,059,RainDS-syn/input/059.png,RainDS-syn/target/059.png,476961,321305,ffed710a4d2ca05eba1f1bd9b0f03358dcb9679ec35cfafa59aa6d14edfa3f73,bb763ed639a609d58c73898170263d81bd968075bc7aea0f2b7151143411ef79,8063f61f745eb4e40b94d9778e24fdbc049ff4e2a3344ec9910ce0ff223d9271
four-method-motivation-six-domain-s2026-20260813,RainDS-syn,discovery,2,187,RainDS-syn/input/187.png,RainDS-syn/target/187.png,436854,356272,c4e9ffaf57ec039d320b0d73e5059fd533b75352e5fac1c43d99fd3b0d7dbf47,6e1aef588b9aa302ee981d40285198f5ed21ed57e1d3c2710710bc7ec4ba30c3,80e91aaa13f4e93ccf2d42c97d1c17d246a1159a57ba467ffca32913a362dd47
four-method-motivation-six-domain-s2026-20260813,RainDS-syn,discovery,3,070,RainDS-syn/input/070.png,RainDS-syn/target/070.png,717349,502521,d56bbe59f6808fcc3b867efc7686910ecda1f638012c28a95f909d9399ae122b,4092a98ecf158764f442bf9205fa412b4f15a18a44993294ba550375e899ef7b,8308c524f7d7408300cb659b71f3c486eca59dfb569f01b82cbdcc423358ebd0
four-method-motivation-six-domain-s2026-20260813,RainDS-syn,discovery,4,120,RainDS-syn/input/120.png,RainDS-syn/target/120.png,757581,565190,acecd040095438e258fe9f98557cc08f5064c20d22323e9f91cc5e3b040b7c7b,105d79a241eb2c0dca4268e3f446678d8bae065e3c4479528c0e6f6481b483a2,849e73d08375a3c7b0f17dd721a92be4ac215472a0eced09bf196ac4ec668d8d
four-method-motivation-six-domain-s2026-20260813,RainDS-syn,discovery,5,145,RainDS-syn/input/145.png,RainDS-syn/target/145.png,451919,279180,a6a526b6e6360a3c3b92ec4b9b2060a1a2371b3a1533794f989f992bc7cd8b14,d2a15052112482138dbbf1619a796526d7c4616df516b5d2fcb4a6538b10cca3,86d87293b6a1c77223b8e5486027fc8ea4436d68b76fd175feab067b18ae182f
four-method-motivation-six-domain-s2026-20260813,RainDS-syn,discovery,6,146,RainDS-syn/input/146.png,RainDS-syn/target/146.png,791113,566030,57ce458e8935a1013bd64a0ae32a9f28d87acfda56fb9dc6a123306ac469ea58,444bf0942d88d5da1e77c818916d19000c88b87a26e7768d82235445442ee217,882895feefc90ecd7e2c3e33926a61747061f7f4131982da7adbacdd46efa430
four-method-motivation-six-domain-s2026-20260813,RainDS-syn,discovery,7,034,RainDS-syn/input/034.png,RainDS-syn/target/034.png,807277,663738,d4592b8a4ec487aea504691471521299ea6dd5ff4153354a3e5177005a1f001a,d4560f3a9a6b791ad3066a568725a8c1038bd0819878bc0ec0022dc5c1aaebd4,8883e0fd47dd2503930d6311c2f114761e77165d468fe239ff0f7d27aab2f6c3
four-method-motivation-six-domain-s2026-20260813,RainDS-syn,discovery,8,168,RainDS-syn/input/168.png,RainDS-syn/target/168.png,804084,661154,0d9a13ae3d5b093d963b2e6277810711738d63f40a6fee4740f8bd5a170ed4fb,701c31bad62a810327706be0df737bb5de3a2f97d62d2d73375ddb76fb2af6e2,88e683d2752f135da300fc8cb79ec037a4ebb77477bc7de35bffe9e686c3c6f6
four-method-motivation-six-domain-s2026-20260813,RainDS-syn,discovery,9,052,RainDS-syn/input/052.png,RainDS-syn/target/052.png,747678,572441,752fc7818d612d98fb832fd163007f8e1793ceb8e78a9cd6319e04c6f4159ea9,341933b9b68a256710cce5cfd49e44dd59041d103dd8163b47661c9f65ae4ff9,89cb234b15fb3377063e404a2070c4c0b6e5d71642a658ada491570883995f36
four-method-motivation-six-domain-s2026-20260813,RainDS-syn,discovery,10,100,RainDS-syn/input/100.png,RainDS-syn/target/100.png,763469,585940,4e06cf821491449caf4557e98431af9fdd91a94e45e773468cd055c16d8d8405,fd123768e573334859d0c55e9e66c9c6af1920a4cdcfc469bcc5c786c9144f30,8a3f43694f0a6ada21f4e66abb7bf6421312e155561591add240914db8f5330f
four-method-motivation-six-domain-s2026-20260813,RainDS-syn,discovery,11,156,RainDS-syn/input/156.png,RainDS-syn/target/156.png,490458,398168,653ddf25911507badc3a47085b5c97dc92c0e682850b9094b48e8593284fad73,0c308a3a974e0b3a6a4165ada7eeb33e151d3be069297a5aef52240b1db729d9,8a5eae4f88d42db7c1f8cc1bf3e345effb689ef5a45ca6f66574001e354dd335
four-method-motivation-six-domain-s2026-20260813,RainDS-syn,discovery,12,087,RainDS-syn/input/087.png,RainDS-syn/target/087.png,481709,249102,040ab07e4235bec16df43cb53d8e75d2b6f679648748909ce59c60b64b31bca5,8b9b0ea87e549e549365d9f43a1ea195a1fbe0ee0ee29040d8c4642c11f6d85d,8bdbc01c438f865b04af82b41367a37b665ba0e7092833708350c44a99e8bfdc
four-method-motivation-six-domain-s2026-20260813,RainDS-syn,discovery,13,101,RainDS-syn/input/101.png,RainDS-syn/target/101.png,468423,250177,4fbf979321228aa1224908b84e714ef38df0828c0fbd761b2661a017597b8b06,0ce9897948e26b8f865271424a17aae2251774ebfe8b2b6fe4281d04ac7d4b59,8d852065ca06678e118205c2c243521e835c5bb3468845f0a64bf260fa38daf4
four-method-motivation-six-domain-s2026-20260813,RainDS-syn,discovery,14,136,RainDS-syn/input/136.png,RainDS-syn/target/136.png,490530,352620,7a705527c0af2295207cf3a2efafb83f389f62b806f42317d9091b4be4c8a2c5,ef5d111c5681fb5a9a6e4a7b6d27d82238b996d635d35f404b4d6ecb088eeaa2,8e44f46eb830f93ffca8c87a9b2c033569bcffe8a841a44b383dba46a3a146ea
four-method-motivation-six-domain-s2026-20260813,RainDS-syn,discovery,15,189,RainDS-syn/input/189.png,RainDS-syn/target/189.png,847291,665803,390b73a8bcfbf041e7f4bc09327fccbb6a4c3715ee4db9786c027d6fdaae40a2,75b76b3598614958513cfac404478fc873219ba2bc1e3e6e51742f780d35f8e7,8fa1784baa054f8cd5cd4815586b1d21518507775c26ca98f433c31a0634c537
four-method-motivation-six-domain-s2026-20260813,RainDS-syn,discovery,16,007,RainDS-syn/input/007.png,RainDS-syn/target/007.png,466635,346588,889ea9ff9b176e3213e09aaa69fed3b87dcdbbcdda96225792b4e344a05e56c6,f8f4c0a7944a271a7a82c367936898dc941e2607b2c31129405482c420258b0d,8fa845883fd2e6122c87d03799f7691c7ad104aa96ac03522a8c49c70125bc7b
four-method-motivation-six-domain-s2026-20260813,RainDS-syn,discovery,17,106,RainDS-syn/input/106.png,RainDS-syn/target/106.png,702312,514832,59eebd24d49015365fba5a14af3b39ac859913926a1616102dae21c7bacd3a66,7a9e06a588dc0ba582eb2052a9334f52bc005a4eda97cfd382b4ae24f7ff868f,8fd6506b83a8be9da8b7c86163bc8109652f6153e5beb5467e4116e4eae36e93
four-method-motivation-six-domain-s2026-20260813,RainDS-syn,discovery,18,186,RainDS-syn/input/186.png,RainDS-syn/target/186.png,847637,663526,ecdf1205d67555d8a1efb1d5158d1f761b9d9a5557d84128bfb11fc16a36a2e3,6d49f8238b01f2d28c0c098a5d91f88ad6bf81111b641d1f6f154d726dd0ea09,8fe1151a9bfb3049559052b60364f86b05657fde438a7d60c407a18bfbb04856
four-method-motivation-six-domain-s2026-20260813,RainDS-syn,discovery,19,063,RainDS-syn/input/063.png,RainDS-syn/target/063.png,485043,357663,2f1956c134066e5f22495d786f4a17fa0d59e2259293a393dfde5e8411d119b7,bdf7e7b04fb175a184b5960bf8fd2eb8b394c735fd253e785f84f013eeb8e354,903fde83ceaa6125eb6d18895bdb8c9eb48a9ba9f8caa79cf9e62863b5229971
four-method-motivation-six-domain-s2026-20260813,RainDS-syn,discovery,20,046,RainDS-syn/input/046.png,RainDS-syn/target/046.png,703341,555197,00a2fe82ab1f6623eef530b88bde7e574979972b5286cb21a463c7b49a50daec,8781546c670aaa67d643b252a097f4e02bda4986d6ed89b3f30b671784a6585c,90d1023b8e726c7d29b57aac885ba83d194725573a8b44dcddb1605969825625
four-method-motivation-six-domain-s2026-20260813,RainDS-syn,discovery,21,099,RainDS-syn/input/099.png,RainDS-syn/target/099.png,476772,282964,a12d46a05904e2226aca8f716ae1fa19165e74c353e08a244f56bce6c11a6d34,a90af338ced73a20ebb848659fda910c035087d97da853060ec972a3c5e0f821,90f58ca957b33e44927cd80cdea782a73fc1ee2574686e5d403f2c550b377f8b
four-method-motivation-six-domain-s2026-20260813,RainDS-syn,discovery,22,023,RainDS-syn/input/023.png,RainDS-syn/target/023.png,465799,314332,1d6b5ffcb250eacd896b0f52c8c1746ff00397980f0f7eafc2df9ac5a857f84d,478ae79c9aa2a423c54300a721509cf4255c9d3db30a7e340a5418e8febe980a,911e32b06c0cb4c1e80c84dda671ceb661212ad77cf13d5badc038f06c6f4e5c
four-method-motivation-six-domain-s2026-20260813,RainDS-syn,discovery,23,065,RainDS-syn/input/065.png,RainDS-syn/target/065.png,489144,368473,767d2f706511c7a7effe9da95aef8019013024854b13b982d13e0a93fd502868,c6dbadedff2b20784a7bdadc84fba5defa6c810e63d592294b5673632c59f7a0,916bb6d0f3ebb4c1156635eee167d81beb8776e347c692766bb202e561470cff
four-method-motivation-six-domain-s2026-20260813,RainDS-syn,discovery,24,060,RainDS-syn/input/060.png,RainDS-syn/target/060.png,758505,536063,d0572ede9250c2b3002eb3af1a16e556719426163da4293aae0388a83c3d06d1,56b48f34a149e0f052c532bdfae1d411c9564e79162196e1751a8fa3bea825fe,91c31062856f4f5e31bbcb0c81f66eb569078bd43fcd40e2023e11d95aabfd81
four-method-motivation-six-domain-s2026-20260813,RainDS-syn,discovery,25,117,RainDS-syn/input/117.png,RainDS-syn/target/117.png,456205,314736,9b3229cdfb11eb739017c4c57e5b2f597f8c5ebc7b921e1a2014dc3323791b84,2276584fe164d2dd2bfad736f749c1d99dd43bfeaa5be6354f0f27ba2f8e6356,946b9ee16540580de85aa8d43c08e34f49c0a530ac689d56ec3764055ecd78bc
four-method-motivation-six-domain-s2026-20260813,RainDS-syn,discovery,26,193,RainDS-syn/input/193.png,RainDS-syn/target/193.png,678095,477630,e53e6cadeb7b56197149114a713aa183ef009d43e9f8d248009af58a983f39a6,d5e2e014e392a37fd1708e659dfd330b4ea6326150d89f98835bfbf34ac8798a,95b61c771d4906d3de57e09ab82f82dfe9631711e552f129247b74df866d585a
four-method-motivation-six-domain-s2026-20260813,RainDS-syn,discovery,27,197,RainDS-syn/input/197.png,RainDS-syn/target/197.png,487330,350015,5ce9db5668dae51b45d2b59587ed1c272cc6104697a68847e266addf96a1ecbf,bbe7ff93a9e1f052f4e8b133744704ed382565be36725df349866cabc320b183,9817f59c11f01a326097e96c811ce2d23a2a515eee8c45b9cbe3dd9395f61361
four-method-motivation-six-domain-s2026-20260813,RainDS-syn,discovery,28,129,RainDS-syn/input/129.png,RainDS-syn/target/129.png,477229,342146,0886388b0445c32e3f87ea074d0e23132b9de65df9c4fdafc1b3e92e9e5849ed,026b4f639a6ade886ae0da296c56f9d60345c9164663f032a8d64e98684ce0d9,98f0ab910aad895682bdb352546612b011cfc210708ef45a3042e20350539890
four-method-motivation-six-domain-s2026-20260813,RainDS-syn,discovery,29,031,RainDS-syn/input/031.png,RainDS-syn/target/031.png,469015,364890,6a2e2d699648e38b1062e9eeab9177b8bd736330257ab5067b0cf38f5deb9648,ebbbaf7e4d825640a4790294639476899be1f014d0005fc0b3d2ee1288e8f51c,9b6eb73821d811ee2b563ea171475cb3e8e314bb9faefa83b39eed501e335e29
four-method-motivation-six-domain-s2026-20260813,RainDS-syn,discovery,30,084,RainDS-syn/input/084.png,RainDS-syn/target/084.png,830542,664661,0d3358e278e434eb48223d16849af5acd2febc26a1614e4f0b749daa0f63b974,6d6f0ce97361c82717ce113749c445ce1a9473173093d89132aca8c3a467b7ef,9c3c37bc42687363ccd8dabfa64b163598e42c82f43a2cd0d57bc8c9bc094be8
four-method-motivation-six-domain-s2026-20260813,RainDS-syn,discovery,31,039,RainDS-syn/input/039.png,RainDS-syn/target/039.png,462458,376465,4adbdf767aee99f976599ed5847a89a26e04e345adafdfb43c258f66d279a9e2,a4c2af2d72f334f003bdc4f8b7e14e81307cecaadbe822215e710fba516c97f1,9db1d1b6c6864aea951c21434a538ec2624351bb61609df1de48797809b4799b
four-method-motivation-six-domain-s2026-20260813,RainDS-syn,discovery,32,085,RainDS-syn/input/085.png,RainDS-syn/target/085.png,736554,501776,df6ac50b0d916fa44b94f3f9958164b174acb3f06df2553424b06827079ae9d7,e32a2f561e8d8397e0f7649ee1e8e61a8bc99b6ceb7a0a015b124e512c4b3464,9ff8493a0eb776584d449ddc4e38ef5e38aa4cd34d113118a4f56f89867a2067
four-method-motivation-six-domain-s2026-20260813,RainDS-syn,discovery,33,133,RainDS-syn/input/133.png,RainDS-syn/target/133.png,491755,317836,47fca7fa880690d09d31066a74d8d9d28e36c06d3114fdb7f6a1997d430a721f,428ab6dfe62ff987fe395f56a698207417e4098a641e25efbfdda27f59879552,a24887419759719a773ab52bce8332fac04d261cc090a02ca0d3288603eeeae1
four-method-motivation-six-domain-s2026-20260813,RainDS-syn,discovery,34,119,RainDS-syn/input/119.png,RainDS-syn/target/119.png,755577,556599,cc007e88d9e04a952e74130428befe16990cda92b82444419cef2badf380bb29,27b4bbf30362125e0961d87b72b1239940dd7bf0b696b081c848e5f105c28d20,a41c9fa4ec0711fb606a8122d0599f59a969f30fb34dc673cd145546b1d71171
four-method-motivation-six-domain-s2026-20260813,RainDS-syn,discovery,35,125,RainDS-syn/input/125.png,RainDS-syn/target/125.png,493748,357965,047455351898b3442eb891c30acff38e0e3a9918df797922f6af2bb94ea6eb66,b0d0e374075f0751d91f0b41f504b21699e8997c754f03174b6d598706dfcded,a4903688a75ec7c3fc13d37a59e0a6ff257c340b8b0390bb4159cd951611fcd0
four-method-motivation-six-domain-s2026-20260813,RainDS-syn,discovery,36,097,RainDS-syn/input/097.png,RainDS-syn/target/097.png,812363,656893,7555bfc63d5d5f6ceb1ac622ba5a945ec7dc5bb0912d4a5af6e3d694f070d7c1,9de107896c81248fb2bd335108d71b03fe5635a531b826335069053d7983401b,a5dd6873efaaa39be43f0a47900926f44f39c26bbe91e1916fa34a3493a86930
four-method-motivation-six-domain-s2026-20260813,RainDS-syn,discovery,37,078,RainDS-syn/input/078.png,RainDS-syn/target/078.png,823369,671473,1664c04a276e12b2199c6ffbf9e4704e9faa0b857e82c45ce5ba8f52afcd3b6b,c8f522bd440ad9571a3ae8358aec4cc586394019961ff2548881131f65593470,a710c3937661fb000ec108236817f9e40cb1aec4014d90122abde86f23596bb4
four-method-motivation-six-domain-s2026-20260813,RainDS-syn,discovery,38,163,RainDS-syn/input/163.png,RainDS-syn/target/163.png,752497,589418,6cc04d17b6d7af3f5c0bc2ce9428785abd230162879d45e5d3645d5c241bcf81,e0bf3a6031a63a1403ce637a2ee3f3f0df1c8ade856934cb4fe485569c501069,a808eb5c308eeae3cb4ddc0ddf282238bd6babff7034e262c374c0b3dd6dbcaf
four-method-motivation-six-domain-s2026-20260813,RainDS-syn,discovery,39,091,RainDS-syn/input/091.png,RainDS-syn/target/091.png,452891,289789,c34704c860429456d705e37b41310512f7b665936632e43fe9bca65937436a22,bcd6e0a8e52efe009493d10d0ca0d0195e631b167bc543f66d84603adba3eb64,a85e4a618e616806fe62d711e62089d073a8b3354fa671c8b4abd860abdfdac9
four-method-motivation-six-domain-s2026-20260813,RainDS-syn,discovery,40,134,RainDS-syn/input/134.png,RainDS-syn/target/134.png,433099,253123,84e87ebed14b2a772aff162cded71cc6d243ee063d23dd0eba7b606382bf1cc3,97fb0b085a741ea1710469301e8a08fd4d87cc20307619b1388fcc839ce4b9f1,a8d5d2345352b224717c766187b53e994e23fd0011151a8855f30a6a7d87ecb4
four-method-motivation-six-domain-s2026-20260813,RainDS-syn,discovery,41,069,RainDS-syn/input/069.png,RainDS-syn/target/069.png,500022,366052,3c299e5961f4dfbff6e41aa0e8c34314241426dda57a59792c4403c369736b47,d2c6c207a290922f5354903ac1d0c70a259f99e7c9880124e3c1ae1ea05d8cd0,aa01daa9ed32cf8224b205651a3e21820acab776a254ac32c3ddac46f5d3dd8e
four-method-motivation-six-domain-s2026-20260813,RainDS-syn,discovery,42,024,RainDS-syn/input/024.png,RainDS-syn/target/024.png,754691,581432,e913694003780d8b1bb83ed14ee20c1225b7f8393a0c778675e69348429b548c,d5cdd01f18e7cf5dc642c5f17959e91d06888dc0a4c73073c2d4cbeb931b3506,ac0d612a3068b9da54634b83331136a5740208acbfc5463161146a396c00cc89
four-method-motivation-six-domain-s2026-20260813,RainDS-syn,discovery,43,058,RainDS-syn/input/058.png,RainDS-syn/target/058.png,768147,573983,91e45e325e82c4865c4dd2f36c7920fe08de48dbe60ea76968349a9bd6261efe,a479488b12d6aa3b94cfabcfa6fc334136a102739687bf6033651fbec118b62e,acc7cd92d7ec8e0ba7092f4d8130413c4d8b0f2041e0127ae6dd9ea6cb472169
four-method-motivation-six-domain-s2026-20260813,RainDS-syn,discovery,44,018,RainDS-syn/input/018.png,RainDS-syn/target/018.png,787872,563804,a7075a5b03394bb2240c5b676ae016713a9cdb8d4e93f1f48f1976258bce8aa4,a6173c8536f458643cd5b73319f5e65a0e2325a92c317b7357fc3a13d4a5c0b1,ad0522c4c42ac4afc252119a44d839f479a57965bb3421ffa5c4e888342b74c0
four-method-motivation-six-domain-s2026-20260813,RainDS-syn,discovery,45,192,RainDS-syn/input/192.png,RainDS-syn/target/192.png,808352,660841,b4acced88fe159c524db1b6cbbfa1b5bc425189aa6d537987ee4ccebecce75eb,db890d915d501f9494288763be560839e100a621f749d8039528e749c92a99d0,ad7bb073958ef348aacd7c377de321361044e45a4665481dcd68e9b04581a4c3
four-method-motivation-six-domain-s2026-20260813,RainDS-syn,discovery,46,062,RainDS-syn/input/062.png,RainDS-syn/target/062.png,739268,547426,108a17b9eb984051f429b59dd70ff5d83979ef46810de0dbea3ccafa363eb785,8ac640b4a80d9674950e937f1fcf796a93d4921c36e79384591fd9419d2e0f04,b022525b8b05547f7e105f4ab800e312d7864e410af03516565613b8bca19c2f
four-method-motivation-six-domain-s2026-20260813,RainDS-syn,discovery,47,149,RainDS-syn/input/149.png,RainDS-syn/target/149.png,481858,407725,432d1a4f43c72b66afd2e4900d811c90fd3c915718c028a91f46454cc9b67847,0aa2973834e360a5b213e20c1568cc8710f0ce0c71796fa1a4cd6ba0fdddc7c5,b05f0aea0170967c95cae998e044b9e076c772f4fbbd59e5aba3d53405b83fb1
four-method-motivation-six-domain-s2026-20260813,RainDS-syn,discovery,48,105,RainDS-syn/input/105.png,RainDS-syn/target/105.png,488665,370368,a910677cc394bd43f232e3826c25df0ceb3362f93354dcbb6a120ea754d56fcd,f0bfe80945fd6d62cddb7cf1e7c581c98f603fb85f4856089717dc87e10fccd1,b0b1f2eb6d11a6fea5d7e4ac8eca1bd382641e15b0a3094d7e3095d8642ab623
four-method-motivation-six-domain-s2026-20260813,RainDS-syn,discovery,49,048,RainDS-syn/input/048.png,RainDS-syn/target/048.png,493648,367442,3c665d5c96bee0160750bd91923cfd0410983ed8cd823956df132fcb4da6a6df,df69ec8414ad0380e61db7c899471becc2836de849e21dc2ca142957a548d799,b46e921f21c9ed72aa28cf79b67cc47a8c345f2fe65842250ed7d952876bd7fc
four-method-motivation-six-domain-s2026-20260813,RainDS-syn,discovery,50,148,RainDS-syn/input/148.png,RainDS-syn/target/148.png,469963,261927,ac097ebaf543fc350ca9b8d57117d64e8ddb653c8d5c0c389de6e0d45a284eec,4a24d9d88eab43ea8d135e54a27792ca54b4026272ac427e2583ba172bce20d1,b6ba716631ec07647f0d868d43e643f7b8cc856d66f689982f5457e14edf2e40
four-method-motivation-six-domain-s2026-20260813,RainDS-syn,discovery,51,011,RainDS-syn/input/011.png,RainDS-syn/target/011.png,720691,552105,9162a105c91986408d8f9b592ece18cac150e0dede07fe94735ac3f04dcc992b,9cf2571329eec2d5b21df283a892a01ab808ee6088b6c022f09079d64a70ea50,b93828517feed478d29fc6ed123eaaddced201608ca06ba7bc3ecf19e5ffa029
four-method-motivation-six-domain-s2026-20260813,RainDS-syn,discovery,52,028,RainDS-syn/input/028.png,RainDS-syn/target/028.png,477918,366293,382f0259dd2968194dbd156814dfb5bcb38e62c547a2d8d3092c9af088ff92c2,894929ea3bbd5ae26c29dcf9d66f933ff8731ba2cad8a8cc4cd2d7acc2db1248,b97abc2168ad56bb0bb73d11a287b76d224d1988e8a63eae8e234eb06c639cb1
four-method-motivation-six-domain-s2026-20260813,RainDS-syn,discovery,53,194,RainDS-syn/input/194.png,RainDS-syn/target/194.png,753250,546647,4cc016994479fdbfd4062f20f37172d3b92bc2fef9dafcafdbcd16aa275df5b8,aed57c240272364f89c1077f2679d779bd95578f520a0caab7d2010f283624c8,bbdf812efafd2817e44b07a87eac4333d195d049bf6e3e2d3468233eeb3dbd7d
four-method-motivation-six-domain-s2026-20260813,RainDS-syn,discovery,54,067,RainDS-syn/input/067.png,RainDS-syn/target/067.png,816226,659876,07fcbf484e61226b5e8c85543400cb6ebc1caa027aa5e226c647c46bde1b7e49,48f4858e018dfdf9573e351886ae781c3889c8783548a03934a4d3d5c723c79a,bc89f31e0fdb86b328f4445dd3a72196e12d8826420fdeaafe5312581b1b1ee8
four-method-motivation-six-domain-s2026-20260813,RainDS-syn,discovery,55,177,RainDS-syn/input/177.png,RainDS-syn/target/177.png,763520,627099,696619bee0cf4b7339f74ec248f1b77c2cc084a3540dd75e40a1b82247bef678,92c9e37e9f59bf4018bfb656aaf7ec709afbeff09cab1c15ca807ee4118df4a9,bcadc324db3bb9066e00d8bee45697bbc1029f887eb3f9f77be3dfa4c0b6eb62
four-method-motivation-six-domain-s2026-20260813,RainDS-syn,discovery,56,010,RainDS-syn/input/010.png,RainDS-syn/target/010.png,807979,668525,a45ff0ac98e5332f78b6fce4ce85c5a4c32809a590bbcb4667514607e73d62f0,e705755e722e8c11dac83d4fd0b71dee3931953e9a101c9540dc677159444679,c006835f1b16a66950915ca416dfd3871bf6c68dc49510172baead03aa32369b
four-method-motivation-six-domain-s2026-20260813,RainDS-syn,discovery,57,040,RainDS-syn/input/040.png,RainDS-syn/target/040.png,481606,344283,76970e290c350d9cf0aa651ea6f5a135e684e7a5d7f6409e21c842f5b4fa9b08,26104f3032fa0f66ea2471279612b79444165a3196e94291a3f8651065c03d19,c04e5949ae3000c749682fffa9b1659890e3f4f53ef796e172ac8fbbe3fdb246
four-method-motivation-six-domain-s2026-20260813,RainDS-syn,discovery,58,162,RainDS-syn/input/162.png,RainDS-syn/target/162.png,521872,408404,30e4dc3dfa9bc30b4a5eeae6ab023a32fd236b6504634d04497da23d28b8e957,63a4041159ba342bd31879fe2591c30653f440f2e9de089e06e368de4a708c18,c1254542bcaac31d6841a877610640d0fec6242dce6352492d81826fc285f2b7
four-method-motivation-six-domain-s2026-20260813,RainDS-syn,discovery,59,049,RainDS-syn/input/049.png,RainDS-syn/target/049.png,705231,507846,0ccd7de63fdac3bb5e1db1a7a03c56805b1eb97ab521b555095df243b2df78b6,bf641fc7c78056a9937b6f7cc5ea945b794ec2a7e74d125f38c7c641a3b1cf81,c3095b0ad3b63f30c5dee873a4fb42414ba2531905061a4aaf5016d6d6416f15
four-method-motivation-six-domain-s2026-20260813,RainDS-syn,discovery,60,188,RainDS-syn/input/188.png,RainDS-syn/target/188.png,770627,545322,cd7fa1a2eda9385f3f6bb603f160bb84b412378cfc3d8787325a2522cc18b22b,95f6ff915c460abba33cddd51f0f9fb0917df5b2b66e9bc1328a87d2d5723f0d,c3700ce8d81759f5837e7a94d28ed11880a0d4146ef7f787ee8a4087c5a009b6
four-method-motivation-six-domain-s2026-20260813,RainDS-syn,discovery,61,042,RainDS-syn/input/042.png,RainDS-syn/target/042.png,774248,584609,bbcd1e6d7bf8d0b96b7327f3cc7d13eb12fe6e1714ef0ce2056131765777070b,0dbe8bef467fb3ac72007a66666c7aa4ef5dc780229dc4c4438cca5178a629d0,c37caf0a4db7989037392f6aaa5f02df5d3e147b7d45a5b12dc4b5fca2fbe4bd
four-method-motivation-six-domain-s2026-20260813,RainDS-syn,discovery,62,172,RainDS-syn/input/172.png,RainDS-syn/target/172.png,446306,314093,fe211a2e69e2853a0e7dd8f919dd86d4fd3328ed317f511154489a79150acb03,7fea070ed4cb2ce4ab82b822e08c6b863f6f895a9468ca394a96d79291d9f671,c401afada9e4f672c0dc701014d5302cf2a236affe917a6f8f45dd2f5d3564b2
four-method-motivation-six-domain-s2026-20260813,RainDS-syn,discovery,63,151,RainDS-syn/input/151.png,RainDS-syn/target/151.png,703689,532016,c4efa28bb4eaa854548b7a207410b01f7332fa861e358867c242f732cc7956cc,9f9b07a2eabb741a25fce1b736b9acdbc89fbfd43e3fa64e82fa14f207049e4b,c48e96241260697690976ff24cc7801c1e7341d7223f00f7f744cfa509e3da71
four-method-motivation-six-domain-s2026-20260813,RainDS-syn,discovery,64,009,RainDS-syn/input/009.png,RainDS-syn/target/009.png,459200,372140,49e154b5b184fa422a993c629a81cade6ace95b05835621d85d7272f6a326914,accfde9a6316ba2f54dcf1ce6c07e4a3fe4b4a9cf7bd7465e57174ce13b138a3,c54c9f6d316eecfc20c2bfd5ac63e58c2ab7c7621fc810596556dd32517649e5
four-method-motivation-six-domain-s2026-20260813,RainDS-syn,discovery,65,126,RainDS-syn/input/126.png,RainDS-syn/target/126.png,463494,301396,ab198baa1c06e83f7ea133315dc90c3c3f6e965d1799abf9eeca5b80ccd4c3d1,4d9f7f3859040ff0e3205e783188d3bd79a834f43ca09d70e6d7a7b5e6fb9eb2,c7bf7dcad5bbe35573c0c3dbec6fc54fdf2de4efa66cda7b6d22f53f560ba751
four-method-motivation-six-domain-s2026-20260813,RainDS-syn,discovery,66,153,RainDS-syn/input/153.png,RainDS-syn/target/153.png,468958,267611,ac513b062b48b80b58c52894beef99a856f950dba5a0426c5400f34722a0e4c4,0da82cfb82c761306e3dc7959447eb13bd3760c22786c508c690029bc19024ab,c88c0995908162968ee08cbc62e4fb22b4e09a5ee4717c1d8fc182e269f7655b
four-method-motivation-six-domain-s2026-20260813,RainDS-syn,discovery,67,012,RainDS-syn/input/012.png,RainDS-syn/target/012.png,752191,553846,cee4e72d0aea74ce13e0e6d80903761ce19dc135fef3c9387aaf75dd5a704652,a24793419befd6a39bd2df956e9a7e5acdce9a4871862590f083a9d48a275da5,c988f222ec025cca9a3a63e2f5c31a5a98617dc86c9505c331a6ec61f4d8bd9f
four-method-motivation-six-domain-s2026-20260813,RainDS-syn,discovery,68,199,RainDS-syn/input/199.png,RainDS-syn/target/199.png,748659,552078,c55d9439075ba4305f61396af4556aed785792e9acb4778aef28f8cfa065f07a,3253087768f872c1a24c208da6015de9fcd3e31b86990df1ec385352df358b73,ca869564c4991c05b3d034a2cc4b29ec9bec655671075020b1ac71914c734565
four-method-motivation-six-domain-s2026-20260813,RainDS-syn,discovery,69,019,RainDS-syn/input/019.png,RainDS-syn/target/019.png,442062,380349,e795f56989688f5ed71f16b3ce49f5916e6068be33818d065ecb8c2200fc553b,8fe69e518d123cb369a27a288ce62b51222efd3448ee5ea462f2d265ed2d69e8,cac4f977c4ccd949856653581ec6ce4548230f57dbe67c8d1568dca7c0563f76
four-method-motivation-six-domain-s2026-20260813,RainDS-syn,discovery,70,132,RainDS-syn/input/132.png,RainDS-syn/target/132.png,770784,590555,adf6fe58384b97b34075bf299dfa50a6077ed77b42f997bfc3806974e6666bcb,7347bf46fb825137ad2983872ceb420b77cf146fee549f1a57ac3405907a94b6,d0b1e27eba82ef6c0663fdc7638824c7db04e379cc6682953d3f572a386b6e4c
four-method-motivation-six-domain-s2026-20260813,RainDS-syn,discovery,71,002,RainDS-syn/input/002.png,RainDS-syn/target/002.png,490019,369495,284e7d512c45da947dbf5247e5765800ca7f4dc8e100bb7c8bbe2c1308b70820,306fa4ff9db4e6992ff836fef8e2ba86bd8bf061fa0e00406e4f15633d0436d4,d1741c5148a90a1cd533609fc286ddc7cdbccf543699ccf421dbf007e2463cb5
four-method-motivation-six-domain-s2026-20260813,RainDS-syn,discovery,72,074,RainDS-syn/input/074.png,RainDS-syn/target/074.png,502817,365376,a4ac9fbcf9b8a9ecceec97678b30edbe0c5dccee6ed42dfdd52889686dc11578,5703478f423b66caeadef11c5d5ef34db63fe157ec1229ee1d55cc701b10d983,d17d421a648606244a8a789f29883eb51663be68d3647b130186bf478d255862
four-method-motivation-six-domain-s2026-20260813,RainDS-syn,discovery,73,200,RainDS-syn/input/200.png,RainDS-syn/target/200.png,474373,340448,04cc337121c8051ca2984caafa2b116465f7509a1181123c5b17763b943be80b,c37e32ec1a091d245df87c31bafc0a821a2b53b50fd5fb87721f6acf76b6aad7,d18ec9cbe13f2ffa89875700a5532ae5d844303f1545f562f9eb6907ca1d23e7
four-method-motivation-six-domain-s2026-20260813,RainDS-syn,discovery,74,092,RainDS-syn/input/092.png,RainDS-syn/target/092.png,486503,338536,f7b63b6abfb7100badb2a03d5986e9037b9a45616d3ee55b9c5b9162cd2fbf2d,f3731e85dfecf89d378843ee4d0aea54794961a6b294f5908ecfa8ff01074fdd,d62bcdda77b74a08fd56af2f4b9588104d8d6bdaca7f8bc364274c0a10f54549
four-method-motivation-six-domain-s2026-20260813,RainDS-syn,discovery,75,107,RainDS-syn/input/107.png,RainDS-syn/target/107.png,488310,323700,33fc7cd5adf4b22976589303e70fc3a255d0fda7d34164cfb69d5eda5645256d,0575132ed2a90dc29fcc3c48a70687a52de4798fdd3ac6476d5875efd5961934,d6a1ed61d6e7b83dbf8c93fbe2acc193fee9d783ed1a74f82f264feaf041b9e7
four-method-motivation-six-domain-s2026-20260813,RainDS-syn,discovery,76,143,RainDS-syn/input/143.png,RainDS-syn/target/143.png,683255,466162,5fd9e24c74df1d53b51e56c3554fed70e5d2c9c1c6c5e9b113e0ce8a28a9b508,92f8384c54c1d71e7c0a95cc4fefa43bb7e98c81d993b999f367260a078e71b1,d7995ee48b65df7cc4ce7c8acbac8f9a13696a5c6afc3357ffc6e9c80a4a51b0
four-method-motivation-six-domain-s2026-20260813,RainDS-syn,discovery,77,056,RainDS-syn/input/056.png,RainDS-syn/target/056.png,814262,648197,a5494c628e1280638c9ba2916092448c85d8da0cfb6a853afdc099f9f1a30a54,efc82777b010f5efdfbb1f091b57fa1507c609d0133f50c8c952aabacee0513e,d85a56f9facb21378cd57baa90e921b99e7d4f90328f2bc264fc8b59cddc3342
four-method-motivation-six-domain-s2026-20260813,RainDS-syn,discovery,78,005,RainDS-syn/input/005.png,RainDS-syn/target/005.png,480568,307309,4c0f0b331e8747298e937c4f0137467f7efdddd841d14bc167713ea579f58724,548de50271e1d6b8374d8c6297243376b0601c7434692232beb03c27c6f3999e,d8d810923040893d22439becae4c79e78ad05f9ed630473409fd0f392224ae11
four-method-motivation-six-domain-s2026-20260813,RainDS-syn,discovery,79,157,RainDS-syn/input/157.png,RainDS-syn/target/157.png,499160,367604,77936c9d834ac1b40517d1ecb44bd3b0c1ec02a4e0f46c52841bbb4419b462f8,cd6f3ac408863866ae0b97542a4203da76595fab2d690abd4416692fa9e564e0,d9d06f7889b031207738aed6d1ef1f0497829ee5270685914488079b60bd8bb6
four-method-motivation-six-domain-s2026-20260813,RainDS-syn,confirmation,0,141,RainDS-syn/input/141.png,RainDS-syn/target/141.png,773991,583963,87720573799af0ecf5ad357f6793e34d8129e3be6b8d1bbee6ecae6bc3514304,ac40e8c3070824ad6dd3f9db2982e8a6472c08cfc2becda06dabc974b5a7dfb6,e01aefda12bd66383079ef04c489bc5a15ee48a3d92dfabc3ebd3fc9cc8ef9c8
four-method-motivation-six-domain-s2026-20260813,RainDS-syn,confirmation,1,111,RainDS-syn/input/111.png,RainDS-syn/target/111.png,519433,344959,55d1137273b104da4cadebe3939020aa821ea5e9a78b2c2f868dcbade2df9470,445955f49237bf2c81d3d8145b8cfc38970eb6d70a130673a0a45f0177b708c6,e03c6100e4f468ebcc98c296004cf55b7960afa6c736620ad12970d43de56df0
four-method-motivation-six-domain-s2026-20260813,RainDS-syn,confirmation,2,139,RainDS-syn/input/139.png,RainDS-syn/target/139.png,821513,617663,e5bbede9d13613dd4a72ab19dfac1823a9124f30f7fa3d7e6f7dcd2cea466ef1,9e04d173a564b2160e208ab9c5aa154d4e5bcfa444250a3527e01757ca7a5038,e1aba876ed70a1ed11c01b079880eb35355582d1ac3b86beb8fa5f3883378dc9
four-method-motivation-six-domain-s2026-20260813,RainDS-syn,confirmation,3,068,RainDS-syn/input/068.png,RainDS-syn/target/068.png,480907,352114,1e05742806956bed9f37d8d0e55dca088af4f8ac2269deafcf66eccef717cc77,71ca54db94e1ba62c9d9894063368a247ec5f9a2e2bf5b720e3673f805216a50,e24ecf9e667b30855c19191c6e01f947a7af68d2da36b4ae7a0bce01fa0b8a95
four-method-motivation-six-domain-s2026-20260813,RainDS-syn,confirmation,4,001,RainDS-syn/input/001.png,RainDS-syn/target/001.png,427089,368200,29bd36ba890bdd9538b9a0aea5c3d6e025116c289fccccd79b2c66d55dab955d,4fb920fbf91f2f24650dc88361c7005e70e72c89e26952f4e3a7a2844becc334,e40724d18c9220b94bf0945a07329a6e64402d2e59f8858172735a456c48ad11
four-method-motivation-six-domain-s2026-20260813,RainDS-syn,confirmation,5,029,RainDS-syn/input/029.png,RainDS-syn/target/029.png,689956,512753,737caa54c7ba2284971094e121b745ea3abc6ac07ea13fb00e20dfeafb61ca41,938b8b249c509b4acfc061096ef08e5eb10a57ef84b2432f78682f3295d2dbf0,e534016c4a4125e88bcf73eabeb9f6a1834bc9c36d62e521ab12e86287dbd01b
four-method-motivation-six-domain-s2026-20260813,RainDS-syn,confirmation,6,025,RainDS-syn/input/025.png,RainDS-syn/target/025.png,778096,550887,e9da1676624ffc312a20cbda01c17acf54f065932d282c23f8ccc6066d566ac4,99c77d67c02975fd51a1eae7441eec7c6a714d112759cc4049f859f52c8fc26a,e667627d76624ce9142a14fe4b9d69c57ec8a586e45022851718a82402ea65ff
four-method-motivation-six-domain-s2026-20260813,RainDS-syn,confirmation,7,179,RainDS-syn/input/179.png,RainDS-syn/target/179.png,470048,323333,e9278b81d7961475b77ed12a7fdf9ada349ccdf4a53f57740539befce1f20123,d9451c344da4f3027d75183f60ab68ae7b4350590ef4b3d865576e7cde6e388a,e73c39d3f22e03740f0706010d0ccdafb6149c38ae1d5913265c12a450056e6c
four-method-motivation-six-domain-s2026-20260813,RainDS-syn,confirmation,8,128,RainDS-syn/input/128.png,RainDS-syn/target/128.png,677846,496283,7a1086c039f4dfeb85d0911e48a6fbdc4d2b2dc07922d968465056566f9b791b,4ab9b55671907c382c7b9a7c6730fad99559ce47bfa448e706484e5bbd2a4a05,e9e5edec39faefb6b61e7af12ae1498c4ce326ed2dbf1f2b771eb52b9e4cce73
four-method-motivation-six-domain-s2026-20260813,RainDS-syn,confirmation,9,014,RainDS-syn/input/014.png,RainDS-syn/target/014.png,474111,360785,16c780205bbb1ef72be2030d7bb323093b02ab0b761022b73a109ae1b507f31b,d73599d3edb965b9730f54f364a17ff27835a3ad8f7adf3512087d8417de82c4,eab2a414cf538bcd329344aae9c5e4e576c7a6ea9c5e5efe0cb9ff140802e932
four-method-motivation-six-domain-s2026-20260813,RainDS-syn,confirmation,10,073,RainDS-syn/input/073.png,RainDS-syn/target/073.png,678119,489581,3d7ad8b2d3440946481bdbdfd6622fe63618904bb61c3be253119e68f6d2548f,c910b0c68f4becc5db92a43012bac4c8f1f9cdd0a80e091fb2f5a23e06b57f79,eb6f5b08cfc722eaf1de20d0e038d44cfb3bf1f582a826b3ab4e15b1677235c1
four-method-motivation-six-domain-s2026-20260813,RainDS-syn,confirmation,11,114,RainDS-syn/input/114.png,RainDS-syn/target/114.png,481913,363791,3f6489796cba832d002c2d4bc389067a8b4636546a3445f5930462e96b175a93,c3efe581c5313e66d6f197f87babe1c4b2d9ebde834ee9ed7cd64e71afdddd8a,ebb348053c92dc79c6c1601a517f558d374213bf8aa8b6744709aa5b80da5232
four-method-motivation-six-domain-s2026-20260813,RainDS-syn,confirmation,12,088,RainDS-syn/input/088.png,RainDS-syn/target/088.png,761269,559203,77748fda81f7de35839384bba486508e19c3962c3337a5f2ef91590c86fe7f26,1c0967cb7d7d7cad353325ae66bdb5fb4fc1294cfda563f2e4f92fb1dec5d42f,ed406f2cfcaa28fd83762c3a305ab3090ef172e16e2bf00a14e7f8b4d58590ea
four-method-motivation-six-domain-s2026-20260813,RainDS-syn,confirmation,13,152,RainDS-syn/input/152.png,RainDS-syn/target/152.png,468212,303852,81017e072ad8d25598f8ecdb63db31194f5ee7d35201db8bf00d2b296ab32dee,c6a5deee7c1d1dc29f81d158bb1acaadbe96fac2f215908fd742a67a6cee87ef,eee04ea8f52d2401ec7d72b789f8f401d64e68881c11fdb584ebaa23d8f53427
four-method-motivation-six-domain-s2026-20260813,RainDS-syn,confirmation,14,182,RainDS-syn/input/182.png,RainDS-syn/target/182.png,750961,561188,7e92a274f59f2a4c36f62118cbcaa5609bac819d0a7fcd1b32d55d9ed51c8d66,12b6394ee90ed82eec7c03afbf35c5dde5af00d4533211755f59c20d28022368,f674ef994e785eb413cc04992478547cea3af37929c6cc9fbdf367a8cb170197
four-method-motivation-six-domain-s2026-20260813,RainDS-syn,confirmation,15,013,RainDS-syn/input/013.png,RainDS-syn/target/013.png,480712,270880,25515e0cb356acc185e60d884290f54af581d34e88aba53d9257e4ade0409483,bd664a95c2507ba18b65d870154bb8a7405e7a8c9e68393719bc6ef640c1c5c6,f8f61f3e539510de007611445803467b9b8ed4d1164de9b5f9f264566965663b
four-method-motivation-six-domain-s2026-20260813,RainDS-syn,confirmation,16,016,RainDS-syn/input/016.png,RainDS-syn/target/016.png,810566,645965,3d35db68c3aef5f2b9afe8dad7a136318152e152ad18b215a1093db5af233c47,80871a0be046690883b9d59c9ca6d6d3247e5f7212339f21074eb353dd07fb93,fa120c0fd26167530adec532c0d23948a00df33babdbf6d07d6a647bc481da44
four-method-motivation-six-domain-s2026-20260813,RainDS-syn,confirmation,17,027,RainDS-syn/input/027.png,RainDS-syn/target/027.png,480414,340568,e6d31b8caf848bd668e71e375b3143973771ecbb8a885753ac14b589708e4a36,0b38cdd5edb1066037063ffd229e67bea26befd898f8983092c207f4856e6d35,fb58c7d2c2928ba99848ab79053328c780959e0aa3805ae68a764f60ddeb755c
four-method-motivation-six-domain-s2026-20260813,RainDS-syn,confirmation,18,030,RainDS-syn/input/030.png,RainDS-syn/target/030.png,501963,358945,2ea662b3eddaa66257b9cd5b7ba071ea9c2f06535d37a989131168ae3b29c309,64f0e6ec0753f163b16a1e7a35d6b5877b4dda41b20c9589b84bca3e61689089,fe25c17f3f81409a80f491e668682dbad40ae4d5c933ef53afe5c840465bf21e
four-method-motivation-six-domain-s2026-20260813,RainDS-syn,confirmation,19,155,RainDS-syn/input/155.png,RainDS-syn/target/155.png,470145,352144,632257534017d4e6f1c5d33cf96d7b14b9e4f2e83bf1c00707864e67eb1038a7,02102078818b9805e2516a5929044e8b7f1709c3624ea6320c290b8448dc7503,feb3ccdaea9cbcf3d94f4d68e8585ede3315a179a43d98c25f7d7d338e93a919
four-method-motivation-six-domain-s2026-20260813,RSCityscapes,train,0,0278,RSCityscapes/input/0278.png,RSCityscapes/target/0278.png,240892,208560,77792727fa2519778a654d16302786bcf7d30af1050674e763dbfe460975c987,c5a5be01530c264c2f25dc17ebf811ac09e818ee141fe3f2dce435fd3459e78d,000be4cc4498e508417fe8c9f839392d4d74d7191690062254580fd35bfd91c9
four-method-motivation-six-domain-s2026-20260813,RSCityscapes,train,1,0517,RSCityscapes/input/0517.png,RSCityscapes/target/0517.png,262274,237879,2587a2ce17435a91c6c8e0b2f86a931ce7acaa336f1ba2d230840fa74b04e34e,9e3989156fc6f471ca2c4b1fe3c634369617d3940dbd702d46f54831629ec468,001531c9126e8a7f5c2b16e2904b72d4f97b9006d9d02ade9a4d295dd560b616
four-method-motivation-six-domain-s2026-20260813,RSCityscapes,train,2,0604,RSCityscapes/input/0604.png,RSCityscapes/target/0604.png,276267,223466,ccb970e6bed94601db19ab7402b8184b1b744627f19e611aa59311439673a1cb,84f1042e5e28b998722fd19e63716f1f72145a9a782a362ab5708380d8461720,002d0012323a884918dda6c8b0e7524216fec708735cf86866691a176f2a2fef
four-method-motivation-six-domain-s2026-20260813,RSCityscapes,train,3,0659,RSCityscapes/input/0659.png,RSCityscapes/target/0659.png,271521,204918,a5acfc2e284221e03f451f336f1f44da3d8449561eafaa9372e0a85604244ee8,e9bb7dd6c7fc43566523420cd486853a638e21d1745dee64c3ff4ad3d803e536,00399cf1821df05f4fba15082facdc2ee7f0af0ab79b77c664013962fc39a6b2
four-method-motivation-six-domain-s2026-20260813,RSCityscapes,train,4,0179,RSCityscapes/input/0179.png,RSCityscapes/target/0179.png,261643,197809,897ce0956a67d56ad96028c8038a0b61541c32a92c5ef5cdab60eff72f0761a8,d29d63c50708da7860abb9e727e7ce820f81c94ab8963eed1281ced1ea220899,0054e97d83813b69a03d61cc9fa6b8da2fa3601a9b3d0fde8d5ef1cc43069d87
four-method-motivation-six-domain-s2026-20260813,RSCityscapes,train,5,1131,RSCityscapes/input/1131.png,RSCityscapes/target/1131.png,290269,185058,7646bdafa4bf5cdd65188fe92f60f9a34dc95d73fafcba4c7c48302e95547f4c,f730fd39761eed371cec5519f831c68cd99b3c02d907e311e0ec2ed42521a63f,008d30eea38866a3024e20dc9256829dfe549cb39753bc6ed287e626e0b3816c
four-method-motivation-six-domain-s2026-20260813,RSCityscapes,train,6,0296,RSCityscapes/input/0296.png,RSCityscapes/target/0296.png,271527,228655,954c6468b1149b4084916c8ec50289a5d007c3d41af0c18f1057898a28098696,17ed8f70f612b848880d6400b8d2d9a488cb5a98d6a76f324ca3d71cc5559da8,00986c388aa6b12ed766806bf67109fa9f8f92a1d32aa4513dcdae714ca832f2
four-method-motivation-six-domain-s2026-20260813,RSCityscapes,train,7,1121,RSCityscapes/input/1121.png,RSCityscapes/target/1121.png,284820,185058,ff54969df3a0219b780aa8b65b6759d6307cfc1b339191e2092173ff39cec27f,f730fd39761eed371cec5519f831c68cd99b3c02d907e311e0ec2ed42521a63f,0173471bb79f2570596a33afaf4a8b90fee74a5ee83c0742a4f6a1bcab4afcfe
four-method-motivation-six-domain-s2026-20260813,RSCityscapes,train,8,1154,RSCityscapes/input/1154.png,RSCityscapes/target/1154.png,278100,187740,fa4893e4f4ae3011c9ea44ffdb22efe4fd5a52cafbd1ecf58ad08276332097b5,75bfe66943c6724c9c55fb528948755eef883a4dd8c2a957d87800ca6d4b6c24,018631cf4f2efc36430dd01a828324b5d027364ed5eaa81e63615a2b46b21079
four-method-motivation-six-domain-s2026-20260813,RSCityscapes,train,9,0543,RSCityscapes/input/0543.png,RSCityscapes/target/0543.png,275072,242000,0bececbb0f6d64bc2912ef9b6a27c2869f4b4959435a6b72cb3e44ea5534de9e,26e637438072052f0d2e229eadf95a215cab702df1f04551bc0b883a0d40984a,01b5c017c59b06f9fd17153fac22bebfb933d65906175892f7dbac4f0c656af0
four-method-motivation-six-domain-s2026-20260813,RSCityscapes,train,10,1152,RSCityscapes/input/1152.png,RSCityscapes/target/1152.png,242357,185058,5205cdc96a66880ac2304695fecea14b44cd8d33e2d1422ef0f8c108a49253bb,f730fd39761eed371cec5519f831c68cd99b3c02d907e311e0ec2ed42521a63f,01b870b44b9ce48a55a6a7f7b24fb336445c5765f4d645d0a873f892eb7ddf9b
four-method-motivation-six-domain-s2026-20260813,RSCityscapes,train,11,0951,RSCityscapes/input/0951.png,RSCityscapes/target/0951.png,238419,204326,df03235872ff6178aa63e9d273ed0cf40dea337a92cb90cb4925a5361aa4780f,1c599a6ca4ea6fd3db3a4d8c9d980eb876197281f12979cb32a354103eee49b0,029b2805dad7c8449110d52013593a870767b45c7e8bb27a88ceb653b6e86b0b
four-method-motivation-six-domain-s2026-20260813,RSCityscapes,train,12,0194,RSCityscapes/input/0194.png,RSCityscapes/target/0194.png,287871,222220,545ae5de3b1048aa47448cfe98f035f3fa5d1dac5021282e80f5fc35c367afb5,ed8156df323b1f6f198f5b40f4347215c41e0736594111b0f0ad642df56e8937,02b62cbf3d9e3ed9a32cd4a20560d9d92657042d6316165767f19da68f36e974
four-method-motivation-six-domain-s2026-20260813,RSCityscapes,train,13,0913,RSCityscapes/input/0913.png,RSCityscapes/target/0913.png,262590,199434,d39fcb3f62832c73ce37e21f6d5a25dd7b96ca0a374b4b864b811f2dd52f2211,61ff60eb0cf1028ca95eebdaf3f039aee205d9cbdf12e98230c247f2efc79d18,0348b255e41cb3cf990f19bb00e12f520d245f915c7987963e67a27f30fa3efe
four-method-motivation-six-domain-s2026-20260813,RSCityscapes,train,14,0477,RSCityscapes/input/0477.png,RSCityscapes/target/0477.png,251298,210468,2ff47b1e107e1e79f2477653d71fb753135e5e52cbd2e8ed2c65f762ce7bb343,b6471608d2224d13ec974348a23b960db5eed31f685febdc588383b216730539,0385478a0f1e81a3de19e896876bed615aab487f1b74b23217af468b599abd09
four-method-motivation-six-domain-s2026-20260813,RSCityscapes,train,15,0958,RSCityscapes/input/0958.png,RSCityscapes/target/0958.png,234321,204326,4bb583f912a076b4e60712c659e53ec0e6af3a2325a0a218f7a43364a94f1489,1c599a6ca4ea6fd3db3a4d8c9d980eb876197281f12979cb32a354103eee49b0,03eb7f2b1a0b8bafcdd0ab3fdcdd5c227c3c67d52b2d87464a2ebccd6ca9217a
four-method-motivation-six-domain-s2026-20260813,RSCityscapes,train,16,0930,RSCityscapes/input/0930.png,RSCityscapes/target/0930.png,274797,199434,38e294eea392e66f4282746e8d59eb22df1a6b281b7d54707dcae9a26a7e42dc,61ff60eb0cf1028ca95eebdaf3f039aee205d9cbdf12e98230c247f2efc79d18,03f697439a8809403eb2d457c1fbc4f201a3530e6a94d9805eb014b9a67534e0
four-method-motivation-six-domain-s2026-20260813,RSCityscapes,train,17,0424,RSCityscapes/input/0424.png,RSCityscapes/target/0424.png,251920,214269,c99424b31095b8053ac918cbb29b810e964a6c015a9d6c41d257f3c6164d9b5b,c4f3ea09735f0dd7b1fedbe13ab08b5a82a28da144b706e011863518a3b52376,0414518e5f5d91f3a23a8bf0c17392e9c69f11f1f849de762a56969203414271
four-method-motivation-six-domain-s2026-20260813,RSCityscapes,train,18,1040,RSCityscapes/input/1040.png,RSCityscapes/target/1040.png,268546,188848,d2d49f0c0dea3c243793fc0272b7bc3320db619ab1c604510a7b2024f420c44d,1ec2e1f99af9fdfa9047ed46e5019497605bc65bdea784f8081b2343011ccbcb,0486110b233d270cb5223bea5f3a7d64f58bc94f737b6ffbbcae1b4401f2ab1a
four-method-motivation-six-domain-s2026-20260813,RSCityscapes,train,19,1059,RSCityscapes/input/1059.png,RSCityscapes/target/1059.png,242040,203552,a2a736869f8db08a44d3888578eb29e7c3f4cff022b1d1d00eed9749d9aa0f2b,ab1520f3a08a6fdd37d694aa3c3bbdf7ec86460e2829588def6dbf0985888edd,048abea53ab93f945170645e5c9f83d9ebf84811c22b3389fb64c3165ddf4911
four-method-motivation-six-domain-s2026-20260813,RSCityscapes,train,20,0967,RSCityscapes/input/0967.png,RSCityscapes/target/0967.png,281013,204326,0d9df9168cc3aa61f63d4e57550e3009b0b0f9f8bfe51a1086045a7d2959fd9f,1c599a6ca4ea6fd3db3a4d8c9d980eb876197281f12979cb32a354103eee49b0,049e897efd4f8c239aeccf4eb2deb9ce81ab65cb29caaccfe5d70d2e2a95069b
four-method-motivation-six-domain-s2026-20260813,RSCityscapes,train,21,0362,RSCityscapes/input/0362.png,RSCityscapes/target/0362.png,293278,217146,7a292f79ab4947cfec508c0570e06b7412b1d55aa2c8ba5b3af17ded8453070a,2c21bc16cdb747e29b0e686eb369120e7a99a6c30a8532045732cbc91c264eb2,04ea8c28e19bd8cbf94f1f7239d3dd13f8b2a172080c58ee289f7aaa3dca49f1
four-method-motivation-six-domain-s2026-20260813,RSCityscapes,train,22,1180,RSCityscapes/input/1180.png,RSCityscapes/target/1180.png,268995,187740,88d8699d6c6caad1e610b44b1790c34cc660eda3c6532cc1fa02a613b66191d3,75bfe66943c6724c9c55fb528948755eef883a4dd8c2a957d87800ca6d4b6c24,052afcb7e8d56798e21496a725a7ca742a495a99deabb2146c0e053a54bea8df
four-method-motivation-six-domain-s2026-20260813,RSCityscapes,train,23,0065,RSCityscapes/input/0065.png,RSCityscapes/target/0065.png,191492,193078,b5c2b2d6647e44c2625c2d3f1ec47aee4d8d0fec56e28b1135f00a2ea0f63704,912315b3722ade1c056a3489e29c251ba1be4acbb540ef859f8e4adbb1920b94,053cde55168565752d8d4ba211578acaa7c3c66bb2f07b4701a5104230d04f43
four-method-motivation-six-domain-s2026-20260813,RSCityscapes,train,24,0556,RSCityscapes/input/0556.png,RSCityscapes/target/0556.png,297901,242000,f141bca10529c067c06c01393bd68c9f64bd9f6f858c88b889fc20ce5d5ee86e,26e637438072052f0d2e229eadf95a215cab702df1f04551bc0b883a0d40984a,0608fa02636cd5b45db8a6196f3c9e27abc53ddcf8970e121dff684ce846cc1a
four-method-motivation-six-domain-s2026-20260813,RSCityscapes,train,25,0273,RSCityscapes/input/0273.png,RSCityscapes/target/0273.png,199585,208560,f19328e0b552f6b49ccbbf793ad568620751e036ef8fb5750d20f5299de74b77,c5a5be01530c264c2f25dc17ebf811ac09e818ee141fe3f2dce435fd3459e78d,06175634586bd57ff21ef80b53efaeeaf9730a13244598f51329c5daa1770daf
four-method-motivation-six-domain-s2026-20260813,RSCityscapes,train,26,0623,RSCityscapes/input/0623.png,RSCityscapes/target/0623.png,298150,222333,a8f4910591f29556692dbe6bb3ba7ad876c6e6037ffc2959af04b367468efd05,ce0d8ff4a505dbbcbdf43fc524bed4093f32ec0b6b398ca791d23da17e611da6,065d8283518e4273c6c7c5edc7cc41e56c32454796bba7fcc48a8a075080639d
four-method-motivation-six-domain-s2026-20260813,RSCityscapes,train,27,0858,RSCityscapes/input/0858.png,RSCityscapes/target/0858.png,258340,209112,b495bad11b85978937ee141a72a1bb05e944b1bc3317d34d16e9af1eeafce213,8a2ca0b6a678a7579258bdb0f07c76e7ad849090111fbd4f38f6d4a7dceb9b97,06df201b1b406acda87f3191517fe7c162f7f5838ac7bda23d13e3c01453cb51
four-method-motivation-six-domain-s2026-20260813,RSCityscapes,train,28,0323,RSCityscapes/input/0323.png,RSCityscapes/target/0323.png,256302,228655,2c3c54ab9b1e02d9c36ad278e69f3b9e0897485cedcae1fc934c4bef61222278,17ed8f70f612b848880d6400b8d2d9a488cb5a98d6a76f324ca3d71cc5559da8,07252eaf6f9ed9e10c2a23cdf06a66907b2531a2e2948d6ee3aff84c651da637
four-method-motivation-six-domain-s2026-20260813,RSCityscapes,train,29,0253,RSCityscapes/input/0253.png,RSCityscapes/target/0253.png,264967,208560,9a7b0cb40d0ee7a457dfeb66b854f87ffdb91102a1d05d0b66a94815c3703cf4,c5a5be01530c264c2f25dc17ebf811ac09e818ee141fe3f2dce435fd3459e78d,07996621598c4bd144316aba05cb49e7a15e83c1cbe48263a326b62e86098f43
four-method-motivation-six-domain-s2026-20260813,RSCityscapes,train,30,1129,RSCityscapes/input/1129.png,RSCityscapes/target/1129.png,289536,185058,99ccd30fec56805b634cfad5fa358f6fc619a427eea0657504782ad9d9ad530c,f730fd39761eed371cec5519f831c68cd99b3c02d907e311e0ec2ed42521a63f,0799a9d93e7a6059a35927babc8d9bb1836cee20e1f9c9892475a203ba2bd8d3
four-method-motivation-six-domain-s2026-20260813,RSCityscapes,train,31,0131,RSCityscapes/input/0131.png,RSCityscapes/target/0131.png,222011,204556,ad3c3dee54fcbbfd2ebd96b15cca8186c376106e4eddfd47479858c2de373e40,cbacc4c204a32c6877556d8b22fc18f2987c1825ab2bbe643930925da381026c,07b00a8c0caa52b59003ca0f61c2a67e630bb90b4887dcb4fea172c78dcba7f1
four-method-motivation-six-domain-s2026-20260813,RSCityscapes,train,32,0010,RSCityscapes/input/0010.png,RSCityscapes/target/0010.png,245887,191320,d16bb7a66a52beee7a8acea4f3b9b47823529278e886445f8dc8ec1df06d59d3,a5f212034ba7c15d59c03d17febeafd9ccc5dc982b0a3bff5c488aa19f276e3e,0846c4428bb87f4f436581a0063270720c74bb32997dac79600fd55514591934
four-method-motivation-six-domain-s2026-20260813,RSCityscapes,train,33,1003,RSCityscapes/input/1003.png,RSCityscapes/target/1003.png,207388,209424,aca26073a759d59fd43cf090f0f5e34306e1e2df5e3da611a3e53b07f1600bf7,d55bf30ba1757631b4cba14260c32c422fc53c939f7445118c18823a1d1c81e7,086176e8a536f1ca5cb77f8c9b0495114adf247a5382bfee2aa586c2e781af7c
four-method-motivation-six-domain-s2026-20260813,RSCityscapes,train,34,0294,RSCityscapes/input/0294.png,RSCityscapes/target/0294.png,266196,228655,f156204bc499589248feece37516bcf1d44ed40ae9e4da413b4af8230cb1287a,17ed8f70f612b848880d6400b8d2d9a488cb5a98d6a76f324ca3d71cc5559da8,08ab9f61fa53cfc75cfe84af887f1ef87cfb6ad1d05c7539826a9a2b2b9f2403
four-method-motivation-six-domain-s2026-20260813,RSCityscapes,train,35,0148,RSCityscapes/input/0148.png,RSCityscapes/target/0148.png,263686,197809,7ef5467beff03839e1224c2713a00a66b91b514eeb9b1d219454e2269aff3bbe,d29d63c50708da7860abb9e727e7ce820f81c94ab8963eed1281ced1ea220899,08afc2659ea724dbbc33b04a32bc32b700e54a82f2a35468a61106d3999ca97e
four-method-motivation-six-domain-s2026-20260813,RSCityscapes,train,36,0600,RSCityscapes/input/0600.png,RSCityscapes/target/0600.png,285915,223466,71a5ffa7b0ab60af052fdad57efd7b855e50ae672ab9b66b872e7d9eb86b0f13,84f1042e5e28b998722fd19e63716f1f72145a9a782a362ab5708380d8461720,08d212bc05de46d39f1ff322be580f578ab1916fdd5568cdc03aa379aaa9a5f4
four-method-motivation-six-domain-s2026-20260813,RSCityscapes,train,37,1016,RSCityscapes/input/1016.png,RSCityscapes/target/1016.png,275611,188848,a4d5f2e833426aad76b15b0ebbf6cfbc4e4192c6038c1429a28fe82234e72539,1ec2e1f99af9fdfa9047ed46e5019497605bc65bdea784f8081b2343011ccbcb,09258ae1c7bfe83eb3fd2dde62d655503d5f1965197329949d625e1ff3f7ce3a
four-method-motivation-six-domain-s2026-20260813,RSCityscapes,train,38,0710,RSCityscapes/input/0710.png,RSCityscapes/target/0710.png,275697,216026,8eb5f4140850383eaa6891ba02c1eaf351746aefd67388951888a15a8d3a4214,6f2616a551e208884b919586f9e78e4f8b588fbc4ee780c36068801f7939949d,0984e3b31fcd62d00888ce6b27f91c411a878e0bde12088414a894b75d362dbb
four-method-motivation-six-domain-s2026-20260813,RSCityscapes,train,39,0009,RSCityscapes/input/0009.png,RSCityscapes/target/0009.png,269639,191320,724a91fe0051c73a136117e79bc791e524b3c2d598753fdb867b5b4abc671944,a5f212034ba7c15d59c03d17febeafd9ccc5dc982b0a3bff5c488aa19f276e3e,09863bb3c0694ce8d016c0a430e76a0cf305ea27f1fc12e72ed82020a28c3ef3
four-method-motivation-six-domain-s2026-20260813,RSCityscapes,train,40,0499,RSCityscapes/input/0499.png,RSCityscapes/target/0499.png,273247,210468,7f297f4c788a2baad302bd2c9d2d77dffdda622d8b3734e13cf1ac4e195d475d,b6471608d2224d13ec974348a23b960db5eed31f685febdc588383b216730539,0a14aa9ea9467c31abc0cb79cdba91e9c54a74aac50c26abcd357388770696b3
four-method-motivation-six-domain-s2026-20260813,RSCityscapes,train,41,0610,RSCityscapes/input/0610.png,RSCityscapes/target/0610.png,271420,223466,e2f0e72efdc60a39cce7eb886c986d6d1ebbe69ff644172651ce2de6ec510de4,84f1042e5e28b998722fd19e63716f1f72145a9a782a362ab5708380d8461720,0a56539c5348b23e5ccb5563f54b60645246df7cd9df175eeb9d2adcac619f37
four-method-motivation-six-domain-s2026-20260813,RSCityscapes,train,42,0507,RSCityscapes/input/0507.png,RSCityscapes/target/0507.png,267729,237879,652ca860bfd444108dce704fc1bd9375221476d43473d1fe1d621cda38373b4a,9e3989156fc6f471ca2c4b1fe3c634369617d3940dbd702d46f54831629ec468,0a945ecf25c04e0d29cc753dfece548365522e20f680acd079ae661676f8dbbd
four-method-motivation-six-domain-s2026-20260813,RSCityscapes,train,43,0041,RSCityscapes/input/0041.png,RSCityscapes/target/0041.png,234403,193078,ea5220e75fd7361313da092b34a25fd7535e156996568c5ccca6877d02578c23,912315b3722ade1c056a3489e29c251ba1be4acbb540ef859f8e4adbb1920b94,0ab10bc60f815e0c2633a220de13e41ee8a96582f0bbd595bdb636fd19a90d9b
four-method-motivation-six-domain-s2026-20260813,RSCityscapes,train,44,1081,RSCityscapes/input/1081.png,RSCityscapes/target/1081.png,227039,189690,55d8142514844805b5f84d4ae79fcceb365b53c17f5eba7458321e2afd967070,9713647dabf8ebcafec1f85e81b3479a18adb9bd9df742af2d5966a968163e8d,0ab18ca6242cfad7d7e65b46b270dcdd601c89094823af97bc80cf89e1b83263
four-method-motivation-six-domain-s2026-20260813,RSCityscapes,train,45,0608,RSCityscapes/input/0608.png,RSCityscapes/target/0608.png,266739,223466,0c5b392c56af171bb2d01e75968628f7c07c39587b9c8ff29097fa0ba6ef8633,84f1042e5e28b998722fd19e63716f1f72145a9a782a362ab5708380d8461720,0afd4892d3e968331fded30a32a9a3326c4e9dec80d2e0cbb62ae1ca162a3eb0
four-method-motivation-six-domain-s2026-20260813,RSCityscapes,train,46,0295,RSCityscapes/input/0295.png,RSCityscapes/target/0295.png,232919,228655,bedb62a129ed8d9397f85fc97e5538e9d6093a796feae400adcc292f043e1b2e,17ed8f70f612b848880d6400b8d2d9a488cb5a98d6a76f324ca3d71cc5559da8,0b2ebd328b9c2ba98da9016a4b558e01a4bf9fc9a84d8d6aaa9988319d7459ee
four-method-motivation-six-domain-s2026-20260813,RSCityscapes,train,47,0486,RSCityscapes/input/0486.png,RSCityscapes/target/0486.png,239638,210468,91e9df30ffcba0120659736edfebc764737443f9f96ca7d47948cca278ba2107,b6471608d2224d13ec974348a23b960db5eed31f685febdc588383b216730539,0b6ff688c8a52651a5e32ce570079322c823732717e627131700150daff5c3ad
four-method-motivation-six-domain-s2026-20260813,RSCityscapes,train,48,0045,RSCityscapes/input/0045.png,RSCityscapes/target/0045.png,265990,193078,0c93917c0d7b499ab609f9798f0e734c043244c49938d48a14bc8db61b6b2a43,912315b3722ade1c056a3489e29c251ba1be4acbb540ef859f8e4adbb1920b94,0c0e103e614f285b1f60e20b99fa65088cf82c1d01ec3ad649ac69e618295b3b
four-method-motivation-six-domain-s2026-20260813,RSCityscapes,train,49,0606,RSCityscapes/input/0606.png,RSCityscapes/target/0606.png,272096,223466,e43bc7ff68d45effdb48b71fb81496819959a646baf33562290fde2983d76451,84f1042e5e28b998722fd19e63716f1f72145a9a782a362ab5708380d8461720,0c6ce293e70f1ccb7f610e217665755efa2bedd9a75b671c15f412e574413ac5
four-method-motivation-six-domain-s2026-20260813,RSCityscapes,train,50,0350,RSCityscapes/input/0350.png,RSCityscapes/target/0350.png,250723,214694,7e5a0c7620a85af89a5e1e7d9b401a58b4991808d809f951a03ef345ae178e3b,0d34d088fb2b2f3f4495357623e9206d5e40cb4d8135bf03d9089496ba252d7d,0c986a0304fac0c90f382613a65bff8fc9380663168bb8325bbdce236d8e6622
four-method-motivation-six-domain-s2026-20260813,RSCityscapes,train,51,0342,RSCityscapes/input/0342.png,RSCityscapes/target/0342.png,278037,214694,31c026b525db884f90e15e65b4dd6472611c49f169d7d616f58e9462050e6e21,0d34d088fb2b2f3f4495357623e9206d5e40cb4d8135bf03d9089496ba252d7d,0cb32934b8a8f112be9ea2ce481dc76d090d42cdb28d0c53a823de8f3e81d2ad
four-method-motivation-six-domain-s2026-20260813,RSCityscapes,train,52,0592,RSCityscapes/input/0592.png,RSCityscapes/target/0592.png,287088,223466,b87a4b8fbe8b618d6c738cdf2133f2cadcad3f149cb25cf37606c7c5c548dc0c,84f1042e5e28b998722fd19e63716f1f72145a9a782a362ab5708380d8461720,0cf1f17b20c49d1e1875739f0401302f538decafa33be82773f8c478be841196
four-method-motivation-six-domain-s2026-20260813,RSCityscapes,train,53,0122,RSCityscapes/input/0122.png,RSCityscapes/target/0122.png,267289,204556,e1b8ed85c1de24d3d2ec11d8812e5a0b8df0b5deda86b7f32f4abdf529286cb8,cbacc4c204a32c6877556d8b22fc18f2987c1825ab2bbe643930925da381026c,0d73f1b22a5085276384fddde05b35df19af6823c7aa0b068ac52c4735d73f30
four-method-motivation-six-domain-s2026-20260813,RSCityscapes,train,54,0210,RSCityscapes/input/0210.png,RSCityscapes/target/0210.png,282435,222220,2f9c6ef5382e7a4ded73be2d3df6aa4f62c38edb9c4b66b152c0620a55db81a7,ed8156df323b1f6f198f5b40f4347215c41e0736594111b0f0ad642df56e8937,0da9125e8468058c87c9c24e8fb433d170937607231ac049bab1a3fb2ce2589d
four-method-motivation-six-domain-s2026-20260813,RSCityscapes,train,55,0628,RSCityscapes/input/0628.png,RSCityscapes/target/0628.png,251941,222333,12aea3d606efab4bcafa12821e9611eee45fb73e54eac79fbc25cdcdbdc70b2f,ce0d8ff4a505dbbcbdf43fc524bed4093f32ec0b6b398ca791d23da17e611da6,0dc0145604abaccfa664a32d480e6cb5e01d68356fd50aeb81ad27b9ced03eda
four-method-motivation-six-domain-s2026-20260813,RSCityscapes,train,56,0898,RSCityscapes/input/0898.png,RSCityscapes/target/0898.png,248211,213064,a9d5bc909e862ef5442010b603364ca6328e419ee4e699dfbca99b345e6230fb,66542c6b85cb06e37840caffef01fe7cf36b745ec6533a4ecf43540b67240254,0dfd4f5bad1406b5e030d4d66d32f2311209eb58f9269494fb071aa48e4b1d61
four-method-motivation-six-domain-s2026-20260813,RSCityscapes,train,57,1137,RSCityscapes/input/1137.png,RSCityscapes/target/1137.png,254740,185058,c1e03b9375adff328357939be2d6db8206450228768aefda173838e547f5a45f,f730fd39761eed371cec5519f831c68cd99b3c02d907e311e0ec2ed42521a63f,0e2351b8ffe9746d678aee240bcfaed7cc69ee4116993135655ea748bff8dac8
four-method-motivation-six-domain-s2026-20260813,RSCityscapes,train,58,0759,RSCityscapes/input/0759.png,RSCityscapes/target/0759.png,274577,204870,2f0b91877387493dca7718fa6f2f3d827c17c240a68a597320ade7b28c68510d,295e2181eb71e67b411b8167e21e8de094ca6975eb81bc04fa96e18ddb05cd97,0e7544d18c32f40b1f05a6c417e9c12eeb218dc31ac1023b0fa5936fa3a7bdd8
four-method-motivation-six-domain-s2026-20260813,RSCityscapes,train,59,0526,RSCityscapes/input/0526.png,RSCityscapes/target/0526.png,274859,237879,8e52cec63ffb20e8cc421ed9ee3ec9e0c6dc592bffe6af7d283b805717ed79e9,9e3989156fc6f471ca2c4b1fe3c634369617d3940dbd702d46f54831629ec468,0e915328ca963f91d8b9e769997d945ecc5935274749c55d78d3f375293f9764
four-method-motivation-six-domain-s2026-20260813,RSCityscapes,train,60,0776,RSCityscapes/input/0776.png,RSCityscapes/target/0776.png,278142,204870,15c0bcdc315596c0047298eae4df6f95b9ea17b69681d84867b1b4229997c3bf,295e2181eb71e67b411b8167e21e8de094ca6975eb81bc04fa96e18ddb05cd97,0ea7f952ba8c272e74b12c5cbf0770460dbfe9095765ee471668862267483d29
four-method-motivation-six-domain-s2026-20260813,RSCityscapes,train,61,0261,RSCityscapes/input/0261.png,RSCityscapes/target/0261.png,240388,208560,ed8cb39d1e65bca8269c615a5c60f03c5c831cfc7de8102f738003f1adb8bd1a,c5a5be01530c264c2f25dc17ebf811ac09e818ee141fe3f2dce435fd3459e78d,0ea93d93e02ed266e7bff4c6a0c0fde7c4a80c05175abba4c20275f6b6d3a6ca
four-method-motivation-six-domain-s2026-20260813,RSCityscapes,train,62,1118,RSCityscapes/input/1118.png,RSCityscapes/target/1118.png,228293,185058,a90d134428a9f0cd55e338219df43f19c4dff39d6ed22802762b1ef9fa1b16ca,f730fd39761eed371cec5519f831c68cd99b3c02d907e311e0ec2ed42521a63f,0f08ea51019f2d2eb0ed6f276c56620e645e35b50670ec679205cba343e2b6a1
four-method-motivation-six-domain-s2026-20260813,RSCityscapes,train,63,1002,RSCityscapes/input/1002.png,RSCityscapes/target/1002.png,232399,209424,9402d3b995b0fcdf3b3d952331fc9f135e467505bad732456d2337f89ff2a8ba,d55bf30ba1757631b4cba14260c32c422fc53c939f7445118c18823a1d1c81e7,0f0c1fad55b27acb9a866937adb1df6ef469891ace26a5aab3fb58eb0793fb4c
four-method-motivation-six-domain-s2026-20260813,RSCityscapes,train,64,0441,RSCityscapes/input/0441.png,RSCityscapes/target/0441.png,242572,209836,d402233cc24e1f9946ebed2a71bedb23b36b742d5ef3a1a107d2474fd4ff9cde,a2433e47b02b872acd38b3518eed21fdbc5c7ade8e71e1854be9c590ddef1a42,0f24ab705f64d90217cbd3081b3c59177e0522a9b19a53a1f209f9cc9a658396
four-method-motivation-six-domain-s2026-20260813,RSCityscapes,train,65,0923,RSCityscapes/input/0923.png,RSCityscapes/target/0923.png,215735,199434,4a6d1b28f2d8def35301f5330ed70a1216ed3449d48f895b3f5fadb365e39a49,61ff60eb0cf1028ca95eebdaf3f039aee205d9cbdf12e98230c247f2efc79d18,0f49afb74ff07c97f69b1eea65e2db05e1db388b5a920c5ed9178dcf24cb8f78
four-method-motivation-six-domain-s2026-20260813,RSCityscapes,train,66,0959,RSCityscapes/input/0959.png,RSCityscapes/target/0959.png,292246,204326,387597dd64e2c2cefdd144108bf4c125449f3ed827d44108bc5c482009041910,1c599a6ca4ea6fd3db3a4d8c9d980eb876197281f12979cb32a354103eee49b0,0f8116b7242026ce2646ca275f5c7ef90fb7c0ecab3ed8551a50d169c7fc3121
four-method-motivation-six-domain-s2026-20260813,RSCityscapes,train,67,0115,RSCityscapes/input/0115.png,RSCityscapes/target/0115.png,273063,204556,9828d885036799637a609a04c5d73ff00030c89891f4ec249a5d2030720b8077,cbacc4c204a32c6877556d8b22fc18f2987c1825ab2bbe643930925da381026c,0fed2f1ae31d0c78caa3c5d65bee4060e55b9524eacdef743402fdaa00320216
four-method-motivation-six-domain-s2026-20260813,RSCityscapes,train,68,0888,RSCityscapes/input/0888.png,RSCityscapes/target/0888.png,280750,213064,01dcacc87e16820ed3be636b1f6cbad39cc02ad13af2239774d7ffe0db3f78e5,66542c6b85cb06e37840caffef01fe7cf36b745ec6533a4ecf43540b67240254,0fefefdcbc2eac6ff15ecd0141d636af9c5cb00e3d25fb369e7201ec59ac73b0
four-method-motivation-six-domain-s2026-20260813,RSCityscapes,train,69,0834,RSCityscapes/input/0834.png,RSCityscapes/target/0834.png,300126,209112,a802220e0413eaf78f6edd416d326ed331b86ce0df88ee406b91fa197cef3079,8a2ca0b6a678a7579258bdb0f07c76e7ad849090111fbd4f38f6d4a7dceb9b97,101b324b25b085f9046903084c3e66b735d4f3ca2fa67cada93c473bb4135f41
four-method-motivation-six-domain-s2026-20260813,RSCityscapes,train,70,0312,RSCityscapes/input/0312.png,RSCityscapes/target/0312.png,259776,228655,46f55a22ba14dd9234ffbc51e53ea6596a3340e68d49e49cdcda95be81d6ecfb,17ed8f70f612b848880d6400b8d2d9a488cb5a98d6a76f324ca3d71cc5559da8,10743a444ed67315bff7ea2286e0106278285ae1c804dde5e794d9535f0a7b67
four-method-motivation-six-domain-s2026-20260813,RSCityscapes,train,71,1156,RSCityscapes/input/1156.png,RSCityscapes/target/1156.png,306249,187740,088e9dc40914593168548d4d379216d988c05fe937b4aa264d1bc74cfc033dd7,75bfe66943c6724c9c55fb528948755eef883a4dd8c2a957d87800ca6d4b6c24,10a4614922b0ddb3a59fca8d8df5ec9922c56234a7c1bdb949f0dc465704b164
four-method-motivation-six-domain-s2026-20260813,RSCityscapes,train,72,0370,RSCityscapes/input/0370.png,RSCityscapes/target/0370.png,270412,217146,036fede6a46f13bf852b87de471b15e160f07670f1e4d6396aaf997eefd0cccf,2c21bc16cdb747e29b0e686eb369120e7a99a6c30a8532045732cbc91c264eb2,10e78cb6bf7d23a7d042dd35cd2e5d2a5fce81d3414cc71940ea89e884d0d966
four-method-motivation-six-domain-s2026-20260813,RSCityscapes,train,73,0102,RSCityscapes/input/0102.png,RSCityscapes/target/0102.png,263945,196339,c3268a3e07607103f7b2612a589af323cc7b076aaacf5fbefaecf71ef0860800,95582eb82efe86840b18aa2704d1ab46d2ac944b25c1dd4ec71b1ce3fef126a4,10f04c004f4092502b9717dad652a506dfcdb5e1069ea690d4635350cbbf0041
four-method-motivation-six-domain-s2026-20260813,RSCityscapes,train,74,0262,RSCityscapes/input/0262.png,RSCityscapes/target/0262.png,243637,208560,457b05d75d7688b2f5eeaf4d0970dd0729b4d9ee8d1ca20b8c60f98d9117956b,c5a5be01530c264c2f25dc17ebf811ac09e818ee141fe3f2dce435fd3459e78d,10fd206ffb2d2e41cb5e5ad5e11f81f1ff828f88125d42c871d876ee95ca9f00
four-method-motivation-six-domain-s2026-20260813,RSCityscapes,train,75,0530,RSCityscapes/input/0530.png,RSCityscapes/target/0530.png,259931,237879,c6fdca856968bb02fa5460128f9f2b29c948ada34ad4c059fef8291c422bc464,9e3989156fc6f471ca2c4b1fe3c634369617d3940dbd702d46f54831629ec468,111f469350dc0106cf3cfb481a61581156ce9354e053fa43a51cda0fad314be5
four-method-motivation-six-domain-s2026-20260813,RSCityscapes,train,76,1092,RSCityscapes/input/1092.png,RSCityscapes/target/1092.png,278570,189690,acad16abf1ef9bcf09fe4839d1b250daddc087db00ad7bb91c6993801d71b3c7,9713647dabf8ebcafec1f85e81b3479a18adb9bd9df742af2d5966a968163e8d,1147cc92938500a3ac74a27aaf3db66ec936e1b27f5ac9fbe5eeb0c5b94722cc
four-method-motivation-six-domain-s2026-20260813,RSCityscapes,train,77,0152,RSCityscapes/input/0152.png,RSCityscapes/target/0152.png,215275,197809,8fb4ba1766b80a4aec831e0aaf3b642631051708bcc216f8482992d9bdf01c49,d29d63c50708da7860abb9e727e7ce820f81c94ab8963eed1281ced1ea220899,116a782bc912c1739d862da5a5f2756d575938486a27a6ea2d408c01e314c922
four-method-motivation-six-domain-s2026-20260813,RSCityscapes,train,78,0729,RSCityscapes/input/0729.png,RSCityscapes/target/0729.png,227361,207134,68b42afafa3a1705e5b672dfe2ba4deb8daabf9e936fd4e432ae5fb1ad6f2d51,9e83a8c63e5bb3a86acc8d23a27fcffc6be3fa0ceb4dd6c9f0980f25f2b2673a,12da21a63620fef23acceed6da80ff726fb76ed9959a42535547037b991187d0
four-method-motivation-six-domain-s2026-20260813,RSCityscapes,train,79,0187,RSCityscapes/input/0187.png,RSCityscapes/target/0187.png,275076,222220,1eac2ce042a9aa2b1fa2f6c21a5cacd5805e283c4cb9f5f7b80e5fbbf6894b65,ed8156df323b1f6f198f5b40f4347215c41e0736594111b0f0ad642df56e8937,1319ebfeac887f6e45a38d0a16d42f6b856bf4bad802c281ecb822d239323f7b
four-method-motivation-six-domain-s2026-20260813,RSCityscapes,train,80,0546,RSCityscapes/input/0546.png,RSCityscapes/target/0546.png,277676,242000,b5373a4338546f78981f6d16c9d7aa4bd0756404e82d3b241b1cf2873b2f0a00,26e637438072052f0d2e229eadf95a215cab702df1f04551bc0b883a0d40984a,132e349d6149f2ca7f4774abcec793d87771b169e70baafe154bd28e816d3edb
four-method-motivation-six-domain-s2026-20260813,RSCityscapes,train,81,1153,RSCityscapes/input/1153.png,RSCityscapes/target/1153.png,295291,187740,3cbf712aba1c3fa5e88df04c18c04db8bf292ef492881b9d5252758b2b0c7872,75bfe66943c6724c9c55fb528948755eef883a4dd8c2a957d87800ca6d4b6c24,137319547f3ca73ddb1c6e75ac38773d9b376492daa1d61c81845e531295ae96
four-method-motivation-six-domain-s2026-20260813,RSCityscapes,train,82,0667,RSCityscapes/input/0667.png,RSCityscapes/target/0667.png,208454,204918,dd269cc7808b426828bd220598f99764d0b862f3e3e5989e3b3dc192fd1e2e55,e9bb7dd6c7fc43566523420cd486853a638e21d1745dee64c3ff4ad3d803e536,13a12d405e6c968e70ba6c5c6cd67379b0c3e529499b769e51f11308748c1ebf
four-method-motivation-six-domain-s2026-20260813,RSCityscapes,train,83,0054,RSCityscapes/input/0054.png,RSCityscapes/target/0054.png,229913,193078,5943c5943d895b15d8a0888223a0ff7a6859a2bf6d628717a22bc7b6d272b0c5,912315b3722ade1c056a3489e29c251ba1be4acbb540ef859f8e4adbb1920b94,13a4e954b742f786a58e56a04fff96946f8c91ebe3416cb9524534cc9044fc40
four-method-motivation-six-domain-s2026-20260813,RSCityscapes,train,84,0789,RSCityscapes/input/0789.png,RSCityscapes/target/0789.png,279592,204870,c492874f1706f14899a45b49f1b8a4ac3e54e85f54f91810ef628fb623de619c,295e2181eb71e67b411b8167e21e8de094ca6975eb81bc04fa96e18ddb05cd97,13b69c02775eff8983b513a08e2723cbf4576bf3f718003fe1dae8ec76206b94
four-method-motivation-six-domain-s2026-20260813,RSCityscapes,train,85,0423,RSCityscapes/input/0423.png,RSCityscapes/target/0423.png,250106,214269,818aedbe38b070231a7c18de7daf288339d01b9751620374e494520480df387b,c4f3ea09735f0dd7b1fedbe13ab08b5a82a28da144b706e011863518a3b52376,13f8512e6ee3b4cc74f58e9e41ad53c9b7d06746abc94e8362e1206a1e5881c1
four-method-motivation-six-domain-s2026-20260813,RSCityscapes,train,86,1070,RSCityscapes/input/1070.png,RSCityscapes/target/1070.png,210546,203552,55f07930f7c5c329513e555cb9a92782df1f6067800efbf74e26d696b9da3727,ab1520f3a08a6fdd37d694aa3c3bbdf7ec86460e2829588def6dbf0985888edd,13f89ca2433413733410379eabbd4362f2be97d999332a0e83e8926468dd366b
four-method-motivation-six-domain-s2026-20260813,RSCityscapes,train,87,1147,RSCityscapes/input/1147.png,RSCityscapes/target/1147.png,269763,185058,b50eae24acf85e0aeed97bfd72c084bc16c73c7a0e000a68ded70ed463beaf41,f730fd39761eed371cec5519f831c68cd99b3c02d907e311e0ec2ed42521a63f,142568455e7139d1a598098d945fa0f2992787243cb7f5c7dfe0b05f897c8544
four-method-motivation-six-domain-s2026-20260813,RSCityscapes,train,88,0726,RSCityscapes/input/0726.png,RSCityscapes/target/0726.png,279626,207134,d33efb335322e31a45274696eda102bd1fc44a86b7a240c2264f36e6b93c489b,9e83a8c63e5bb3a86acc8d23a27fcffc6be3fa0ceb4dd6c9f0980f25f2b2673a,14b2f8e3c5d9fa6c78778df3bf0bc600e7ce22443dbe6d7b84ceaffbee4d04b5
four-method-motivation-six-domain-s2026-20260813,RSCityscapes,train,89,0903,RSCityscapes/input/0903.png,RSCityscapes/target/0903.png,231140,199434,26bbf0535908647c181f5484aa353d61ac5f30d72c7fee866ce2d1f876a54f22,61ff60eb0cf1028ca95eebdaf3f039aee205d9cbdf12e98230c247f2efc79d18,14ef1990b2692453594659db722fb3a4c727ff8bdc79e7ff78f1d00e07f97f73
four-method-motivation-six-domain-s2026-20260813,RSCityscapes,train,90,0512,RSCityscapes/input/0512.png,RSCityscapes/target/0512.png,306008,237879,05b229bfc0af967eafd5aaa857c5407b67f6c6c8995351c292760ae0ec849fb7,9e3989156fc6f471ca2c4b1fe3c634369617d3940dbd702d46f54831629ec468,15c88ef9503b0071a7f9980d4970fb827bde6eea46159133ed83c60264a103d1
four-method-motivation-six-domain-s2026-20260813,RSCityscapes,train,91,0692,RSCityscapes/input/0692.png,RSCityscapes/target/0692.png,255341,216026,4aabc57e75daf84268ccdce8aed90af6bf175447e97b25f3f5243a5c353fd9c8,6f2616a551e208884b919586f9e78e4f8b588fbc4ee780c36068801f7939949d,15feec5f3a5d59935db50c4ce444ea77ac91bd9ddafe14589bf74a3de2cf3c02
four-method-motivation-six-domain-s2026-20260813,RSCityscapes,train,92,0005,RSCityscapes/input/0005.png,RSCityscapes/target/0005.png,238862,191320,e23de0e14381a343f1e262280be2099addf85a87cde0009b75a4890a3fdaa585,a5f212034ba7c15d59c03d17febeafd9ccc5dc982b0a3bff5c488aa19f276e3e,160a1d226a60d0e377c29176900f9bbc34dd93ca3d2067a770e5536e0b5f542f
four-method-motivation-six-domain-s2026-20260813,RSCityscapes,train,93,0805,RSCityscapes/input/0805.png,RSCityscapes/target/0805.png,250887,209106,04af12894e58a726c9cf3ecbba3950517c55564b05a4e17748867e514ebe4840,e72ff823eb2747addab5752c85f4212f70b436def2bab71aa9228ded5912ec8b,163edef768ad5adf442b37bfdc38c67f8992528d8d9f7f84c322ff3d4abfd729
four-method-motivation-six-domain-s2026-20260813,RSCityscapes,train,94,1105,RSCityscapes/input/1105.png,RSCityscapes/target/1105.png,300489,189690,7c1fca33af33157491d7ad8a89e7944c3024a637362ea29dcf8b67143a2d2367,9713647dabf8ebcafec1f85e81b3479a18adb9bd9df742af2d5966a968163e8d,167374c49af4232b9d1166757dc8ebab61ec6b751f4f19d01dce5b899d10138f
four-method-motivation-six-domain-s2026-20260813,RSCityscapes,train,95,0329,RSCityscapes/input/0329.png,RSCityscapes/target/0329.png,273155,214694,0daff71794b4718713676bbcd6272251c0d66ba9b59fca26bfe273286218ac64,0d34d088fb2b2f3f4495357623e9206d5e40cb4d8135bf03d9089496ba252d7d,1689df4736576454c30750c7a6cca689dd3897f47bee688918ee466a316db3d1
four-method-motivation-six-domain-s2026-20260813,RSCityscapes,train,96,0994,RSCityscapes/input/0994.png,RSCityscapes/target/0994.png,245733,209424,05e7a93ad4bc186e3128c5c3383614fe2337499662939b4f40fcf4b63f515a79,d55bf30ba1757631b4cba14260c32c422fc53c939f7445118c18823a1d1c81e7,175b01a00aa9ebf289408c40cf313488c9f7c52a31829193f6e93e31948bcbbe
four-method-motivation-six-domain-s2026-20260813,RSCityscapes,train,97,0214,RSCityscapes/input/0214.png,RSCityscapes/target/0214.png,224164,222220,7b6f79a40a3b0a5a3e20ce75eb31467914963728b24033567b85cc61abaaf278,ed8156df323b1f6f198f5b40f4347215c41e0736594111b0f0ad642df56e8937,182ce49b47a58d5a25b4feccbcaebd2b5e519aaa294d4ef328ff602e5f7ea1ec
four-method-motivation-six-domain-s2026-20260813,RSCityscapes,train,98,0912,RSCityscapes/input/0912.png,RSCityscapes/target/0912.png,301125,199434,3ad84bdd460ee04b3cbb0a3df8950c0118782be0bc2e4330c08d8d410fb9618b,61ff60eb0cf1028ca95eebdaf3f039aee205d9cbdf12e98230c247f2efc79d18,1888e224959a2be7a010ee5c5008cdcfd4feaf605d416372fa01bf38c94544e6
four-method-motivation-six-domain-s2026-20260813,RSCityscapes,train,99,0835,RSCityscapes/input/0835.png,RSCityscapes/target/0835.png,283471,209112,bf0871a3668ecd786125622962fbd0dab17eb5febd20a87e5999b81027611faa,8a2ca0b6a678a7579258bdb0f07c76e7ad849090111fbd4f38f6d4a7dceb9b97,189bc31257e5ec35c1ccc77bb2640ed0758911be389e1da5941747e480252481
four-method-motivation-six-domain-s2026-20260813,RSCityscapes,discovery,0,1020,RSCityscapes/input/1020.png,RSCityscapes/target/1020.png,209578,188848,6625743ece84b48fb62b45f4b18be7ea923d047e464d6cee2d1454de497dfa84,1ec2e1f99af9fdfa9047ed46e5019497605bc65bdea784f8081b2343011ccbcb,18ffdfb26924e06ec0aeb4364fd1d5ee426d16f2d57700abf4b5f573ad1ac58a
four-method-motivation-six-domain-s2026-20260813,RSCityscapes,discovery,1,0215,RSCityscapes/input/0215.png,RSCityscapes/target/0215.png,265709,222220,a23b604d45d1b7efe74b58afab41aab11a6b6101dacbec2ac36aefc260a0206f,ed8156df323b1f6f198f5b40f4347215c41e0736594111b0f0ad642df56e8937,191f6c6ff524d290ddf07e6051bc82041d6d346271c5e80f6081c4762d501d51
four-method-motivation-six-domain-s2026-20260813,RSCityscapes,discovery,2,0785,RSCityscapes/input/0785.png,RSCityscapes/target/0785.png,262890,204870,54c34d3c91f65c37edb3a83138dddb59f7fa7251d532717568fdb134c9cab895,295e2181eb71e67b411b8167e21e8de094ca6975eb81bc04fa96e18ddb05cd97,1920a6279f47bc6bfabe31c2005e268ec702a5721bbd2a0e8f410de527cc568d
four-method-motivation-six-domain-s2026-20260813,RSCityscapes,discovery,3,0257,RSCityscapes/input/0257.png,RSCityscapes/target/0257.png,259626,208560,792e68515762a5243e755355528245386a1fd4ee8d1da6ea380dd177878646b5,c5a5be01530c264c2f25dc17ebf811ac09e818ee141fe3f2dce435fd3459e78d,1946389b9bf7753e0ff59753295f034d7e169965f21a84ca04917f14678dff99
four-method-motivation-six-domain-s2026-20260813,RSCityscapes,discovery,4,0418,RSCityscapes/input/0418.png,RSCityscapes/target/0418.png,260172,214269,b8687fde2b7c56bdc7d8b20b99976e11ac8db2237f085cdead218008b3dcaea0,c4f3ea09735f0dd7b1fedbe13ab08b5a82a28da144b706e011863518a3b52376,194889f8b8b22c727c6338e1e800868e8aaf59b1d9d7d697dc5e26378c2d4442
four-method-motivation-six-domain-s2026-20260813,RSCityscapes,discovery,5,0349,RSCityscapes/input/0349.png,RSCityscapes/target/0349.png,259223,214694,df4d553ff946d6dd39c5bdedc1160d41060d4e30bf28f3bf62f33d6e430a5e08,0d34d088fb2b2f3f4495357623e9206d5e40cb4d8135bf03d9089496ba252d7d,195bf8ae2fb595f3c4dc1e6ffea621b0f45a5ff1632a35db2d12a03afbdbdc80
four-method-motivation-six-domain-s2026-20260813,RSCityscapes,discovery,6,0144,RSCityscapes/input/0144.png,RSCityscapes/target/0144.png,257089,204556,935c872b1cb4f0378052bd620d399b9d4ea7820cd69ac937c0edb3936d477f5f,cbacc4c204a32c6877556d8b22fc18f2987c1825ab2bbe643930925da381026c,19884e5c5dc6ac1555f367c5a07ec63b4f5e7e5038f74323555444e45206a547
four-method-motivation-six-domain-s2026-20260813,RSCityscapes,discovery,7,0458,RSCityscapes/input/0458.png,RSCityscapes/target/0458.png,270255,209836,b2c9e27eae1e7958c91b9e5d411982aebd9760526b421d93077c62adde845c9b,a2433e47b02b872acd38b3518eed21fdbc5c7ade8e71e1854be9c590ddef1a42,19d6effba5d26b26e68e5e15955e372b07ed6dfbf8a2a6f084677fd1de318836
four-method-motivation-six-domain-s2026-20260813,RSCityscapes,discovery,8,0725,RSCityscapes/input/0725.png,RSCityscapes/target/0725.png,278284,207134,38ae52b69ced9b247df01f25365e8bf6518b476145bd47f4a8bd027f911aa88c,9e83a8c63e5bb3a86acc8d23a27fcffc6be3fa0ceb4dd6c9f0980f25f2b2673a,1a1df190637fcee2600929e8a71c1128b31af58a16f29f446974d3d9c1f4a39b
four-method-motivation-six-domain-s2026-20260813,RSCityscapes,discovery,9,0339,RSCityscapes/input/0339.png,RSCityscapes/target/0339.png,238934,214694,8630c6547d78cb9b509e819c2ab6106093e3d7b642b2af361011b77ed6901548,0d34d088fb2b2f3f4495357623e9206d5e40cb4d8135bf03d9089496ba252d7d,1ad0ce901a4148f4e70bc0c16ca894eab96c099580b19120593a6a352cb914d2
four-method-motivation-six-domain-s2026-20260813,RSCityscapes,discovery,10,0223,RSCityscapes/input/0223.png,RSCityscapes/target/0223.png,246828,233147,b4ef9c33c6d595f1f85e875a41645e6741242a65b46dbeefe2e8cd9280efa50b,1c0dca7124a0fd6403b194fa22ad538294d7db95114848f161a1486d4f1c2e22,1aebc9b9d9856f987b8c2d293d12d4ab6fd4db3bb0afec40736d5ba6e7829989
four-method-motivation-six-domain-s2026-20260813,RSCityscapes,discovery,11,1168,RSCityscapes/input/1168.png,RSCityscapes/target/1168.png,267930,187740,468cdfcb144221e09315a60503edb8d27ffc428e79f2c8f6eb8e1dc6bfeb6ec2,75bfe66943c6724c9c55fb528948755eef883a4dd8c2a957d87800ca6d4b6c24,1b17651ee91c4579a5678bad65bb2fc12e4045cae6eeaccce8e83abf6ccfe756
four-method-motivation-six-domain-s2026-20260813,RSCityscapes,discovery,12,1160,RSCityscapes/input/1160.png,RSCityscapes/target/1160.png,210881,187740,7c40d4590b788733ffa84e685e0a0fd583a04fdecb862e565c8fcd41700e0f43,75bfe66943c6724c9c55fb528948755eef883a4dd8c2a957d87800ca6d4b6c24,1b17de1abf4df2b040cd02b6ca2006d88c644aa66c274b7d4a4a95070d4ca406
four-method-motivation-six-domain-s2026-20260813,RSCityscapes,discovery,13,0516,RSCityscapes/input/0516.png,RSCityscapes/target/0516.png,269318,237879,170dfd522cd73085f076a6b434f3747ddd9614b03f6cc861531e94bf679fcc0e,9e3989156fc6f471ca2c4b1fe3c634369617d3940dbd702d46f54831629ec468,1b56ed978788ec2eb9e4f72ee3a64721a9df5b5c56f53edec28e0600b6579dbd
four-method-motivation-six-domain-s2026-20260813,RSCityscapes,discovery,14,1096,RSCityscapes/input/1096.png,RSCityscapes/target/1096.png,253728,189690,74b8b6d1188bc517f9c72596c5be47162d2a7063a6b475efee4e208f23db6adf,9713647dabf8ebcafec1f85e81b3479a18adb9bd9df742af2d5966a968163e8d,1b577cbd8ab93d6cc500518349edfb6c1e23ae619e485f257a81d96d379ca31b
four-method-motivation-six-domain-s2026-20260813,RSCityscapes,discovery,15,0791,RSCityscapes/input/0791.png,RSCityscapes/target/0791.png,267944,204870,290e459742fecc101192eb17912d8fd3d8843fef42bbbc55e230c3bd9f3509d2,295e2181eb71e67b411b8167e21e8de094ca6975eb81bc04fa96e18ddb05cd97,1b7c37620a029c35b4205496e29ad5284b3d6b1a3c70ad7b2c8facb4de281b6e
four-method-motivation-six-domain-s2026-20260813,RSCityscapes,discovery,16,0037,RSCityscapes/input/0037.png,RSCityscapes/target/0037.png,250632,193078,b7739daf92d2db8031ac32f2034d9b1bf1dbff6fd5974a7b8fb7d7fe33698925,912315b3722ade1c056a3489e29c251ba1be4acbb540ef859f8e4adbb1920b94,1b9147766ef749071747b915fe34a4f9695d133b041ee418a2e7202322bd26dc
four-method-motivation-six-domain-s2026-20260813,RSCityscapes,discovery,17,0468,RSCityscapes/input/0468.png,RSCityscapes/target/0468.png,240354,209836,b0870b946f95b5f4517376f12fde8cc4f02f951f60847e20f6a5a98884475129,a2433e47b02b872acd38b3518eed21fdbc5c7ade8e71e1854be9c590ddef1a42,1b937ca9054f7e5addb95ec2880264abb86ed223ea8ef494660efebe3ba73be6
four-method-motivation-six-domain-s2026-20260813,RSCityscapes,discovery,18,0183,RSCityscapes/input/0183.png,RSCityscapes/target/0183.png,268720,222220,5f5cca719223e9d6ee2a8c389718918952fe0db186aa2ff8a1878046cb35a44c,ed8156df323b1f6f198f5b40f4347215c41e0736594111b0f0ad642df56e8937,1c0b7a5012b9385f4bbd9078e50d74772fc14a50d8bafced602a77ee3323345c
four-method-motivation-six-domain-s2026-20260813,RSCityscapes,discovery,19,1035,RSCityscapes/input/1035.png,RSCityscapes/target/1035.png,261687,188848,f1b55d4e12babab87ee59d38835052d28ba30b3f714847bca22403555c7fd2f5,1ec2e1f99af9fdfa9047ed46e5019497605bc65bdea784f8081b2343011ccbcb,1c1b99a12053cafab8ab71c6843c0f17f0f2febb49fb71b9afb5fb93bd1616be
four-method-motivation-six-domain-s2026-20260813,RSCityscapes,discovery,20,0949,RSCityscapes/input/0949.png,RSCityscapes/target/0949.png,278616,204326,d6526905fb7d8aeffd00571c1bee8cca229715a07fa5d0f3f73c3353f8cb7eb7,1c599a6ca4ea6fd3db3a4d8c9d980eb876197281f12979cb32a354103eee49b0,1c83822bab070af95b19e0f862a28ea0c0855596a808f28a5b98e0a04fcc41d1
four-method-motivation-six-domain-s2026-20260813,RSCityscapes,discovery,21,0110,RSCityscapes/input/0110.png,RSCityscapes/target/0110.png,281029,204556,880a7f664752a4c034af780d603ac621915503e280b264e1647e05e1a2b17d29,cbacc4c204a32c6877556d8b22fc18f2987c1825ab2bbe643930925da381026c,1c8741d2955903bc760346243fceee5e2c2d8602722dc68f35937a42068f075e
four-method-motivation-six-domain-s2026-20260813,RSCityscapes,discovery,22,0428,RSCityscapes/input/0428.png,RSCityscapes/target/0428.png,267106,214269,ecc3ec5e284891e3982969cbd6fea91f33f0fa6202418c23fa927ede85f40a82,c4f3ea09735f0dd7b1fedbe13ab08b5a82a28da144b706e011863518a3b52376,1ca7a63b46232f3328adcc6963d1d5e975db642f1cb41eccc4fe85e8d3d3f459
four-method-motivation-six-domain-s2026-20260813,RSCityscapes,discovery,23,0895,RSCityscapes/input/0895.png,RSCityscapes/target/0895.png,244535,213064,04f6ac46cf0a153b660e8bfcc95c50e7556c9250a32e6c78724cebd749b06db2,66542c6b85cb06e37840caffef01fe7cf36b745ec6533a4ecf43540b67240254,1cb8fbce0dfa8e43c5ad019583808d120cfc07ac1071602d5e05057e2a92f1fb
four-method-motivation-six-domain-s2026-20260813,RSCityscapes,discovery,24,0519,RSCityscapes/input/0519.png,RSCityscapes/target/0519.png,265436,237879,3158df2971d07f644983d7f0c15df3aac69f4847d03935b25713a7d8b6ae69f8,9e3989156fc6f471ca2c4b1fe3c634369617d3940dbd702d46f54831629ec468,1d0079cef8ffcb942de4c369f2a7a1ee0f64c230cb97f3dcecd1b822a4c2a290
four-method-motivation-six-domain-s2026-20260813,RSCityscapes,discovery,25,0940,RSCityscapes/input/0940.png,RSCityscapes/target/0940.png,236028,204326,671bcb665b6bda2bce9d8a1d46a5dc8e2637f3b4efd874bf92c79739a0d78bc6,1c599a6ca4ea6fd3db3a4d8c9d980eb876197281f12979cb32a354103eee49b0,1d04b7c0b79c13809e7b0841e985bc68a6b6840f2421c4154d7a7c3cc1136730
four-method-motivation-six-domain-s2026-20260813,RSCityscapes,discovery,26,0235,RSCityscapes/input/0235.png,RSCityscapes/target/0235.png,281684,233147,6d9c7966be26acbe94b6a0b84e6bfb53e7112afe4c0f4277a4853b1daa58b72f,1c0dca7124a0fd6403b194fa22ad538294d7db95114848f161a1486d4f1c2e22,1d5841807c5aaeecf5a6767d1a3f00328957bebe12d3efe3b30bc714b3e89f0f
four-method-motivation-six-domain-s2026-20260813,RSCityscapes,discovery,27,0440,RSCityscapes/input/0440.png,RSCityscapes/target/0440.png,267836,209836,67a58cc391a5dfc2ee884653b66733f853b26cfaddcd473387467ebc738db484,a2433e47b02b872acd38b3518eed21fdbc5c7ade8e71e1854be9c590ddef1a42,1d674ff1e1b423e73462bf8f121b942fa710ecaf6510a8434c894004de737a0b
four-method-motivation-six-domain-s2026-20260813,RSCityscapes,discovery,28,0227,RSCityscapes/input/0227.png,RSCityscapes/target/0227.png,307739,233147,15729b341bced02b2416fe0f1821a39da3eb913ca00e5c8fd02c1c4688eeb4eb,1c0dca7124a0fd6403b194fa22ad538294d7db95114848f161a1486d4f1c2e22,1dc3328d1d4589fcb4e83cb959dd304c74ba0775ad23fdb3cc2593200d27444a
four-method-motivation-six-domain-s2026-20260813,RSCityscapes,discovery,29,0153,RSCityscapes/input/0153.png,RSCityscapes/target/0153.png,197205,197809,94d1f12abce9d23b2d7e5c3e81b7cd0393b3abd0bbb15ab395db5163bfbad275,d29d63c50708da7860abb9e727e7ce820f81c94ab8963eed1281ced1ea220899,1e0006f7022580be6d25f3d66f8884c8f7d293987d0072a1844b67e62f7c8bb8
four-method-motivation-six-domain-s2026-20260813,RSCityscapes,discovery,30,1057,RSCityscapes/input/1057.png,RSCityscapes/target/1057.png,252013,203552,74886393abbe576e5fdc9b1c810e052fdfbdab74a7c944de23a853c91d1e17a7,ab1520f3a08a6fdd37d694aa3c3bbdf7ec86460e2829588def6dbf0985888edd,1e064436e596fbb05aa77f76e37b4592f83d7f39efc0bcf85dce74a6fe84e29f
four-method-motivation-six-domain-s2026-20260813,RSCityscapes,discovery,31,0964,RSCityscapes/input/0964.png,RSCityscapes/target/0964.png,266803,204326,c818d5859e5f5f92ba366ce136a256883f639b5e3497caef97f597e1228273c9,1c599a6ca4ea6fd3db3a4d8c9d980eb876197281f12979cb32a354103eee49b0,1e418cddab759f48c283da032c7a35187bc9848caa91226fe0868030b1c5e13c
four-method-motivation-six-domain-s2026-20260813,RSCityscapes,discovery,32,0836,RSCityscapes/input/0836.png,RSCityscapes/target/0836.png,292360,209112,0fb162fbd08359624ba6270e9343357f81d657a22a6cb508b54976bddbcea95d,8a2ca0b6a678a7579258bdb0f07c76e7ad849090111fbd4f38f6d4a7dceb9b97,1e955d939c4da2b4ba535b5a2b5d864f186785c048ce155e59d4c612dc61e496
four-method-motivation-six-domain-s2026-20260813,RSCityscapes,discovery,33,0626,RSCityscapes/input/0626.png,RSCityscapes/target/0626.png,280959,222333,0caa95614fbd64adf24c1adec55ddc2cb8e7ed25facaa7220aec9837c666b4f3,ce0d8ff4a505dbbcbdf43fc524bed4093f32ec0b6b398ca791d23da17e611da6,1e9ca88c768b9c92e6d9dd86f22fc4316a144d2c0356ba169e39c3e8db503ac3
four-method-motivation-six-domain-s2026-20260813,RSCityscapes,discovery,34,0506,RSCityscapes/input/0506.png,RSCityscapes/target/0506.png,285590,237879,a6ae4e92be154ce1878427adc22a98adc646eb6b84340be5b2fe0740838317b6,9e3989156fc6f471ca2c4b1fe3c634369617d3940dbd702d46f54831629ec468,1ea2bae4b2f21a379d460a1d682e5ee3ce9c909744c4d4d3fa4d142d3463f53a
four-method-motivation-six-domain-s2026-20260813,RSCityscapes,discovery,35,0427,RSCityscapes/input/0427.png,RSCityscapes/target/0427.png,265455,214269,e7e7ad7286f3c8d5dbd95414e3d76604ad3a6e6fa1f31b157d788fa5dac6b504,c4f3ea09735f0dd7b1fedbe13ab08b5a82a28da144b706e011863518a3b52376,1ed71d74cceb3dd152c68473dfb47a153b81bedc4ba80b85b703476a8c05dbd5
four-method-motivation-six-domain-s2026-20260813,RSCityscapes,discovery,36,0947,RSCityscapes/input/0947.png,RSCityscapes/target/0947.png,276473,204326,8635992c03c4f447b2711b74ec13dd6f9e12cb05f5b013e67929a5581b9e7cf3,1c599a6ca4ea6fd3db3a4d8c9d980eb876197281f12979cb32a354103eee49b0,1f036e10afbebae81640c0ed04c0166f1ad8bae7a26f35909b90d05d2060c65c
four-method-motivation-six-domain-s2026-20260813,RSCityscapes,discovery,37,1000,RSCityscapes/input/1000.png,RSCityscapes/target/1000.png,281943,209424,d539753ba251976e2c8de633fc270614edfa5cf173c3120ba4274ed42b6ad758,d55bf30ba1757631b4cba14260c32c422fc53c939f7445118c18823a1d1c81e7,1f174990bc816e8b2975455953a4da41bf7f4cee1ce8320acb17ceedbb171046
four-method-motivation-six-domain-s2026-20260813,RSCityscapes,discovery,38,0185,RSCityscapes/input/0185.png,RSCityscapes/target/0185.png,274221,222220,62683ef243a0b4edab6b4b2a5229af1a1a30b84c317182fa8c77a1496121d2cb,ed8156df323b1f6f198f5b40f4347215c41e0736594111b0f0ad642df56e8937,1f263177bf41110439a2830c6d5e640e61d5fbf0df24583de56f1441bc4e9ba9
four-method-motivation-six-domain-s2026-20260813,RSCityscapes,discovery,39,0501,RSCityscapes/input/0501.png,RSCityscapes/target/0501.png,235911,210468,40516c206d0c2e04be64546ea1d129c5b91067578f3ac72a5d5dc8af011c80da,b6471608d2224d13ec974348a23b960db5eed31f685febdc588383b216730539,1f8897c208a5897b64b0fd86eba9ca5c3cfa95cac8886b850149c8e0054db794
four-method-motivation-six-domain-s2026-20260813,RSCityscapes,discovery,40,0926,RSCityscapes/input/0926.png,RSCityscapes/target/0926.png,258752,199434,92d17ffa587b212bab84ca2b5978f30ce524b752e5344723963678937452af34,61ff60eb0cf1028ca95eebdaf3f039aee205d9cbdf12e98230c247f2efc79d18,1fafa6220a1e258386fec2e0c19f542c5b21e772bb5c8be5793ce7ced61085a2
four-method-motivation-six-domain-s2026-20260813,RSCityscapes,discovery,41,0569,RSCityscapes/input/0569.png,RSCityscapes/target/0569.png,276596,242000,41ad589c4504da306bbf8a6814085191afe1b9a5f9100f3eb485f36de1c5887b,26e637438072052f0d2e229eadf95a215cab702df1f04551bc0b883a0d40984a,1fc7aad22614bcc58211ec8143f6a844f8e2813ac821530871f558546aa2d2d5
four-method-motivation-six-domain-s2026-20260813,RSCityscapes,discovery,42,0452,RSCityscapes/input/0452.png,RSCityscapes/target/0452.png,272725,209836,cac715c6f48a632fe7ae5158ac6cf55ba72450ad0b2390c1cb0c012a08ad2754,a2433e47b02b872acd38b3518eed21fdbc5c7ade8e71e1854be9c590ddef1a42,203c3216ba15f11dba4b5077d68178ea1be1878db0f956e3432654845c78afd4
four-method-motivation-six-domain-s2026-20260813,RSCityscapes,discovery,43,0880,RSCityscapes/input/0880.png,RSCityscapes/target/0880.png,271825,213064,c8e58a113d600159894ff827d1357b332a640fbc18f47a88d11136b725334456,66542c6b85cb06e37840caffef01fe7cf36b745ec6533a4ecf43540b67240254,2048a5821de5db7f26fd8e37fc348ba4e47d607e0bfe72929630475ab6519196
four-method-motivation-six-domain-s2026-20260813,RSCityscapes,discovery,44,0036,RSCityscapes/input/0036.png,RSCityscapes/target/0036.png,242749,191320,67974bed45768e797983bd82208fe1755c4b2ef3e3aa408c6f4281cc80baed09,a5f212034ba7c15d59c03d17febeafd9ccc5dc982b0a3bff5c488aa19f276e3e,205573353035ad441b15e3f3de3db7da93e343b99c66426e179d30f2443d93c0
four-method-motivation-six-domain-s2026-20260813,RSCityscapes,discovery,45,0817,RSCityscapes/input/0817.png,RSCityscapes/target/0817.png,249759,209106,2ab9fe55583fd419a13effd2a4bb4d1945e803511025ca619c4800f574eadfbe,e72ff823eb2747addab5752c85f4212f70b436def2bab71aa9228ded5912ec8b,207f1005512b6c22f0a9abcc2951ff94eb83b024b8086d2b5a188912e9a31a05
four-method-motivation-six-domain-s2026-20260813,RSCityscapes,discovery,46,0077,RSCityscapes/input/0077.png,RSCityscapes/target/0077.png,226447,196339,4ad0c494f50f86845d05d305cec24435f93a1a0f2b141471e69704deb038336a,95582eb82efe86840b18aa2704d1ab46d2ac944b25c1dd4ec71b1ce3fef126a4,20f2a251805f2c0833191ceda8a826d39086a4ef794727315fdde954aaa14c44
four-method-motivation-six-domain-s2026-20260813,RSCityscapes,discovery,47,0573,RSCityscapes/input/0573.png,RSCityscapes/target/0573.png,268868,242000,f3e8d831682b04aa40c1d4bee538660bad4aab449c0d0832023672274da26b48,26e637438072052f0d2e229eadf95a215cab702df1f04551bc0b883a0d40984a,2118d42c7c24810aba112ace680fb6484c5102db90b441d7b87f1e5d665dc0f5
four-method-motivation-six-domain-s2026-20260813,RSCityscapes,discovery,48,1155,RSCityscapes/input/1155.png,RSCityscapes/target/1155.png,232390,187740,05afb6bc346ae48bb9498e2dcf48d21e9740a5f32f0e8c804b8ae530b1d26f6d,75bfe66943c6724c9c55fb528948755eef883a4dd8c2a957d87800ca6d4b6c24,2139afcdd51a2040de16fb4eaa604fc8ec48d75bc5f6c3abb31483950c61774f
four-method-motivation-six-domain-s2026-20260813,RSCityscapes,discovery,49,0562,RSCityscapes/input/0562.png,RSCityscapes/target/0562.png,239978,242000,451a9f6685f32ab8d982e6885fd69aa74a77d43c2be0a591d33224efd3419123,26e637438072052f0d2e229eadf95a215cab702df1f04551bc0b883a0d40984a,2179b79ddc7b7dcacac0a83389e4e6ba3284d2210ddf0e7bf3f507c5b1f6b47e
four-method-motivation-six-domain-s2026-20260813,RSCityscapes,discovery,50,0379,RSCityscapes/input/0379.png,RSCityscapes/target/0379.png,206860,217146,5ae8f3818edd81b216d3d520065836f5f7fc4e0ea3f79733688da958a1c5f704,2c21bc16cdb747e29b0e686eb369120e7a99a6c30a8532045732cbc91c264eb2,2196e9477cf7b54a7bb53752ce472304e6328a446030fa8f47fabc66b54d7541
four-method-motivation-six-domain-s2026-20260813,RSCityscapes,discovery,51,0317,RSCityscapes/input/0317.png,RSCityscapes/target/0317.png,249455,228655,6e06aa1c1d3a429208211db27fa0946645916f84341c69c8e7ec0e33a4db1b96,17ed8f70f612b848880d6400b8d2d9a488cb5a98d6a76f324ca3d71cc5559da8,21b603d97e79d37a3d4aa92bf77a4099db33ab39ea84ea9e9d18c3506b45275a
four-method-motivation-six-domain-s2026-20260813,RSCityscapes,discovery,52,0407,RSCityscapes/input/0407.png,RSCityscapes/target/0407.png,262372,214269,2aa2fb518d1b15ed580ef2a24587224a4b515706d051b0eba71836831ca12295,c4f3ea09735f0dd7b1fedbe13ab08b5a82a28da144b706e011863518a3b52376,21bcaa4ed8ac977d226d7ce8ee12b1e40520cd0b0d0e3e15d7f47634b9061b75
four-method-motivation-six-domain-s2026-20260813,RSCityscapes,discovery,53,0719,RSCityscapes/input/0719.png,RSCityscapes/target/0719.png,251675,216026,4f0dd08211e67f2715df4da43004f50f5e374d45ada1039f92a5bd4de61ffd27,6f2616a551e208884b919586f9e78e4f8b588fbc4ee780c36068801f7939949d,21e1709983d19bdf44e25c227439dc3c391e1ec03d6ed41d180963457c928950
four-method-motivation-six-domain-s2026-20260813,RSCityscapes,discovery,54,0642,RSCityscapes/input/0642.png,RSCityscapes/target/0642.png,277072,222333,3ea0269326a9210a0a2b8bf598ec8c5ac821035a7e7413fcd6d83f30a5e06474,ce0d8ff4a505dbbcbdf43fc524bed4093f32ec0b6b398ca791d23da17e611da6,23afcf9d10834e932f7a1e14bf8444172937faf045976ec0da1ad5719dbbeb05
four-method-motivation-six-domain-s2026-20260813,RSCityscapes,discovery,55,0155,RSCityscapes/input/0155.png,RSCityscapes/target/0155.png,292681,197809,8743a8cca8e74b603c00c8951fdce0e3a5cb118ade10e1ccf763b28ab97ecdad,d29d63c50708da7860abb9e727e7ce820f81c94ab8963eed1281ced1ea220899,23ee39e61bb553c1cc6dd9b289f4f8986defca9489b434a678ebbf6b26b41c23
four-method-motivation-six-domain-s2026-20260813,RSCityscapes,discovery,56,0896,RSCityscapes/input/0896.png,RSCityscapes/target/0896.png,256526,213064,37e971c22d3c1bf358eef9c11d1e9fccf0c8cf9aac279c6ab3d1332169037ddb,66542c6b85cb06e37840caffef01fe7cf36b745ec6533a4ecf43540b67240254,24527171a6e885f7b1f59564744041a606a63a22968958ae86c7d2742315bf2b
four-method-motivation-six-domain-s2026-20260813,RSCityscapes,discovery,57,0275,RSCityscapes/input/0275.png,RSCityscapes/target/0275.png,216477,208560,f683bc8a12a6185f88b622892fa4bb5e9adb9e4586483cca5cd1ef3fe2ead478,c5a5be01530c264c2f25dc17ebf811ac09e818ee141fe3f2dce435fd3459e78d,246eb888d2c4d40b8fc6d5861ae62cd64b00d89b072b6f3ef0d0ec93ca84b8da
four-method-motivation-six-domain-s2026-20260813,RSCityscapes,discovery,58,1089,RSCityscapes/input/1089.png,RSCityscapes/target/1089.png,215862,189690,ffdcc189b5f1eec9d1192bc4482a3e87f44b61f831dd3e0e78eecbae3453fb68,9713647dabf8ebcafec1f85e81b3479a18adb9bd9df742af2d5966a968163e8d,24b0020e706b13d18e9ddfd66038451de3196f46868277f547a40a2a0fa65019
four-method-motivation-six-domain-s2026-20260813,RSCityscapes,discovery,59,0900,RSCityscapes/input/0900.png,RSCityscapes/target/0900.png,290281,213064,6a17f0da7a3b01e38e675b410f0922c6d55036b4ffb18f0f908e14323565842d,66542c6b85cb06e37840caffef01fe7cf36b745ec6533a4ecf43540b67240254,2537de0962c93f11a7dee95da0174965f3b802fc53446552557610b25e9d34d0
four-method-motivation-six-domain-s2026-20260813,RSCityscapes,discovery,60,0822,RSCityscapes/input/0822.png,RSCityscapes/target/0822.png,281708,209106,fe7e0a00b03b53051c1954caecd756c1d9c13302c552a210a66362ad265dd0f2,e72ff823eb2747addab5752c85f4212f70b436def2bab71aa9228ded5912ec8b,25864e31ee53807c99517af49b6a8f53d0dd6e176d29da1efba575332444c915
four-method-motivation-six-domain-s2026-20260813,RSCityscapes,discovery,61,0722,RSCityscapes/input/0722.png,RSCityscapes/target/0722.png,283889,207134,606281f25f191c567f0c43af5e485fe792e8a67fc905052b1e5df023e831ddb5,9e83a8c63e5bb3a86acc8d23a27fcffc6be3fa0ceb4dd6c9f0980f25f2b2673a,26211724b0fab1959d1bd7c473def530d9a840e186c545b67b76022248f39fb8
four-method-motivation-six-domain-s2026-20260813,RSCityscapes,discovery,62,0147,RSCityscapes/input/0147.png,RSCityscapes/target/0147.png,259654,197809,81a32adaff1ffb25fbe48dab9b3ce31ff492ed2537e941485893e2734eee18fd,d29d63c50708da7860abb9e727e7ce820f81c94ab8963eed1281ced1ea220899,2632ee467963117fad1edf327f1e10cee6a17328dd52f9d5b404a819b597d6d6
four-method-motivation-six-domain-s2026-20260813,RSCityscapes,discovery,63,0381,RSCityscapes/input/0381.png,RSCityscapes/target/0381.png,273766,217146,832842d3f4ba9f7e5487f5c3a2f71e5795de3bc34a99c92684b5d607018bb451,2c21bc16cdb747e29b0e686eb369120e7a99a6c30a8532045732cbc91c264eb2,26e6e181ea896343cca545d221a7d298cdac9ff20da3c38bfe8ab0d0cc7512fb
four-method-motivation-six-domain-s2026-20260813,RSCityscapes,discovery,64,0928,RSCityscapes/input/0928.png,RSCityscapes/target/0928.png,211824,199434,ce1db245dbe7a2cc8c6565ac5bf8212ed8005f02a721fb7dd49db99d82ab97a4,61ff60eb0cf1028ca95eebdaf3f039aee205d9cbdf12e98230c247f2efc79d18,272036546d70b7135c82bd9b94712631cfcc65d6ce4905b42eac07917f4ab6db
four-method-motivation-six-domain-s2026-20260813,RSCityscapes,discovery,65,0226,RSCityscapes/input/0226.png,RSCityscapes/target/0226.png,290223,233147,fa7661f055340b55d48881e015b61ffd2c4b8787d874709438202f6894a79826,1c0dca7124a0fd6403b194fa22ad538294d7db95114848f161a1486d4f1c2e22,273ba9564d0efe49f409e057d2f360b223efd66fef6b895bf2c794b25d7c4459
four-method-motivation-six-domain-s2026-20260813,RSCityscapes,discovery,66,0657,RSCityscapes/input/0657.png,RSCityscapes/target/0657.png,274584,204918,083ac6566fd67d94b28e99b4ece51c91abf32970756757a15b53662edc413ebc,e9bb7dd6c7fc43566523420cd486853a638e21d1745dee64c3ff4ad3d803e536,27e8b7a120095a30375f4d0d6ddd747fead94ec40851cf0ee8c3e95bdda714ee
four-method-motivation-six-domain-s2026-20260813,RSCityscapes,discovery,67,0338,RSCityscapes/input/0338.png,RSCityscapes/target/0338.png,274970,214694,608a79ff33329ce5464ebc71fd5ac9406181154a935213900f747e3dd1609cab,0d34d088fb2b2f3f4495357623e9206d5e40cb4d8135bf03d9089496ba252d7d,28dc3eec94de6dbd15ea259b3e015ff71a7b0f9d8fe5e4f591f9e0a697feb163
four-method-motivation-six-domain-s2026-20260813,RSCityscapes,discovery,68,0601,RSCityscapes/input/0601.png,RSCityscapes/target/0601.png,291336,223466,e596548146e1e1c47cf384e4b884b15a35347d71f918c09e8a5f5febaf05767a,84f1042e5e28b998722fd19e63716f1f72145a9a782a362ab5708380d8461720,29053ad15bd658791cf7ec6f1444f0df259ed82cf6ca683d5573d02c97a9dd77
four-method-motivation-six-domain-s2026-20260813,RSCityscapes,discovery,69,0279,RSCityscapes/input/0279.png,RSCityscapes/target/0279.png,253239,208560,aed7419a6151a6d85307f481495807071695c5c309b36725ee70f06c9dc2b712,c5a5be01530c264c2f25dc17ebf811ac09e818ee141fe3f2dce435fd3459e78d,2930577f26522584606d494f3db89b4857450a2708f4aba67f5eb087ec20b768
four-method-motivation-six-domain-s2026-20260813,RSCityscapes,discovery,70,0814,RSCityscapes/input/0814.png,RSCityscapes/target/0814.png,268482,209106,5bcce739049b4cba361a78212df49d0483e73be4372e3dee6cb49c26669fcdcd,e72ff823eb2747addab5752c85f4212f70b436def2bab71aa9228ded5912ec8b,295e4c212674423f470320065ef8400d5fda6e68c493ba55271f50a456dd7925
four-method-motivation-six-domain-s2026-20260813,RSCityscapes,discovery,71,0222,RSCityscapes/input/0222.png,RSCityscapes/target/0222.png,299298,233147,b92365de3f44b59cf24a0db1e2dd6b90fcd26abb6937646e480ada99c123495e,1c0dca7124a0fd6403b194fa22ad538294d7db95114848f161a1486d4f1c2e22,297b4d95af95e97352258aa93698099098a81c784da4aa56b02d6a3fea60c51b
four-method-motivation-six-domain-s2026-20260813,RSCityscapes,discovery,72,1065,RSCityscapes/input/1065.png,RSCityscapes/target/1065.png,237920,203552,a768486cfdffa36be41132759402814d9dcd42a59f1b0acb7474b863c36b746a,ab1520f3a08a6fdd37d694aa3c3bbdf7ec86460e2829588def6dbf0985888edd,29820bb5863c7c3243905469e226966c2136ab843ad6a80ebbb10b967810e78b
four-method-motivation-six-domain-s2026-20260813,RSCityscapes,discovery,73,0565,RSCityscapes/input/0565.png,RSCityscapes/target/0565.png,280468,242000,557b9d2d44b1d891c1484dc33195b53d5a8c29708141249ad429dc12d6a4e6a1,26e637438072052f0d2e229eadf95a215cab702df1f04551bc0b883a0d40984a,29bf257a21ebc7da661ac8fe1f317ef47481dc0c9eb3651052571bb30e1ff6a6
four-method-motivation-six-domain-s2026-20260813,RSCityscapes,discovery,74,1113,RSCityscapes/input/1113.png,RSCityscapes/target/1113.png,253104,189690,3e162e183f85f3b79be4616d9f54796a6d1779a3d918ef54bd617346bdbffca3,9713647dabf8ebcafec1f85e81b3479a18adb9bd9df742af2d5966a968163e8d,29e62133ce4249a5a7d4f94c80d787697154523316795649a069ed2acdd06bc9
four-method-motivation-six-domain-s2026-20260813,RSCityscapes,discovery,75,0082,RSCityscapes/input/0082.png,RSCityscapes/target/0082.png,216390,196339,1a056880b2626e731493014e3c16cf980b794c589a4b8fa49483f5be1e12fa6c,95582eb82efe86840b18aa2704d1ab46d2ac944b25c1dd4ec71b1ce3fef126a4,29f13d0ad5651da5591984dd113674832b587e4dc31c4789708856ec577043eb
four-method-motivation-six-domain-s2026-20260813,RSCityscapes,discovery,76,0523,RSCityscapes/input/0523.png,RSCityscapes/target/0523.png,233840,237879,c88d6455a84063e23cd741f09da68f859ab3bac4c122187a45c190cd88bb4dcb,9e3989156fc6f471ca2c4b1fe3c634369617d3940dbd702d46f54831629ec468,2a4d5f95e8fb99f64fadb43f4f327dadac04e7870bb973cf0c90f0c05d256de0
four-method-motivation-six-domain-s2026-20260813,RSCityscapes,discovery,77,0696,RSCityscapes/input/0696.png,RSCityscapes/target/0696.png,255703,216026,77b5ea6e3b422c4694bf6db6ae32b4dd69e8ef3561fac3a282e95d86d15a1cdb,6f2616a551e208884b919586f9e78e4f8b588fbc4ee780c36068801f7939949d,2a569d09971b421bf362c3749aaf8f995715d083f03c713fff724d7cfe591786
four-method-motivation-six-domain-s2026-20260813,RSCityscapes,discovery,78,0156,RSCityscapes/input/0156.png,RSCityscapes/target/0156.png,297036,197809,4b74fafcbd078a655de80cca103deb871e1c712717dbe4e4beeb7844a556324d,d29d63c50708da7860abb9e727e7ce820f81c94ab8963eed1281ced1ea220899,2af4397f9970051882c3f7935bc0871b6c250b63febb7d9430f8e9e26866131c
four-method-motivation-six-domain-s2026-20260813,RSCityscapes,discovery,79,0686,RSCityscapes/input/0686.png,RSCityscapes/target/0686.png,282629,216026,42c3507b94a1041ffbc6e665697f57898290e11d98f616897c6280a0d2a70511,6f2616a551e208884b919586f9e78e4f8b588fbc4ee780c36068801f7939949d,2b066ef89bfe5a291dccf784e3656f1e4213df0777e50514adbf860ca958ad82
four-method-motivation-six-domain-s2026-20260813,RSCityscapes,confirmation,0,0243,RSCityscapes/input/0243.png,RSCityscapes/target/0243.png,275142,233147,c7dc5e17f9d3b470841fca95e67846e2eb56abf3a97e11ce5771722a56544a08,1c0dca7124a0fd6403b194fa22ad538294d7db95114848f161a1486d4f1c2e22,2b39d92d27eb9300c7a51f3a047a23d990205821ac3df05fd96af7f5032161fc
four-method-motivation-six-domain-s2026-20260813,RSCityscapes,confirmation,1,0508,RSCityscapes/input/0508.png,RSCityscapes/target/0508.png,271398,237879,82187822218d35162a5ae037842d9bb441b57a572d53ed9471260301c7f8838a,9e3989156fc6f471ca2c4b1fe3c634369617d3940dbd702d46f54831629ec468,2b7785213735727b6186f365a9e513a2bde7670e1b11fefc3a8bdf20bc2c8f8a
four-method-motivation-six-domain-s2026-20260813,RSCityscapes,confirmation,2,0640,RSCityscapes/input/0640.png,RSCityscapes/target/0640.png,246472,222333,733797ed7fabd6419879f2d6f81072d78621752a3e89c66c6d37a72b0517593b,ce0d8ff4a505dbbcbdf43fc524bed4093f32ec0b6b398ca791d23da17e611da6,2b832f92401528a231e5e94bc96bf6bd56a3fd8ca0b7e90ee9124623494521d3
four-method-motivation-six-domain-s2026-20260813,RSCityscapes,confirmation,3,0432,RSCityscapes/input/0432.png,RSCityscapes/target/0432.png,265683,214269,e375e320e9c40e501c5fb05facfab12eadf02700c6eb2b863989c33ee4aba9d8,c4f3ea09735f0dd7b1fedbe13ab08b5a82a28da144b706e011863518a3b52376,2bbc6235f737fa7533e5a307f0f85e3fd2d147c7e404ea797c455dead9b4b7cb
four-method-motivation-six-domain-s2026-20260813,RSCityscapes,confirmation,4,0680,RSCityscapes/input/0680.png,RSCityscapes/target/0680.png,251877,204918,f74eddf4ad04e47e0544629e3d30780bba0230ab26bbfb0d6ed9a7f5d1c58261,e9bb7dd6c7fc43566523420cd486853a638e21d1745dee64c3ff4ad3d803e536,2bd44b6ce6f830925037d90b81be62a3c030f20d8eb8522b6e6021ef0e6a142c
four-method-motivation-six-domain-s2026-20260813,RSCityscapes,confirmation,5,0365,RSCityscapes/input/0365.png,RSCityscapes/target/0365.png,292229,217146,b7dff86cd606840567082dd173a44a8929819007ac961141df385ab0f780e4a6,2c21bc16cdb747e29b0e686eb369120e7a99a6c30a8532045732cbc91c264eb2,2c3c1b1bb01e0f8243d68af5d9d903bf7d9cfc237891c3ab6b5df5a78c65456f
four-method-motivation-six-domain-s2026-20260813,RSCityscapes,confirmation,6,0687,RSCityscapes/input/0687.png,RSCityscapes/target/0687.png,247989,216026,a1808e391756dac0f0f916c03b24c2d7bf73dd1e499a091d5bf96eeda1f74142,6f2616a551e208884b919586f9e78e4f8b588fbc4ee780c36068801f7939949d,2c659f5f25323b6b08b7d492265e8f9917813a00ac22dee78320230f35ba9f64
four-method-motivation-six-domain-s2026-20260813,RSCityscapes,confirmation,7,0412,RSCityscapes/input/0412.png,RSCityscapes/target/0412.png,261209,214269,3f52c8b17e86878e2389a95d440cb22fdf1dfb51523ec95d73ba1029a395c986,c4f3ea09735f0dd7b1fedbe13ab08b5a82a28da144b706e011863518a3b52376,2c87c27fda184564fd51d39e4351f400cd22c5573deaab071f1c7c6fddc79ee2
four-method-motivation-six-domain-s2026-20260813,RSCityscapes,confirmation,8,1005,RSCityscapes/input/1005.png,RSCityscapes/target/1005.png,221778,209424,9c3aad5b639a574cf5a2f2be4d58d1566ecd9ad72b35b1c624ecff0634b62ea4,d55bf30ba1757631b4cba14260c32c422fc53c939f7445118c18823a1d1c81e7,2c94821b685ed9dc29a2700785c181d23669ad11d9c1be017fa9fe73e218fef8
four-method-motivation-six-domain-s2026-20260813,RSCityscapes,confirmation,9,0631,RSCityscapes/input/0631.png,RSCityscapes/target/0631.png,293632,222333,cace73d2494dbba0d6a31f1f507e05ab4bd7eaf562ec251b33aff18550b60e3e,ce0d8ff4a505dbbcbdf43fc524bed4093f32ec0b6b398ca791d23da17e611da6,2ca5bd55b23f17228f3cd6bdc1f27b6805758f72b690e7463e27a9f185486c2c
four-method-motivation-six-domain-s2026-20260813,RSCityscapes,confirmation,10,1167,RSCityscapes/input/1167.png,RSCityscapes/target/1167.png,282619,187740,2b933769eb5a36e2dbfd4792ab4b8f894cea8cc5639cb5d2b1be744b180298bf,75bfe66943c6724c9c55fb528948755eef883a4dd8c2a957d87800ca6d4b6c24,2ce081d8c418510a7ec1d492ab3220eef5541e7a378e76f0fa1801b6f8add4cc
four-method-motivation-six-domain-s2026-20260813,RSCityscapes,confirmation,11,0206,RSCityscapes/input/0206.png,RSCityscapes/target/0206.png,282433,222220,6ee55d246428c42f3193ab8b3907c38225d905414d3eec2e1495a1837b8b3b84,ed8156df323b1f6f198f5b40f4347215c41e0736594111b0f0ad642df56e8937,2d1e8381ba933126811965572bd9c1d8ba5ccd789631a40003b57874d4808a9d
four-method-motivation-six-domain-s2026-20260813,RSCityscapes,confirmation,12,0396,RSCityscapes/input/0396.png,RSCityscapes/target/0396.png,215479,217146,5107b6b91aeaa99465c09edc6be40bed2af15e6e7c96e1c598125b60df05f639,2c21bc16cdb747e29b0e686eb369120e7a99a6c30a8532045732cbc91c264eb2,2d23978234d6bfb99ee62478eef9d6ac72d825329e1369d6c1244252fa330168
four-method-motivation-six-domain-s2026-20260813,RSCityscapes,confirmation,13,0927,RSCityscapes/input/0927.png,RSCityscapes/target/0927.png,248245,199434,9187e43d0fc55a40c171d1a661ee4833487b1aec925b567d0f498136cd7b6b18,61ff60eb0cf1028ca95eebdaf3f039aee205d9cbdf12e98230c247f2efc79d18,2d55d52987ece3ff3dd50ab18cb3db80eaa2f0a5e827aae264f2ad5e5c87d70a
four-method-motivation-six-domain-s2026-20260813,RSCityscapes,confirmation,14,0629,RSCityscapes/input/0629.png,RSCityscapes/target/0629.png,293527,222333,cb9808a62873c4ae83c1b48bab26e78bfdd96d9b392f6f7f14b4fc9821fdab4a,ce0d8ff4a505dbbcbdf43fc524bed4093f32ec0b6b398ca791d23da17e611da6,2d602b09b5ffc07806ce8fd50edc029f47129048a61ea7262d8484aa2fe162ec
four-method-motivation-six-domain-s2026-20260813,RSCityscapes,confirmation,15,0948,RSCityscapes/input/0948.png,RSCityscapes/target/0948.png,293805,204326,504e61c9b86a27c1f8edaaed98b94cebe10efd337d6d0729e365921fc4a5e74e,1c599a6ca4ea6fd3db3a4d8c9d980eb876197281f12979cb32a354103eee49b0,2d7d30c907f1bdb0dc2372015d603c41c64eeff0a4ea8c7c78bab906ea0b55f2
four-method-motivation-six-domain-s2026-20260813,RSCityscapes,confirmation,16,1173,RSCityscapes/input/1173.png,RSCityscapes/target/1173.png,273809,187740,eca79782ac5597a6bdf0a4301b86ffa672567820813e48573051d10798855b1c,75bfe66943c6724c9c55fb528948755eef883a4dd8c2a957d87800ca6d4b6c24,2d7df439ff51ac69351e404f5fe65afd7de1aa16653039184772a1644d2a9bc9
four-method-motivation-six-domain-s2026-20260813,RSCityscapes,confirmation,17,0112,RSCityscapes/input/0112.png,RSCityscapes/target/0112.png,274518,204556,7b949863190ced1b5e8bf0ba401f6d166972d8509c08ca601534e3293def7465,cbacc4c204a32c6877556d8b22fc18f2987c1825ab2bbe643930925da381026c,2d92179957314ef1f519bbb1384b3dcb65b82ecf30c6b34346cff9d8431bab6b
four-method-motivation-six-domain-s2026-20260813,RSCityscapes,confirmation,18,0764,RSCityscapes/input/0764.png,RSCityscapes/target/0764.png,232560,204870,43bf579282513be00bb19a29689a54b608a5d76014a239e5b47b586b8a9875d8,295e2181eb71e67b411b8167e21e8de094ca6975eb81bc04fa96e18ddb05cd97,2dd2b6d6740cb7d288463666e77630571fbde99a142adb3add0c3275dceca707
four-method-motivation-six-domain-s2026-20260813,RSCityscapes,confirmation,19,1010,RSCityscapes/input/1010.png,RSCityscapes/target/1010.png,225307,188848,f2703ef987cdce66e29185445397222c677450ffa6a8efa1fdd36a8bbb47925e,1ec2e1f99af9fdfa9047ed46e5019497605bc65bdea784f8081b2343011ccbcb,2dd873d4fdd0ac9a864f48da4cb3eaef5ac14e9502f8655aac98038babb996f8
four-method-motivation-six-domain-s2026-20260813,SnowTrafficData,train,0,0601,SnowTrafficData/input/0601.png,SnowTrafficData/target/0601.png,319438,282870,ba5e1df12d5175e857d9880f8d5d02d85d2541596b807633447fcf4a1b91e0c4,c77a73cd09d410e2c9e28ba54f36a7409d09262a92d1f395b70a314658b6a631,003b642cb1659f6b9d384a15a00ec9a2b2b034a12ae031eb415567e8f0af5b67
four-method-motivation-six-domain-s2026-20260813,SnowTrafficData,train,1,0684,SnowTrafficData/input/0684.png,SnowTrafficData/target/0684.png,302700,266744,6d70b78fb91aa0f96023f7a658655da5e2c5a8153e9d881e193baf78bea3c6c6,2b72da50aeeccfe850f13444a2f5ca98fd3ffe0be65edcbfe99c0b60164a5ab7,00449ff39021e5ac598d3c352102e366fcb08c43b41febff141970955135a887
four-method-motivation-six-domain-s2026-20260813,SnowTrafficData,train,2,1222,SnowTrafficData/input/1222.png,SnowTrafficData/target/1222.png,230294,184754,d807bd8a23464009a6454fed8d5fc22cb74de1da5510f02261952971c8659b0f,986037b18e7681f1c21d61f743b9f0f603ea06f186a30ab1a1134100cb059489,00658c5060ef75fce58838edd19370ced3e4566662cc8ceb2a615373097fb065
four-method-motivation-six-domain-s2026-20260813,SnowTrafficData,train,3,0118,SnowTrafficData/input/0118.png,SnowTrafficData/target/0118.png,222002,181910,dad56298e2a57b52d78cd616b5e7453116e7068d4a612ea0a086d1e0dc621723,26b038cc748761c1b8ddda4cba3deed1c95626ea4498b832d92392fad9e3e50e,00727e86f233b87aebe1b179a9f32f9d3932bb0dadabd659e1af1078d7763c6b
four-method-motivation-six-domain-s2026-20260813,SnowTrafficData,train,4,0132,SnowTrafficData/input/0132.png,SnowTrafficData/target/0132.png,273746,258846,3e678fe4db67d536a905449d85eebe9503fab8ce09189978bbdc0296bf9caf6a,7f065c4499d3480e310fbb42f324b8217bf6e96606db2652def09d6248d8d7aa,00d69aa1813f51cdee416bd65203e503c0cecfd3b2ed66f51f9935c7dfe974c8
four-method-motivation-six-domain-s2026-20260813,SnowTrafficData,train,5,0296,SnowTrafficData/input/0296.png,SnowTrafficData/target/0296.png,218032,176633,901800d79a8914b7a482e85734733484ceedbd76ecde12c560988dfc9d31c636,69e5790e4fe1fb72069c60d9a87957b7baab350514ed75cf85e8dea375140690,00ea99fa81d459a1074d667032ea695e172e2a2dbfe31495220d0b8c80f1717e
four-method-motivation-six-domain-s2026-20260813,SnowTrafficData,train,6,0007,SnowTrafficData/input/0007.png,SnowTrafficData/target/0007.png,253005,200770,f08a6ff9d5154a46b192c89c871f768e741bb235376937688582c2d2e165dfb9,e0fb941d164edfc582349816bfb61419255ec359ba4211cf284d24fe40a1a07d,00ee13ab915b050b6262b5a5d353261901265e9b9fc52955520ef63ddd543789
four-method-motivation-six-domain-s2026-20260813,SnowTrafficData,train,7,0332,SnowTrafficData/input/0332.png,SnowTrafficData/target/0332.png,217344,177145,ca887149ca0ce668de772b4596dbf593db3f6cb33ede00b57850dc5a858661dd,08cbbb5b5f56701d4d4bf55aa3dda54803825aa702cc050ccd67c806723da8ca,0100de4ddb61a0fd56e19ec2cd1ab49b930c6d25adc4e5491f47f6d9bba3cbc4
four-method-motivation-six-domain-s2026-20260813,SnowTrafficData,train,8,0680,SnowTrafficData/input/0680.png,SnowTrafficData/target/0680.png,257894,244814,c5d29fe0a9d28db419c77d03951f98521945c68a09530af6d10ee8fdc2428539,4500b4718675cd9fa1bb06e63970e69dee1a6644954a3bd291ccb89a053cc341,012fca547b366737c70bd594fae6a5e884c7fa8e226ab40c8d91ee254e422d8e
four-method-motivation-six-domain-s2026-20260813,SnowTrafficData,train,9,0241,SnowTrafficData/input/0241.png,SnowTrafficData/target/0241.png,243060,259858,fb470843a395c303055ee3f72edf9120590d1374d28bb869f9b495f167afcd0f,8696319bd7703e8dadecb58e4322fcdb22f1e7ab85b3851bef03db46eedca3f3,01342f74db16e217887cb4fc2f0ee7f3c80a8e48615c61dca1c81a2919c311f9
four-method-motivation-six-domain-s2026-20260813,SnowTrafficData,train,10,0262,SnowTrafficData/input/0262.png,SnowTrafficData/target/0262.png,230719,185072,3124e12bd6bc73bfe2377dae1cafe6958bfd0ae8547c6ca632bf4bcd7ca4ad38,7c87ec0259be95ff3036574282fc2c32f1a949f64cb341fac21d837f38723f11,014968ea72f08d67400eaaad633cbbf6555d5c5cfe1d7d6accc13946f767f576
four-method-motivation-six-domain-s2026-20260813,SnowTrafficData,train,11,0392,SnowTrafficData/input/0392.png,SnowTrafficData/target/0392.png,256659,246869,07780be993e8833a84ff89e3d793e8998a0ab7de3982abe3a4585509712e5c96,b3808910e8a0a185564dc19fed2878685482a571e733f8ee83e00d5c59f4f7ae,0177b5fad3b573c86a8aa533bb101a59d587ca18ce36ea604b14e1f700b876cc
four-method-motivation-six-domain-s2026-20260813,SnowTrafficData,train,12,0857,SnowTrafficData/input/0857.png,SnowTrafficData/target/0857.png,401060,369171,7ff6e0c676c193188606da749c77e417ba6c47fa94004812a372cd83e9c44150,0053b85bc952323ea0def84e646b6994c2e60409964b710ad96eb687d3642955,01a0161599754d2a3c75d9a2a5489d8bf26f99c5076f4dc31c104bca90ac3b07
four-method-motivation-six-domain-s2026-20260813,SnowTrafficData,train,13,0609,SnowTrafficData/input/0609.png,SnowTrafficData/target/0609.png,275526,263596,34970ff17ca6a1bf5b6eff1a27f0705c59d1c317a8bd03508ccd1fb12bf27b35,2f142eede3e036650a8c96071d47c8ca0e79b91f12d118f52862938ba82f992a,01a60949c38de15b7101776f9be9f50922b4e779423f971eaf3e23db6930504f
four-method-motivation-six-domain-s2026-20260813,SnowTrafficData,train,14,0872,SnowTrafficData/input/0872.png,SnowTrafficData/target/0872.png,211783,169505,7f6a94a5bd54ae62beb63355068a1edd4259718393ed47dd05252f0877799b4e,015bdfccca9ca566676d471b7eb8914ecf0c58ee698650ae53492481f6d16c20,01ac3c8cd3b9aab619df3baa2e7bb2df4abdf4bc44d4da2ba55cb55f6b733e8f
four-method-motivation-six-domain-s2026-20260813,SnowTrafficData,train,15,0884,SnowTrafficData/input/0884.png,SnowTrafficData/target/0884.png,248261,196681,ef77dd7cc127bd4a8978a8653c171b2ad04aa7ded9afe4cac803d927470e4ae5,25c1c481a36497a9d1ae23fde70385858b4a811483e1fa20dc7a76f1c6e24f96,01d0092ab08b912f4b0c46e66d88cebfe61c23176f171dbf9f79324e3d8904a5
four-method-motivation-six-domain-s2026-20260813,SnowTrafficData,train,16,0180,SnowTrafficData/input/0180.png,SnowTrafficData/target/0180.png,304747,267401,a3f410857514f6c321180788a71009898d1a598c64ab8f9a5146e9bfda1e0c47,aafcdb939489c057e8fe59162f6ab53f215f03b03633c9e1f7c7c46429c2fbb8,0253c5a6e7e13b36ede9129c6a422542084600cb05c9d1ba26f07c18aba3977e
four-method-motivation-six-domain-s2026-20260813,SnowTrafficData,train,17,1059,SnowTrafficData/input/1059.png,SnowTrafficData/target/1059.png,215461,168747,85d528ee10b23d151f4efb8f4c98e3c18222d0ef69193e68d94946009a6aaece,fec2af82dd6d5faee156edf45e4bed3e79428d254803d8fd2d01ce36edebd318,028db9e36904486a449f264c712b90dc7f64926788c3f8f421e91d03e60b525b
four-method-motivation-six-domain-s2026-20260813,SnowTrafficData,train,18,0969,SnowTrafficData/input/0969.png,SnowTrafficData/target/0969.png,238455,249026,e1b4d639de3dfada0f72426121148c70795d84601eb4bfcfa0e24422b531dc59,606cdb9c6952f6cafa0f56a158fb8edca95755abaa0c983c037748777e0e37ec,02b4070298e7c46887b5573df7a0b4f8ee18ddd0bb05e6622fbfc0e5d153412e
four-method-motivation-six-domain-s2026-20260813,SnowTrafficData,train,19,1145,SnowTrafficData/input/1145.png,SnowTrafficData/target/1145.png,230406,183565,dc14d8d7620b3b8faeefd14c0cfffc6dd850ff61147fb51a566431414a6ddede,5eafed8b6d5af4d992fcc477e90bfc676f132425d5439627df642c46b9a626cd,031823a14e60141edcb6912ac0dc9fc2fa2dc18132a5b0f1bffd833c0433909f
four-method-motivation-six-domain-s2026-20260813,SnowTrafficData,train,20,0934,SnowTrafficData/input/0934.png,SnowTrafficData/target/0934.png,1198114,1151623,7687a42153910a044ff602d4652d78c815bdde9cc18481620bfc75285a48b08c,6d8c7246fcabbb50dd5dcd94cc1bce0e031f27eb7a01389e897790c271cee540,03394d8dfdcab1fe981c9c7bc52644684ace12a701dd8a52620878b736443084
four-method-motivation-six-domain-s2026-20260813,SnowTrafficData,train,21,0936,SnowTrafficData/input/0936.png,SnowTrafficData/target/0936.png,252165,199487,5a3930e8a927a210c02cdec509943e37c7e79a1e294a3490035cf7f77d6f6d0e,35d8dc3d62773998696bb950820d4365b8530547098bcf490812efc5d7f61a9e,033bb5f649f66103a65f6adc59d80a65a1d63fb7b15df24da573ea5f2e183ffb
four-method-motivation-six-domain-s2026-20260813,SnowTrafficData,train,22,0833,SnowTrafficData/input/0833.png,SnowTrafficData/target/0833.png,222993,190977,c61f0cf1a7a47c2af4dc737a93deab52996d9c5dab1b697b514c06f31fe2ff31,5ba04fa2a795e24e0c1005f8d712ede02cbbea1426c9f4da3c9e78a862ce60c0,035dc9e0a83b4552bf1fab07a58ae38083d9a97947e5df127bd2b74a1e532a90
four-method-motivation-six-domain-s2026-20260813,SnowTrafficData,train,23,0986,SnowTrafficData/input/0986.png,SnowTrafficData/target/0986.png,248956,265521,c2e6a38330b39ba9cd51a3b25ad8cd9504fbb2da95c1fd1b9caeb7bfff0603be,b85de59fbf2734539f37d591eaaba6c461e0fbc5fbd00b5d5a7846d7e1d3bc7d,03846ac91d6cfaa170a7b71b519dfa77b38da8ceed7d42b52b32df0f81719787
four-method-motivation-six-domain-s2026-20260813,SnowTrafficData,train,24,1000,SnowTrafficData/input/1000.png,SnowTrafficData/target/1000.png,245723,195908,136f37f19cd48f1f9a66696f252ff03042d239f03ba70953cb65aa4f48675310,485073485fb2ab052bf3957ae1bac1a740e979c7bf7fb605e730492154c96fb1,03e662cd52d488e22ddebb3d87974d237235048591ad2af0c2cd3ecf1dc47d2d
four-method-motivation-six-domain-s2026-20260813,SnowTrafficData,train,25,0411,SnowTrafficData/input/0411.png,SnowTrafficData/target/0411.png,1205404,1151893,56c52dc77650f3622f2a438bcfbf278413fd59b13ee03f4ce76f637058636cc2,516dd9520f491563ae73e05c2e391f7a5f147988ebe25bda53fe7fba3357a601,04097ad72400126ddf6f95da97377815af3d6fae9fe9009f096b3035c468816e
four-method-motivation-six-domain-s2026-20260813,SnowTrafficData,train,26,1213,SnowTrafficData/input/1213.png,SnowTrafficData/target/1213.png,403252,371597,c7a9e7029bd235b35e01f25e9cfa93faacd6fcd8ab1f02c176e7b756a9086e11,e8fad917af2ec08992e2f9eb1bd69f0b5acd9f9d57534d582e5683e5a4f870ee,040e31a68c6bea21e4977ff9ea2f88eab93fd601b87bd87c01ad847207060c5b
four-method-motivation-six-domain-s2026-20260813,SnowTrafficData,train,27,0825,SnowTrafficData/input/0825.png,SnowTrafficData/target/0825.png,232242,200648,3797ab122d9a75e9ec1c2a5a177a0ff573622c350b64d664a140649c86922874,cca1da6fc941cde08e0069159a8ccca91420814c15e1a4c2285465a389c43a53,04621581a77b333c456c6e501bfed9630d06432369fe5d38a8fb56aac4428689
four-method-motivation-six-domain-s2026-20260813,SnowTrafficData,train,28,0522,SnowTrafficData/input/0522.png,SnowTrafficData/target/0522.png,402556,371003,d975d57426f8cb3f7df92c27551c82d5d56fc60e50e7e332f29738d53bbf92cc,e2f5152f299c60a566995fc4b8336709fbb4fdb2c28dc7ceefe451476d3eb945,04743b50afc21618cb6da4fcc4cc1948e21ea33ce8491a91474e945bc026f238
four-method-motivation-six-domain-s2026-20260813,SnowTrafficData,train,29,0759,SnowTrafficData/input/0759.png,SnowTrafficData/target/0759.png,243927,251728,961027b26233626e53b1dc364374cab57f0989d13439147cc6459dd3c29232f5,9926fcbfb23195b1c585f5a3a1f65f60332e2ccb10a9f0017a99b6ad842d9b75,04ad0d7770461d84df29461abafd15e06c571d5d7ba44081f929aea5a87f37f2
four-method-motivation-six-domain-s2026-20260813,SnowTrafficData,train,30,0956,SnowTrafficData/input/0956.png,SnowTrafficData/target/0956.png,278113,265780,ad9e4e114647b8b0f75bcdc482dc3173fd681795b22b08eda9bc3cc65b473304,1bc73aa5ed094db8e299b14cbfb76544d6e1317ef14570c95b6538604b595376,04d33dab61dd3e963c5ca2ff49c22984c6203dd59c383f4a235ccc0fe24aeb1e
four-method-motivation-six-domain-s2026-20260813,SnowTrafficData,train,31,0245,SnowTrafficData/input/0245.png,SnowTrafficData/target/0245.png,243990,253500,e2796e6d02d9818846f0d4b47f5332d8513f6e6f49ce82e41bcfa05f41e8c495,c25c4b7fd92c8543e4f3a83a81f700357d2ebbd3f8833ec6b58aadad3f6d5b89,04d7bab1d607961a0646a644f1cc3eef2e30fae034bb8711103221011e4e801e
four-method-motivation-six-domain-s2026-20260813,SnowTrafficData,train,32,0827,SnowTrafficData/input/0827.png,SnowTrafficData/target/0827.png,1216963,1168663,be374c227b2a7723d1791a96cbdd01a1b468b20fb8fab8b5c7e857360e9c96b0,e313be161bb4667d9f0c81bb3d14341793c011c68dd03dc1991139c38ac0ac9f,04f9bc1bde4968921bc712f3da59f4cee0676c0e700644725f294e94d66c1844
four-method-motivation-six-domain-s2026-20260813,SnowTrafficData,train,33,0091,SnowTrafficData/input/0091.png,SnowTrafficData/target/0091.png,244819,252833,dc5aed5ee7e016d080c709782aad2791bfc55ae926940a0ae74fa015afe02b1e,8e8bb30d39cdcc20d33270eb0738e7665fb60b42f606536b798cec446a5fa520,0535c954ac7d81ab0f87338cb3b5212d7238c4ccaf61fd9ed0b5808825e5448c
four-method-motivation-six-domain-s2026-20260813,SnowTrafficData,train,34,0901,SnowTrafficData/input/0901.png,SnowTrafficData/target/0901.png,233174,200460,9a553baf83af36022095b46c025cb428fedf37c1a5e9d80cb55240b33ee3c113,732106e1c5ade83ee49b810bb5a635117ae19c4010514b10952c59040d21c014,053a9b3c629f5b18242cba27cd9047e73cf3ebd3aa55268d6df452b9e57985d1
four-method-motivation-six-domain-s2026-20260813,SnowTrafficData,train,35,0202,SnowTrafficData/input/0202.png,SnowTrafficData/target/0202.png,239417,251463,b1793071c16341e4b63156a1f0be70ecf6243c8f948d8cbef214df87e03d5882,c3de501407b95e429d41e9e6b0b761ab9fd587c4dd7f08eea499fe282bd805df,05d3cb4154042efd35237a9e4143121ad87c2230fc64f3eccb4a6aec2233b699
four-method-motivation-six-domain-s2026-20260813,SnowTrafficData,train,36,0156,SnowTrafficData/input/0156.png,SnowTrafficData/target/0156.png,252495,241712,fad6bf09f59643063a93af8500cd9437667fbdb66a5867cd1edd0af1e78c5d3f,354e8dc220158ee14d598f0d95f0ac2e896e1d653520a226f9e4dc28b4f98a90,06367b62eff0129c957bb288eae59be58a005eddefe03f81d0d0db4a05c3d9bc
four-method-motivation-six-domain-s2026-20260813,SnowTrafficData,train,37,1185,SnowTrafficData/input/1185.png,SnowTrafficData/target/1185.png,283754,255706,16cfdd8acb228d3cc2b01cc833c00bd4da5d6429bf1bb1303fa5f638e8ab88ec,173e6339c544110858333a444b4464b20106c1ebda9c924e317d5cceb7a81c09,0641dd018c847108c9eef93d4ddd8da6d6cf9879106700f83d8175ffa284c2a2
four-method-motivation-six-domain-s2026-20260813,SnowTrafficData,train,38,0491,SnowTrafficData/input/0491.png,SnowTrafficData/target/0491.png,247203,260709,c47c51b7f52667404531908f260e0c1b3f725bf766a1e04e4ca364fae59c240c,aa72880a74f24512ec94a9ca5f17f412faeb0a9f4c38c8a312c04141ab919959,06632226f287925fe51537df23a589254e3f7c89902f3704b6e9148f3c6e88c9
four-method-motivation-six-domain-s2026-20260813,SnowTrafficData,train,39,0810,SnowTrafficData/input/0810.png,SnowTrafficData/target/0810.png,248225,196301,5310af2039b2e179a112a4571bcf00d12a0be30c9fa407ef70a61d99d8f91e6f,a12e5242eb52079c9bf64803046afd4c59c63d54b4a4d029732a9b266dd9c3e8,067987800e083c12b4724ec97afc34c95510278673d68b7f4b30837d90f85d6e
four-method-motivation-six-domain-s2026-20260813,SnowTrafficData,train,40,1163,SnowTrafficData/input/1163.png,SnowTrafficData/target/1163.png,298562,257358,57060fbf340e515c07cce26aa65df1f40d78080e911b306e65ba68ee512c740d,f7957c1f6a590c3d2ca83fa4e58efcd6555c6c6d011e9dd1a239e8ff5bcfdf82,069c0f2a3ccd8df36565dc4144c1b7319bd563b0925aebdd1ff5d073a32ce56e
four-method-motivation-six-domain-s2026-20260813,SnowTrafficData,train,41,0636,SnowTrafficData/input/0636.png,SnowTrafficData/target/0636.png,226024,174424,0498738aaca57ec5702a0482ef01e09f8b6d4e55bf52c61f23e36e06b3fc5931,0ffab516745ae57e8da7f43ae473b585f3054491a81da09553b0f282b2f80340,06aef4597301799d310dfd2fb95df93fac0961c9eaa9af83e205f6dc23858ed6
four-method-motivation-six-domain-s2026-20260813,SnowTrafficData,train,42,0397,SnowTrafficData/input/0397.png,SnowTrafficData/target/0397.png,1216994,1167055,9fcdbf0b7bf5e2d713a0c79d57b5c077795b60bdf414569d39d4b08889f5a704,724f70fdaa8a9f3e35cc09da3a64408c1b0de42a7a19e1349b6b5bfa77901899,06b0dfcc987e31f4b9bbc4edcbb59783b639ca13a80e7d9153f18f6290ce1af5
four-method-motivation-six-domain-s2026-20260813,SnowTrafficData,train,43,0814,SnowTrafficData/input/0814.png,SnowTrafficData/target/0814.png,215957,182836,522df678d3faded51db9724e724fd5660c3cf2bbd54b2a631aa470c2381298d0,b8faf2a0dc7371312cdd9ab0a8b7a7fd6a4d0f3ed8498c3d173319e55b2e14a6,06bc059d05f436b9f950da4d8ab8a10c8a0a173705bebfce70de0f76e5397469
four-method-motivation-six-domain-s2026-20260813,SnowTrafficData,train,44,1001,SnowTrafficData/input/1001.png,SnowTrafficData/target/1001.png,230436,170058,ef4fa75160654b06ea4c54a6eade8c4e33794502b75f0cd64148c1bbc65c095c,43f3ef112bdadbbd763bf57dbaa6ddb91ff78b2b5a43ffa2f4819dc011ad96a8,06fa41865bd62fbce3620174ddb50869465a7965e01048f4e43508179eb62213
four-method-motivation-six-domain-s2026-20260813,SnowTrafficData,train,45,1002,SnowTrafficData/input/1002.png,SnowTrafficData/target/1002.png,290554,247085,15ce04c50fdc63b42a121d6610567d20f44f536ca4ea7f876f062fff2f235497,338245a476f5c697be34555f3f2ddeeefef6434e81418fbfa8a067ad6ad736fe,0726ba6759479df5492b6ee2f947a088fa6edff5fa5fffee1327fc8c455dd79f
four-method-motivation-six-domain-s2026-20260813,SnowTrafficData,train,46,0671,SnowTrafficData/input/0671.png,SnowTrafficData/target/0671.png,401170,370015,4fe51dd85d3a79cc44a1364552b6cb3db68320060d2f2a09bddfdb75e22144b0,bd4056100b2fd28c35060b472c1f31977007c280ec6a20b01e7b156733ca9553,072bbfd710572c1b63d9e6323539ba61773ca49c97a8a32f68f61806370272cc
four-method-motivation-six-domain-s2026-20260813,SnowTrafficData,train,47,0433,SnowTrafficData/input/0433.png,SnowTrafficData/target/0433.png,222084,184462,f78e68d88085c46ff25d9554944a342ebd7ec7fc06e2eade1c2d1a549a8e4970,05e2108c926acbe147d31418da6cafb0939c550e2a52fc186067f606f4a13b89,07e828efb4a7be357374b410a92741a42883c6657e83680148bd1b983b8116e2
four-method-motivation-six-domain-s2026-20260813,SnowTrafficData,train,48,1086,SnowTrafficData/input/1086.png,SnowTrafficData/target/1086.png,253381,199873,7d1385c506d16a2c8f4ec5310f524b8ab30f4fc5383bdd4f0569a68665d709ea,fc9ecf533b3d058178009e98b007ec3998c66bf2ff294d47888e7ce8222736e6,07ef5db447d6c7bcec7cb8793bbc7a42d2c9271b65faaf3d10c9e9f29a95f93f
four-method-motivation-six-domain-s2026-20260813,SnowTrafficData,train,49,0592,SnowTrafficData/input/0592.png,SnowTrafficData/target/0592.png,909791,825147,4f9e4ce336a7a4015ea81eac629cbd1f7dd5ea07d198871d109372720a79866a,bf10a52c80e31d79f7493292833a65efaa5b0d811fa0927f5b86c3de2285ce62,0821d9a6a8868ab1bac7a5227227b0bacd1a68adca576010ed4aa6c0068e1e09
four-method-motivation-six-domain-s2026-20260813,SnowTrafficData,train,50,0435,SnowTrafficData/input/0435.png,SnowTrafficData/target/0435.png,225369,161846,0e58f171f55670ef3f88c65095e7fb614dd6156194ee89d6b9c03864a2cff369,3c48c6fb22f98a51f64a3069b7a7fdea6b3856b459d3e8258d38d9916eae88b7,0824c0f432694634199e661933e6d28fca3c94e7738d41466454f017fcd01aa1
four-method-motivation-six-domain-s2026-20260813,SnowTrafficData,train,51,0220,SnowTrafficData/input/0220.png,SnowTrafficData/target/0220.png,245353,255208,0ded66754a32be1cdf97e4d35014f5bcc871cfec4355c140458c1de07e2f1bc8,0c3462030fa4b1bb9670fca936e9953c270bac941e21761095e314ba06414306,08390b155517eccb32d108c1f7d1eee2365667932b8eacd1c19e111064f5796d
four-method-motivation-six-domain-s2026-20260813,SnowTrafficData,train,52,0034,SnowTrafficData/input/0034.png,SnowTrafficData/target/0034.png,236779,203493,ab4ae0d139270cbcdb0120eec3a1d89030e40ed28d352c837df60e6a798307be,21d18a7daae1f8264292014edd8729ebe2f2e7deaee962174a3cd69d2a3840fa,0866ce3d6b60bc2d73e932ae6aac3c5c148aecfd396973465c3821eb2e3d3ea8
four-method-motivation-six-domain-s2026-20260813,SnowTrafficData,train,53,0291,SnowTrafficData/input/0291.png,SnowTrafficData/target/0291.png,912461,826549,86a902eb0e54176a77ca4cb8227aefd262467cb2338a3d6611aba9c12aa0bbb3,8b0bccf13eb83a745a00941cac22a7a92a5a50eeb783cbbe41c58a5771769f2d,0886e584697817e841b7f9f84c0a5cf9b2c040055dee104cdc7f3c5aa96eb75a
four-method-motivation-six-domain-s2026-20260813,SnowTrafficData,train,54,1197,SnowTrafficData/input/1197.png,SnowTrafficData/target/1197.png,248313,265491,0bbca1830686d5b46824c1219a98cdc260311a1630743eac877ffb821f2fef1d,e26f074babfa62b2f09063f5b9d465d52ea058141e3e5e8812a3e9ece0c16aac,089b0e43b7b1647d414aaa9788d34ed67b181536f15ff9ebab68c48d9494d7af
four-method-motivation-six-domain-s2026-20260813,SnowTrafficData,train,55,0178,SnowTrafficData/input/0178.png,SnowTrafficData/target/0178.png,225233,184962,5c4787497daaa392649fc7f829cd2a0b8e1c77cce3a4278fec97bbf1a3b577e7,b18ca7ba234b92a88943965ad25ca7650cd786527c5a243b478d989677316091,08e0d3df71a6c7a07a259bd5d4af5dd4066883a7b1dba7bc4d0e48b21cc85d0a
four-method-motivation-six-domain-s2026-20260813,SnowTrafficData,train,56,0694,SnowTrafficData/input/0694.png,SnowTrafficData/target/0694.png,249406,265398,1002464576fd6c26226b31e0002e3b6fb3cdc908098206e580aca99cc2fed09c,b969a60ed67d99b83efd073e490cbf199707dff49c3525329e76d6f3ee2ffb04,08f5dbbff19a1c7c38374e26b20619a3d344c9d0d35919d0e836aaa2c4ebb7b8
four-method-motivation-six-domain-s2026-20260813,SnowTrafficData,train,57,0904,SnowTrafficData/input/0904.png,SnowTrafficData/target/0904.png,301001,262249,e4b2551ebe880026cbbc953f2adcf5bf0a64c27e34bf51d72b87c602032a3682,8b97ccf084343cd6e7cccd30f2390ce58e3c062200adca8080740d10ed14697c,090c50970e264b6be1a4f505078a11861c500da3c26f0c9ceccc8b69759ba0a9
four-method-motivation-six-domain-s2026-20260813,SnowTrafficData,train,58,1077,SnowTrafficData/input/1077.png,SnowTrafficData/target/1077.png,888844,806102,cbb65dc4a0873d152baf359c82c45e31d3b7d2c64cf199c2506cf3dec897cd72,3b3a70af8466edb731e44549159e37627c2a310fefefb1855e63e54cc336c93e,09467d78ab7e31d9f1c6363ac237f5272eb2f12da5709db4041ae1617c8a0490
four-method-motivation-six-domain-s2026-20260813,SnowTrafficData,train,59,0753,SnowTrafficData/input/0753.png,SnowTrafficData/target/0753.png,235568,187647,16ce214a36f4582bfdea8f42b575cd6680ccf742af73b523013933dfc0a741dd,704c0382299e8be9afcf63d1a15a99ecd30e78aebab2804e4958a00ffe24a4f3,09663c43f660ea185dc2ced4e37062da46a2b2099feb3d4fd7b1ce80c789064d
four-method-motivation-six-domain-s2026-20260813,SnowTrafficData,train,60,0222,SnowTrafficData/input/0222.png,SnowTrafficData/target/0222.png,215711,171861,2e5c2b1148fba75e7a673db9b9b4d1f893006b28a6ec2c958e7bc8bec9861323,06be87b027ee8c59846c218b938abcfb029d6a0e503c8ed6b703a1d4d1d9dbae,09ab08e8b827f5c436f0975ad518325bb1cb2bdd4c5b28f8b48ce838f6ecf305
four-method-motivation-six-domain-s2026-20260813,SnowTrafficData,train,61,0744,SnowTrafficData/input/0744.png,SnowTrafficData/target/0744.png,216212,172826,2d94fa15a8338468a98f524b02433a9c068ec2c80d44f9f33f016b7db1e75dca,f7e7e21537fef80dd9ae2773a6ae944526a02ca22ea7548ef0ed2fe8d89361df,0a2517fe85825da24e048ad52c8637d7a6df0775f8c3ab225b648a4abda3154c
four-method-motivation-six-domain-s2026-20260813,SnowTrafficData,train,62,0661,SnowTrafficData/input/0661.png,SnowTrafficData/target/0661.png,278890,267140,d0b0a2cfe77e0658597014c22e5ce0b1da0c6c9af694cece6764ef176f526fc7,108b17a6604df95827f0f60f9d3066a116e63e75e34c70f3061dd62eb66c92b0,0a3d6f1c4fb9e8a91466e112fb2036a2bff5433757b636fa90d41f3c8ff3ac75
four-method-motivation-six-domain-s2026-20260813,SnowTrafficData,train,63,0662,SnowTrafficData/input/0662.png,SnowTrafficData/target/0662.png,1212027,1161465,7f872a6c2044da79f01acb91578f70ca95acdd7f482b0603388a9349043ecfa3,d5c059e7688377a1be8090aabc9ad5c2025b493d485d6be80672930e0be2012a,0a7aee5ac46c004efc91527a3f7208e2f936501323b848931f21a10b7d1733d9
four-method-motivation-six-domain-s2026-20260813,SnowTrafficData,train,64,0960,SnowTrafficData/input/0960.png,SnowTrafficData/target/0960.png,299457,259517,2299e1db7e3f31b9f7cdca0befd2e867168eb25d98771e721e9b3fb8dbe140aa,c4bb5f7e3012d5943b6e5092862901709ed29f8ff3d840182b60da2a3ce8be9d,0a7b1bd480da5160a512cb0e2fb5e94218a05bff7a546db4e4cc398cdc249ac6
four-method-motivation-six-domain-s2026-20260813,SnowTrafficData,train,65,0708,SnowTrafficData/input/0708.png,SnowTrafficData/target/0708.png,230621,171364,d45beb02a946dcc39f3f237a81391b1ed7955d662b30c24e289a7a7f65e9dae0,0eec94e2022941fb7ff8667c9512925da6b760e9840fc625bf626753e499f3a9,0a9b10caf618591e8015b41fd4e4e93322fed929bcefcd32f9070cf438597104
four-method-motivation-six-domain-s2026-20260813,SnowTrafficData,train,66,1194,SnowTrafficData/input/1194.png,SnowTrafficData/target/1194.png,228214,178155,e7909e2e6f5feda53b38c6468035a52a773747fcc963fd1a5061aa831f768a39,16b95e40a023b4f33c345afd00c5c74be40b7410fec54489e1f91214dcace3bb,0aa1a7f839fba6673912ac758d5442da989b2e78fbdfa01de7ea3f1641103acd
four-method-motivation-six-domain-s2026-20260813,SnowTrafficData,train,67,1155,SnowTrafficData/input/1155.png,SnowTrafficData/target/1155.png,1217494,1174540,9b1cb6a35a3a1b0816e4e0d9357c28691231d7535b716c29a4810b1c0f7e622e,e1266fcc8359df1a174b40e56bac03d34ecca097a7c49a0475c451aadc1623ab,0afc18709d83658e519120e93752348a5e82137bb56704f102fe04175b2121be
four-method-motivation-six-domain-s2026-20260813,SnowTrafficData,train,68,1158,SnowTrafficData/input/1158.png,SnowTrafficData/target/1158.png,213367,173626,18e6316ce8adf954ed0557fe8106a14da63f1cfd2b53e42d859925d88d3e5fc5,94fb6883474fec0629d17c3ad5d035a4615696a1d89a5cfe6b94b22b49b9be27,0b0377ea42ba9ff9664cf7879e01b51ef03816fdf085292bc62af1cf6abc75d7
four-method-motivation-six-domain-s2026-20260813,SnowTrafficData,train,69,0732,SnowTrafficData/input/0732.png,SnowTrafficData/target/0732.png,231163,201404,55d4d4772e097a167c2d93c4ec6926e418ca63647be93fd29240b84dc5f64256,5f17b6c614aaca453b1ede2ea84b8cc1b8d8a5509e47c6af84aa07263a98911b,0b0d35a994dceac36050506434a69f047d6480a1a9d11d949368de970efeb1d2
four-method-motivation-six-domain-s2026-20260813,SnowTrafficData,train,70,0290,SnowTrafficData/input/0290.png,SnowTrafficData/target/0290.png,300573,260646,43cd00e36905f18e02e19778f76f7e19e37458cc2a0fb59e2af2a04169d6abd2,f5fe45573d0bdac423983fa6c54e18ef39e3d69037f16921092be539933057fb,0b449a797aa5a51e81bd2fa9a36b564fc104ee643d06445274305f17601d19d3
four-method-motivation-six-domain-s2026-20260813,SnowTrafficData,train,71,0831,SnowTrafficData/input/0831.png,SnowTrafficData/target/0831.png,911745,822977,14097d5bcecfe1a732c1ed77b8741d88eb9809fe77101bbdb8d4c83736b51e55,0cf31c171ece906d89087782e11f116b41e693ac6eedbed33855bc50b93936b3,0b668295ef5c9d723cae79a46a608024d7196861c8e7d8529c9a12518e84ffce
four-method-motivation-six-domain-s2026-20260813,SnowTrafficData,train,72,0885,SnowTrafficData/input/0885.png,SnowTrafficData/target/0885.png,295562,254096,fde26030760dd3695e01f673f6e343b0638f304baa16415136614519bf45ca81,c06113a0025740c91d97126b96bccc8ec71b4f1abeaa994815436043149fe453,0b75ab77787bd4d9750b0269a6d051744d8b4f26c9e3a77aa5a09c8069af262c
four-method-motivation-six-domain-s2026-20260813,SnowTrafficData,train,73,0302,SnowTrafficData/input/0302.png,SnowTrafficData/target/0302.png,313954,281544,0bf4ab0a440ab266fb551e01afb123356c25c0f98b6719bc67ec4ae6ef094ccf,42b0793291029348466c59bdc6423f365fee80e857c6811a3d3e4f1e6d9b4e5f,0c23d41928ebdeac95bd121e980c46b8a5129d768f4ff992ec1535bd8e104d56
four-method-motivation-six-domain-s2026-20260813,SnowTrafficData,train,74,0143,SnowTrafficData/input/0143.png,SnowTrafficData/target/0143.png,401784,370101,b8c7b340b9ac91582f03fdcf58ed51b763542b67b2337044f15cca3f72fe88cd,252710acde4ff07ae776855ebd73f8e57a0d6be53daad27b7d97a90bea321db6,0c3efe6e40d3169d6101d5b1e2687612407b81e44a9446cf043cbb8dbd6b1b5c
four-method-motivation-six-domain-s2026-20260813,SnowTrafficData,train,75,0840,SnowTrafficData/input/0840.png,SnowTrafficData/target/0840.png,248708,265603,c1224551698cfea46d7a2b646b06b74180fa87a13ac086d173cb2632c7422af9,a29a66f771693d812a3e2b95cd6cdf1d9ca03b6ca0ee6cafa7034be052ba402c,0c8b5d12f0efbc8cf9697f01bfcd735e2c55fdb179a2a5a19d2d3180220ef830
four-method-motivation-six-domain-s2026-20260813,SnowTrafficData,train,76,0286,SnowTrafficData/input/0286.png,SnowTrafficData/target/0286.png,226824,197546,ab921e5cbeccc8e3d4e050a1b5b68cec1431a15e03921356699014e46c41b318,2a5caf915012541afb6d7eec4cf3309138e2e5894511cdf4c2a9bac42e9d1f29,0cb5b49646c27429f623bfab4ecf8fa3a3b3aa0961137fa118b4da87056e027b
four-method-motivation-six-domain-s2026-20260813,SnowTrafficData,train,77,0364,SnowTrafficData/input/0364.png,SnowTrafficData/target/0364.png,226561,198146,5ef3bcd282b2e0f5bbcd026f4af82f433b27139cb316b668eb4e7734d6b43c79,744b487b4fc12d47cf79a02ab892b5f27015c2ac5b35fd12adaf05d62ee4e011,0d37c2a34103557f9d7617afa18a46d09597b85cf868f145cc7395836db6044f
four-method-motivation-six-domain-s2026-20260813,SnowTrafficData,train,78,0234,SnowTrafficData/input/0234.png,SnowTrafficData/target/0234.png,885864,806034,7c33a489afee2badb32cc8c8e1760cbdbacd94022eb23295b8555330f79e9a2b,16a7e7d317157a3def69d73d75cd406e2ba25b3b33d6e24ba6a438fe26e20d89,0d8e622c6ec69c67a50f8dd62a04430439e1455ad7c80256f749f7594be1ab5f
four-method-motivation-six-domain-s2026-20260813,SnowTrafficData,train,79,0431,SnowTrafficData/input/0431.png,SnowTrafficData/target/0431.png,250294,265460,85859dc70f747d4dbd63011f381a27200ce40efd82cbf2b3bb86592c157dfa01,b1c193d6b384da10ff4aa0672acb4c233220ccca669e65860ab74e609f92d013,0da0e5fe82f8daf74a0aa309ee66f0095b49790f02ad8f22ac6d7e4b7c886d98
four-method-motivation-six-domain-s2026-20260813,SnowTrafficData,train,80,1253,SnowTrafficData/input/1253.png,SnowTrafficData/target/1253.png,902935,835294,03f178c754d109df9ab51dc0c6db1ac87466a893166501c1e7e120baaeb72542,1bf192eb929f14e4579b0bdca9f04bfc22760a4d1d2f0dad8085dcced4a64a50,0dcfcdf714dd880b2b911efc95aa3fb1abb0ad9a381df7cf062c8d85362fff61
four-method-motivation-six-domain-s2026-20260813,SnowTrafficData,train,81,0509,SnowTrafficData/input/0509.png,SnowTrafficData/target/0509.png,228358,179524,c5c270b29a1fa9b0426a8d7bb821384ba03359f9af13b796060bddd46e2d6b5e,505d66d56f1c346ec189dc49827b1626cebf40b8a5f5547dc8975713124f9e5c,0e2775b0c3640ae20dda41e8abbb22e284d49876d2292e3c6225ea4e58aead92
four-method-motivation-six-domain-s2026-20260813,SnowTrafficData,train,82,0670,SnowTrafficData/input/0670.png,SnowTrafficData/target/0670.png,243795,257690,0bcc6bc13a786c8cb83b1d19c12eac445073c019b653ff14f496728d9fc2b877,4b8c16e59044bfded6e6992c9790ec0bfac98c216fa774502503018358baa928,0e434de4d2673f1f09e06244e0b3a50b4a6371648987905d14d7ffc51528e13f
four-method-motivation-six-domain-s2026-20260813,SnowTrafficData,train,83,0223,SnowTrafficData/input/0223.png,SnowTrafficData/target/0223.png,239328,253663,a6043219fe7c0e793e58d62c5a5d41fc7c8deb2eeafa0775bd093afe4e61631a,ed860e9ea186f2bd93038ec3e8ea9dab2911115c455a877caf4aa0a4ebf28ca7,0e8901983ba94792e12b13c71ab9cb07ce40fa4de462b1e0a2f351389f087848
four-method-motivation-six-domain-s2026-20260813,SnowTrafficData,train,84,0436,SnowTrafficData/input/0436.png,SnowTrafficData/target/0436.png,225052,174465,0409c5b834adb6e9e67d25f5032b56c3430ab105f2302ab87b0eb0931132d7e0,98021021f6709e882551ae526754f24869161acf580b26f75e4ab52ce1a347ab,0ecbedf77da4cc409a78dc2f4b2c119751b2fc627e0148eac68be1ba9dd81ae4
four-method-motivation-six-domain-s2026-20260813,SnowTrafficData,train,85,0755,SnowTrafficData/input/0755.png,SnowTrafficData/target/0755.png,273871,262019,9b20b8f7e3a9be7a52429f8cf3f75e864beaef7465df44a2cf8436b928eaf82e,bf79915cb737cad6c53834f0b4e0b4076b566a25d662b892315f8432ef14a807,10205cb5e86eefd566de4109a115060765f25161cedf7994f344cd4d5e4162f9
four-method-motivation-six-domain-s2026-20260813,SnowTrafficData,train,86,0335,SnowTrafficData/input/0335.png,SnowTrafficData/target/0335.png,225679,187394,bcad29a87e4b81fcf2bafb57b710c2c57944c15c9c5222151acab47a0cfcf707,608676358481bc7f33efae0ab348c83745d002357c6347e6066faa8a21b3a9c4,104a4530f613522baa64d95a1c6df32d746172dc6cf00f898c15610be75e1e70
four-method-motivation-six-domain-s2026-20260813,SnowTrafficData,train,87,0070,SnowTrafficData/input/0070.png,SnowTrafficData/target/0070.png,304446,266664,5fa8f5ad3a75c7023d93245b0273657c4abd08c0d0bf1451d62ff0c48d493b99,3c2588ab78a6923a0fbef3bb60c3da2aa722b08e236a3d29b08f0316e81b68f0,104b4d02f9c6c5521e09964e966eba43c3f45c78b9c4e0fdd7dfa46ccfefcba2
four-method-motivation-six-domain-s2026-20260813,SnowTrafficData,train,88,0274,SnowTrafficData/input/0274.png,SnowTrafficData/target/0274.png,287333,242531,ae524632785bd6e2b05d802eef2aaec37e95c008f710b35833920c5a9b657d9b,7a1f569b3253ae6716dca00e0845b1750dd5fd2e2bfbc35156bc1f7691db6f3a,105c9c6937dd79e28b87ebfa77fd8ca7ca16365eca648801b6663afc9e919480
four-method-motivation-six-domain-s2026-20260813,SnowTrafficData,train,89,0920,SnowTrafficData/input/0920.png,SnowTrafficData/target/0920.png,244957,253678,3bd948b4f84053b10b64ec0bda5e535ef09a7b217092df33a2b424fcb86b43af,2f605b9a089f77f4e87a36c49f5ca76c33f341246ce33602c45b162eda3c6c76,10c6268691a236cec74a3b5c76c09cea32b700ece3716894ff1894db50299fdb
four-method-motivation-six-domain-s2026-20260813,SnowTrafficData,train,90,1067,SnowTrafficData/input/1067.png,SnowTrafficData/target/1067.png,291493,259245,e2b92bd17b62fe95a491ce99d4a14a6e99c5ceff47d0de82518eed655c976933,26fe1a553be1cba34295ae7be5695999df7ce565adfec3f5545add4a6e7e4f5b,10e8eafc23f6a9128f87bbae3371651d92221094cf68dcb152b78f25fc05f2b7
four-method-motivation-six-domain-s2026-20260813,SnowTrafficData,train,91,0713,SnowTrafficData/input/0713.png,SnowTrafficData/target/0713.png,255475,245181,37196fe8c5d4d4270b769c45d524447b964fb23ff9f494d788546499c929a01e,a27fa18490a5fc668cd1b79ba3e7c96019017a4e1d3ebd7279ba579269ff6dfb,1190e82e7ad434d40ec8021e4c53034522975c20737b4defa4e7a449b53d5b5b
four-method-motivation-six-domain-s2026-20260813,SnowTrafficData,train,92,1050,SnowTrafficData/input/1050.png,SnowTrafficData/target/1050.png,249173,265180,fbf6084032f1a42bd37bfd1027fb5256cfb99e3bbcf3b8d1700b7075451a5e0d,5e901d1c648ca122459f96564dab8ef8617c7e22916f2206388c24e4ba4c76da,11aed2f950cc14a971bf76caa97fab9f9f7d20f4a15596538a31585fb35c065b
four-method-motivation-six-domain-s2026-20260813,SnowTrafficData,train,93,1154,SnowTrafficData/input/1154.png,SnowTrafficData/target/1154.png,402305,370313,3be7c411bfa8fbf2ab14fccd11881d2e7721ebc5cbb6f74c68f527a62225d166,ee24b69b23b9a0f735f0553b4e49329854a33cd422fdbbdfc45fdac71c9e506d,11f1d54d716d90c4ed33c3f2eb2e0c631693826c18ee3bdc959fb91416f5a0ed
four-method-motivation-six-domain-s2026-20260813,SnowTrafficData,train,94,0577,SnowTrafficData/input/0577.png,SnowTrafficData/target/0577.png,210080,169066,b8caa538ffde41848dd730d2bbbd99d13e830df9b015c1fa0d7f331213629710,31a8c2e7b0ab88df16b29f08af4d94a772cb68e202e119ac9d7286340a84cfb4,11f434fbaecfb3e18eac7ca527bc7e5aaa1abdf85de43e7882510198ec8da27a
four-method-motivation-six-domain-s2026-20260813,SnowTrafficData,train,95,1028,SnowTrafficData/input/1028.png,SnowTrafficData/target/1028.png,897972,828328,01dab8d28fff23edf70ea7e78b0b8b1f697dd53f933924aa28a24898907f16b1,5c95f22eefff3193ab5379863a51f5892033f1a404dd0f0914ebbcf4c360971a,1235efa64adb2fcd92023647aabee5fc44c5da5dc206778376b2dc2b1b89c3f2
four-method-motivation-six-domain-s2026-20260813,SnowTrafficData,train,96,1156,SnowTrafficData/input/1156.png,SnowTrafficData/target/1156.png,280767,253857,acb950f62d47cdbe294ffe0347f1415230de6747d117691bde8bc3b4364ff11e,0e1a53f381c59e871a11f362008c57e8717162ababf63e598f7dbff97f7a44b8,1249400ff3db17d5736b4d1889a82c89d2ec69ca4108d2dfeaf1a3489f784ce0
four-method-motivation-six-domain-s2026-20260813,SnowTrafficData,train,97,1035,SnowTrafficData/input/1035.png,SnowTrafficData/target/1035.png,241963,253937,14997786d354f0a19051b62ceb9802d0ee4c7e3e05b029aa6e8fa03298da93e6,74c31c9855b525fb050d9725f25ce70f0727c94f27f9b7ac30cc1ce478010eb4,1265bdfbcb8898ac4d8af8857a7ae5fd47a9ccf712fe1e2dea85db7fe68dc4cd
four-method-motivation-six-domain-s2026-20260813,SnowTrafficData,train,98,0336,SnowTrafficData/input/0336.png,SnowTrafficData/target/0336.png,235657,181293,b08ed104cc1bce5856ffcab65aada37355a632141d2d1e5d5c564a12aecac413,303dd956c9d18e0e34efe8e970913832e49047b2371abc8d484647a76fb9a734,127475f04294ede05c90fc17e01c67be34d36f47dcecb7b7b4439cca733f52d9
four-method-motivation-six-domain-s2026-20260813,SnowTrafficData,train,99,0508,SnowTrafficData/input/0508.png,SnowTrafficData/target/0508.png,226102,164740,16e12253621013963fc74e4a662518fff49feeb0a8d872f93be58487a93d4a1b,da67b7cdb9a7f996a6c70df64c9c6563c8439ca62269d754152e5b0795ca4c94,128ef811f7c760944392fbb423700cdcb82c57a8b5ae31171d0fd36ae920d283
four-method-motivation-six-domain-s2026-20260813,SnowTrafficData,discovery,0,0425,SnowTrafficData/input/0425.png,SnowTrafficData/target/0425.png,242721,196893,38ee653a5c529e89a18b0adb8d14811096c4709b014956387a2ceb8809d5e145,72f55d0029c39c75b6a64ca8e9cba70ab230597aed6d231ca866d528b40b23c4,1298770d24087564197d32fadc50b80470680157b0ae8231e5ac30141fbe42c2
four-method-motivation-six-domain-s2026-20260813,SnowTrafficData,discovery,1,1120,SnowTrafficData/input/1120.png,SnowTrafficData/target/1120.png,252319,200682,b547c6206734a0247e0e9b038d3581f121e27de4ecf4e58e0c4f79147b4583a1,6292363063c47591da33bce510814ed6418523424b0060f1ee3d52b863c417fc,12b1817c911edf9ef48d8a81b96615b20671d0ca481b57338fedd5c80b036742
four-method-motivation-six-domain-s2026-20260813,SnowTrafficData,discovery,2,0529,SnowTrafficData/input/0529.png,SnowTrafficData/target/0529.png,235055,203337,f3aa4387e163efb8a5e78843769a23507b4a8db5cb68f3812fd3e4ede0b5f870,44035734b0f7e9d83374b23f23d7878af671ad21d295d05a0578e94e300cf3b5,1306c894a8011fb1e0bbbd165afc83a217efb7830c5f029a33b8f7464793c8ef
four-method-motivation-six-domain-s2026-20260813,SnowTrafficData,discovery,3,0116,SnowTrafficData/input/0116.png,SnowTrafficData/target/0116.png,238548,253418,b35bde11f78017f793a1fa33746121ef85835237703ad1d13cfca2429d160c74,18603fb980fc1c86d59b9dc223aaa3c160f2fc0fad6d0f6c577228e380a1cbb4,130e9afc663279e3ab64bec84ec1aa5140529967f9c31acc8b2d79e41ad2fe0e
four-method-motivation-six-domain-s2026-20260813,SnowTrafficData,discovery,4,0099,SnowTrafficData/input/0099.png,SnowTrafficData/target/0099.png,224377,192306,cc59d357047662b2924d818b1823b2e5985fa7f11277bfabd6035f45559b00bb,54a1426c52624ca0a65c6a5a16b75ab35de470b42d83ff6fd6fe93d032b7445a,1317f14654a09354a9e5969a154e04311e15fe28db84a6aab2c7c2265bdef439
four-method-motivation-six-domain-s2026-20260813,SnowTrafficData,discovery,5,0782,SnowTrafficData/input/0782.png,SnowTrafficData/target/0782.png,903823,823141,eb65d334b19afbaf4f7aa006b9b94fc491b5580542ea52cecd7ebf676d0c0bb3,f24989062b18a45f3fae977e9190d7a7f6a434fa4b65da3d28f5c46d07d52791,1358858db83c976e10deb6bc33363c28897617ba584d8236bacc587d3aeb658c
four-method-motivation-six-domain-s2026-20260813,SnowTrafficData,discovery,6,0462,SnowTrafficData/input/0462.png,SnowTrafficData/target/0462.png,880263,802290,03067eebde8e90345b5b8a954a9578f713b80d80f5dbe2395e9d35d4fac48bdc,adfb43d33037b35636b026f724fb6ed05c13e04f38b58d2e1d6a8ea57c657005,13ae95b3a061f7b78db906ace9eab0c7e36e41d6f0e424c3519e9150e2c85cd8
four-method-motivation-six-domain-s2026-20260813,SnowTrafficData,discovery,7,1265,SnowTrafficData/input/1265.png,SnowTrafficData/target/1265.png,277514,263479,f6e32b10fc241314e31f1702b09f4eee84b9acdf97d0e9d160397780f79d1738,c5bf2e183c93f80267af2444614c69280db1851174bd34d4b3455a8a16f856b7,13c1c47cde74264aae10a285b7278fad977c5b3fa7a903629f25d6c726a004ed
four-method-motivation-six-domain-s2026-20260813,SnowTrafficData,discovery,8,1129,SnowTrafficData/input/1129.png,SnowTrafficData/target/1129.png,241457,251614,0b58cea0179ebd886518b892ec846653813508df521f36e75946762397c3b6fb,7c75fd43db712cbc827cb81a3f0a64e8f2e6b0c92088a49e1b15ead43a30a55b,13da11fd5368c87cac64527e67d3afb584a104e598fcec501be23cf309d4f908
four-method-motivation-six-domain-s2026-20260813,SnowTrafficData,discovery,9,1255,SnowTrafficData/input/1255.png,SnowTrafficData/target/1255.png,248180,265057,4bc3556f41e5e65e59cfb4255cdce4bed1f2d2cc70ed8af9c88de5b2c2a49594,257989781d3a9c8f8024491e9b747b803a893357eeefe2636da87cc042497f65,13f1d1d5a402e3704b025090495a197aeaefe6768ebd755c115c7cba79068224
four-method-motivation-six-domain-s2026-20260813,SnowTrafficData,discovery,10,0913,SnowTrafficData/input/0913.png,SnowTrafficData/target/0913.png,876348,797301,298c27247b17e48169005e66985e523cd5a9775643499a7898538e595131311c,15df193c0ce3b8745edd571dc681bc40548bec9d886e59fa87bf1b974f1c8f67,1418e8547625a2a97329a8c91c21a3a6f2b11dde3fb2b352803ecb6dcd15f511
four-method-motivation-six-domain-s2026-20260813,SnowTrafficData,discovery,11,0822,SnowTrafficData/input/0822.png,SnowTrafficData/target/0822.png,227631,177750,215da1238d32d3cf603c7c89f6b5c90e6fa1f9e0e9d4a6cda81c4b70828fff4b,93d8ff58eb7d0cbf1f5924d4a780b29f58a4dacbad28db7b78a4e10fb301e7d4,146dc015bda74002efb1487e1d2917d939416577eb5278b3d2c996d263e0d9e5
four-method-motivation-six-domain-s2026-20260813,SnowTrafficData,discovery,12,0502,SnowTrafficData/input/0502.png,SnowTrafficData/target/0502.png,893679,814094,b021e988e11b5dcaaa5f3aed6b83a428c79b6f41786a858591ac129959fa92a6,b239edfbba7eb72607a2d2158c475cacc235120dc124c706170694da1f991916,1480d5483b7755d19d125521559b9531fe156f1edc3ee952dacdee0f156d97a6
four-method-motivation-six-domain-s2026-20260813,SnowTrafficData,discovery,13,0417,SnowTrafficData/input/0417.png,SnowTrafficData/target/0417.png,259723,252648,a0aa672380fff50391a49132421af8acf5706ce0633f4b181bf04ac7de59f8c3,58dc4a02caa3a0b56c8266ec5874668fc08653d70e8bf3172b17588f56c1b02a,14a13f544a2714774ef151bf972271e1ed87c9161e368d661dc1574e80d82e15
four-method-motivation-six-domain-s2026-20260813,SnowTrafficData,discovery,14,0650,SnowTrafficData/input/0650.png,SnowTrafficData/target/0650.png,242539,252782,66c77375341d41d5d8876a3f538c71174e0cf6eed3ce012d6bfc292702e73b5d,e7e9d30d759c1b459b74229ef4d505fd3fb52d19e781e527d5c8c14adc999688,14a7dd5a4108ee5fc281bbbd5a059f29cae94d3be11b8beec68ba294ddc6831b
four-method-motivation-six-domain-s2026-20260813,SnowTrafficData,discovery,15,1082,SnowTrafficData/input/1082.png,SnowTrafficData/target/1082.png,217029,178054,9c5bbf302f46d635e5476d182f837b658498060e317c6a2365a753e4b4a9891a,60cd0ac532eeb2dbdb485d341f38ba47f61ecab12e870bb6fd4522bac4975f36,14d0bf468201c59e62a737cc004976022885d44320f985bd870718c0425f5643
four-method-motivation-six-domain-s2026-20260813,SnowTrafficData,discovery,16,0217,SnowTrafficData/input/0217.png,SnowTrafficData/target/0217.png,240452,252031,6d158ff67ffa77b2e0fe469992417454e1202601d9b5e123672c849e75c441ad,cbf327e4ee3dfb694ef2dffe559e9ea3e0e9a187774f87d3426260fe0ed3f185,14ff286df6210abcb8ae486f877f5e094b71cf787309cc2b453fca705da76b27
four-method-motivation-six-domain-s2026-20260813,SnowTrafficData,discovery,17,0726,SnowTrafficData/input/0726.png,SnowTrafficData/target/0726.png,218981,182594,921c7bed999a9a55d22ed3802b1c4dfbf479def32a00339aebe66cdb5273d19f,7db28769eb2ef87f3b9aa9f673240d482fafc8c76a431d61c5d2f4e9c0e0faaf,15686e98878fd5d454967640de257571e293433b6fb9d8edfc2ee4db74b64af8
four-method-motivation-six-domain-s2026-20260813,SnowTrafficData,discovery,18,0299,SnowTrafficData/input/0299.png,SnowTrafficData/target/0299.png,401368,369884,f58df6cdb41d8399f4b269a4af127a31b718bea6c67cec69b1d330a963cf6ffb,b606b8d79a7504d8d38caa2382d60db8371ab483aaecb4d704fd3156e67c9ec2,16077a06d907c185cbb76582ac3821c33fb4c4b0d7e952be01108b95b8fc1717
four-method-motivation-six-domain-s2026-20260813,SnowTrafficData,discovery,19,0022,SnowTrafficData/input/0022.png,SnowTrafficData/target/0022.png,214639,173609,e5798150332e6e080b825da46a8af57a73bd7c4c55a775c941052d1e6604d99c,a3eabe0bdeffe1ce59821888e5dd871fd9e6d7ba654384c3b80465704999ff7f,16373b2ed606e17ee3343a728058ad69100c3ef9eb544d6a474ccfdbb80e56c1
four-method-motivation-six-domain-s2026-20260813,SnowTrafficData,discovery,20,0170,SnowTrafficData/input/0170.png,SnowTrafficData/target/0170.png,891261,819924,b3881cf86f94eaab59f468a3294879ca2811eddb77fed7553bb54e65e8be5b83,da46eef2c79c502924861856f0e515306793f02a654bdfbc47ee39d0a731c182,1659a5dfcfe695d1248c1eae07b8500fa31616bf5b02b18544c14d4d78541d53
four-method-motivation-six-domain-s2026-20260813,SnowTrafficData,discovery,21,0796,SnowTrafficData/input/0796.png,SnowTrafficData/target/0796.png,221218,188211,e640b976315d2132ab5ef54a51f699644d844a2768bec59400832948d09873b4,750cf2bcb730eeff552b5b10b5675323dffcee5ce414729243d90db68a828ac5,16635b6686dad1c63ff86cf73e05386304c880201d3803954d92211996d13d56
four-method-motivation-six-domain-s2026-20260813,SnowTrafficData,discovery,22,1005,SnowTrafficData/input/1005.png,SnowTrafficData/target/1005.png,404007,372018,1427f59b479bbfcc5770ce0ad6b526900bbe27a7221b1ae5417f53ff6b51d7c8,b6dd7e858cf35d867d49957c3dd8f22a40ee8a837903d567d46e079eb717fb0c,16687f3fb55fe135fa75d5bbed92ea19df49b8aa55b80784f178349e08349a69
four-method-motivation-six-domain-s2026-20260813,SnowTrafficData,discovery,23,0081,SnowTrafficData/input/0081.png,SnowTrafficData/target/0081.png,891585,810507,379649c549c6b30350c2e972c05884fa2944832d20a61dfcabf2308cb527b0d0,c56329f07416ee44bb9ee792fe0e7f2f9c982d7f10376cb538cce2d6839c7cf8,168df5ce38c2eaf48d056cfe89394901fd7843dd6072002fade8b37328f982e7
four-method-motivation-six-domain-s2026-20260813,SnowTrafficData,discovery,24,0733,SnowTrafficData/input/0733.png,SnowTrafficData/target/0733.png,258572,250782,821e2208ed77d0db612c36b643490865cc37e00fbeac30cd0df53987be03a222,406aa4cc6ed634412fcbe65add1476651d42e25aca4240674ca6c7333c247e41,16b0814515500b673c685a1ad606966d00261590436b49d81b0b40eaf058e604
four-method-motivation-six-domain-s2026-20260813,SnowTrafficData,discovery,25,0838,SnowTrafficData/input/0838.png,SnowTrafficData/target/0838.png,219542,180367,2224b20c5bf7d27f8431cd62ecbf070880c2fa4d36b14d5f06bd04c5484f5d69,fed6860e6f80b143dfa68bf49cf8ba422beb71b62f38af893b4252a5f9a9bb2d,16e1078836da079d68529908dbdcf3304920d20c3825f5995914c1eced737c42
four-method-motivation-six-domain-s2026-20260813,SnowTrafficData,discovery,26,1151,SnowTrafficData/input/1151.png,SnowTrafficData/target/1151.png,1214263,1164022,432773ffb6b8b8943a166aeb24e2fee9d3164e333ec31af75e073c17dc7ea623,3a83d70a2f47ff20b34f5082dd1b2aa19134396678b7b53e3803a5a1ac978680,16f06b44cb645e7422f274242b259050726a13fc9b7d3093058e33ad317f3208
four-method-motivation-six-domain-s2026-20260813,SnowTrafficData,discovery,27,0559,SnowTrafficData/input/0559.png,SnowTrafficData/target/0559.png,1189274,1139446,dee4aeeb41ba1480468aef5e7f10870c5239397242e31d82e2a368bb4af69977,099005f0c1f2caba3b4dc1d0ec99dc796e756f242feb0e3b2a91adcac169c969,16f4244e736f7e5816897940b30c1776155eafba0e7d453e6e5c55e36e728b67
four-method-motivation-six-domain-s2026-20260813,SnowTrafficData,discovery,28,0567,SnowTrafficData/input/0567.png,SnowTrafficData/target/0567.png,1212219,1162635,476924defe2dc3ed56cb3e5ac2f5b2eff238670f8d16b188091b964884bfadc1,d14aa2e0f07dd00a97f814456a1d2dd315544fe6ceaedbfbb260f00b9f7e519f,16f9907d95b94cb488cad3a38a02612675d1ab3eb875b6229d4dde24a526a672
four-method-motivation-six-domain-s2026-20260813,SnowTrafficData,discovery,29,0850,SnowTrafficData/input/0850.png,SnowTrafficData/target/0850.png,278900,265277,1def0f5827a2605fee789343b8804338d37793a494ea57a37f4419ad7aa534d7,ebce8aecfd10e4496043b9c899b2f543bbd9c0cfa138bfef662ebe7ce8dc60f3,1732ed3fbb0d701ddad6540712db3e109659f35cc17c002cbea6d0dc1f1eab30
four-method-motivation-six-domain-s2026-20260813,SnowTrafficData,discovery,30,0799,SnowTrafficData/input/0799.png,SnowTrafficData/target/0799.png,307382,269840,471b82e68cf1569c637432b7718ac7a004e2eb2c4f7349164043385ddbaa8e1d,b95e30eb6d0a3f4734c9c323988e2e6724968af183cedcedb76e9049edf8ddd5,1787c96e3cf730954be06dbfea4faa99a21353f432de80d157ea72f5ec319724
four-method-motivation-six-domain-s2026-20260813,SnowTrafficData,discovery,31,0442,SnowTrafficData/input/0442.png,SnowTrafficData/target/0442.png,1205258,1155269,3e1e822e46adc400c1845bf8bd867840fa3677a8c4192f9b2a09a595006b1d3c,2fd45a3b4f442eeb56f34158dfee7f25eb5dc00330b914ddd1bba3404a473b18,17bfe984973ce4a52f3a18cfa4999811466cc4bcabc9120c66e77b354d784b4c
four-method-motivation-six-domain-s2026-20260813,SnowTrafficData,discovery,32,0614,SnowTrafficData/input/0614.png,SnowTrafficData/target/0614.png,240615,253117,281078bb50a38e95f5e652a385dc2fda5ce5ce169493546d768f5ded43414c5a,431c117de5924f2694c08f9662cf83cdd934892ea75a445510c5d5f766f4e991,17bfff4f43cb00d4470919eba720825cd2a1089e68900f1b435d67fcf31aba53
four-method-motivation-six-domain-s2026-20260813,SnowTrafficData,discovery,33,0446,SnowTrafficData/input/0446.png,SnowTrafficData/target/0446.png,239783,252828,12329d58297356eeb0c2dfba011c5f0fbd590247831455f5d71ccb5bda3a484d,b51c5e37f39f5a3c1ccef6a5e143e580307e0581b91c674577234db78dbd9607,17c6a960cf394600d56e6367c9b14a20e5344e35521d85cae424e7b8d0b1d005
four-method-motivation-six-domain-s2026-20260813,SnowTrafficData,discovery,34,1200,SnowTrafficData/input/1200.png,SnowTrafficData/target/1200.png,289369,249394,e3fd2c4cf2bfd3f938d90f42d0ab27f377ddbe9512b40fcf2ec0a73d14f5a54c,fb39bd644d5467839434e64bb45880eafc744cbdb9d6a5b01f8026fccbe71fc6,17c95973ae5803e0575373d1bc753cd4b5f8d66c131ab1124157afcae613d588
four-method-motivation-six-domain-s2026-20260813,SnowTrafficData,discovery,35,0427,SnowTrafficData/input/0427.png,SnowTrafficData/target/0427.png,287496,241747,0a0697aeb4d87453bd29d8c40edf89445cce36e1024eb12c7d28a32db902607b,b93769bfa96e9ce15f959521ca6c024ff7571987e3e2062ff729bdfc85916dde,185cd7c86521b2be0cc4ff957f010a0b4d99c0411f97176bc9a7864d7a562b52
four-method-motivation-six-domain-s2026-20260813,SnowTrafficData,discovery,36,1150,SnowTrafficData/input/1150.png,SnowTrafficData/target/1150.png,887303,805538,d0f32e241ed4e67a3f2d6029386738da9ad994df73818f4d7db04635fa09ca6a,9a300bd515b8df7551ff90b13f2c86d04befad27d17f59903b2d7b9e5cc9a717,188b89587e2a079a6739b788229a9ce0e566ac2580d90397e2b4cabea3bd469f
four-method-motivation-six-domain-s2026-20260813,SnowTrafficData,discovery,37,0818,SnowTrafficData/input/0818.png,SnowTrafficData/target/0818.png,230361,194524,cbc3906660310635116d641ce097a93d2495350332211a40afbe4c2cce9900f2,d8bdad1953ece3d72720969e400ebf22127c8c7ee1dc3708249414c12ab373b1,18b1c2835ae30bb24c9918994ed3d24d9fdcce9db7a35de2619ef25deee9c473
four-method-motivation-six-domain-s2026-20260813,SnowTrafficData,discovery,38,1152,SnowTrafficData/input/1152.png,SnowTrafficData/target/1152.png,245549,262718,d4922025a3fe4829cd8a65039bb9ddf6f856e745a4896179bbff3e46be825848,31be973f3f4e0ade636fc02aca5bb295a4f834904ca589067db4ffc7de032134,18c2d16c5533865e1d3b0c70db8425bc05046d98d09730eb40204001d24d60df
four-method-motivation-six-domain-s2026-20260813,SnowTrafficData,discovery,39,0932,SnowTrafficData/input/0932.png,SnowTrafficData/target/0932.png,402743,371067,c55c07a981d258046e028c11b601474294d1a8c3043e290a5ee6fd33cf7dc342,0b2d184f68f4bec6a912bdca7298898e7ce485d92fdc8006c73279fb4375dd7a,19f58209f9d7cba437b33058bbed2bfe308dcb335b097c3ba00ee849b2d3d105
four-method-motivation-six-domain-s2026-20260813,SnowTrafficData,discovery,40,0254,SnowTrafficData/input/0254.png,SnowTrafficData/target/0254.png,228946,182192,1ab2aace770438f6345e7f442edea6a379f683f2af55e08c93705d90f588c8b3,146a141e9a08a9910e60ca20d68a5d27aa4e36b0e2a57742d895ba762d62e599,1a5f57c3fc22c06a8729eba7cd2e3861ef61208d25579907ca62a17185c94b35
four-method-motivation-six-domain-s2026-20260813,SnowTrafficData,discovery,41,1107,SnowTrafficData/input/1107.png,SnowTrafficData/target/1107.png,904248,821926,6b74b6571d12db0c6c858a5d9660e78de22538c44acb70bc028df88bec49c847,334fd77986799da68e6971f923f99762a5e3e3b512ab14e70154a88a39632e43,1a8750eb6551bb34038e5ca2eb9b5181ee675a16b9a7bd38605951004b63f3a1
four-method-motivation-six-domain-s2026-20260813,SnowTrafficData,discovery,42,0843,SnowTrafficData/input/0843.png,SnowTrafficData/target/0843.png,316382,281367,d2941fb1da31adb16a693a984cfa66e61bb97c8bc05297e2ad97984ac47e64be,1344c74f2bcae170a28a004657bf5bbb00ff5ab64e45fe8ec42da1eeb2c75a68,1a9162321713dfad2737d2adda2e673dad6c14725961eb39633c457b2e7d8a34
four-method-motivation-six-domain-s2026-20260813,SnowTrafficData,discovery,43,0538,SnowTrafficData/input/0538.png,SnowTrafficData/target/0538.png,219046,179015,11490fb96ce343b88ba549a7fbf1a2510b30fea8bf3078e192bebb6aa28e62fb,f2f43e18f3d8239ed04c98cd5e96bda2add1efd5db6af4e02aca4b86e09d5fc4,1abf5c84e9ec8493c80b3fdaac0c3ef7b0bfd6ab7b34676d57cf19af93c83f69
four-method-motivation-six-domain-s2026-20260813,SnowTrafficData,discovery,44,0574,SnowTrafficData/input/0574.png,SnowTrafficData/target/0574.png,300315,260478,f79b0506bd2b870f3257e64aeca9f4ca82c59b917883ff297c070300de6f8472,f0a00a2333325dd3ebc5526df0ec229df1f96b85e46be579c2cffdf9c57fd755,1ad419061c96555486b4e940dc40ccf12715292f8b0cebd34741fdfcf3f9ef61
four-method-motivation-six-domain-s2026-20260813,SnowTrafficData,discovery,45,0952,SnowTrafficData/input/0952.png,SnowTrafficData/target/0952.png,268234,251884,baf55707344603a79bc25daf00c22cf07fcc26a03ebcbd91742136b221748b87,bfd23bc7ee7186d2c530c75f70cd95cfd848968f83be96f45efe8585a9068167,1ad598b299c67572cac5203f4086b000078a15ed927e8e74ec65a512f1009e23
four-method-motivation-six-domain-s2026-20260813,SnowTrafficData,discovery,46,1218,SnowTrafficData/input/1218.png,SnowTrafficData/target/1218.png,295969,259265,5bd49b43df323b22583382a02860fb9827d8e7095f78a80bdfeb7a0332df5345,fb2d1d2cfdb79d2602af2bbf0dabad800b1229db5adb84214e917623ae46a53c,1ad94305341685192bb49f8356d9ff0d82b231dd7f76372a2c0a4c11fe82cbbb
four-method-motivation-six-domain-s2026-20260813,SnowTrafficData,discovery,47,0444,SnowTrafficData/input/0444.png,SnowTrafficData/target/0444.png,911236,845608,f3725f2c8ebe1b745b05631d2a50ce9e4db714fec47a316a03062b63f3db9211,9c96484c8cf7cd428d3125c1a2a5f327825401834a379566715befcd4ef0919a,1b218960311f367c99fd0e6348d09c1bcd4632c6b93c127f4cc31b849bba4066
four-method-motivation-six-domain-s2026-20260813,SnowTrafficData,discovery,48,0586,SnowTrafficData/input/0586.png,SnowTrafficData/target/0586.png,277779,266481,8ede2648412d8d87b6a454304044ed7be5a5192ca1f50f0c87181bfe759b95eb,8200b33d410de01dc4a8e7edca5b14905b06f3155cfb8c1411924ea05cd22138,1b34d4f5a0111a3d0bdb050401b05e625fb9de89197ed77a8aea1db1015bf2b9
four-method-motivation-six-domain-s2026-20260813,SnowTrafficData,discovery,49,0622,SnowTrafficData/input/0622.png,SnowTrafficData/target/0622.png,307506,270171,66818501a17630a936e410dcffdb4a0ebc3f134e31c703033d70bc25dfe3c7df,6a55cab8a87ae085cb98845561448e8e2100e360011068c6b9c22562c35568b0,1b4f00259490eebe06474138b4b26c39b2c65fdeb2d6b5b5ff0ff8beca8a5e57
four-method-motivation-six-domain-s2026-20260813,SnowTrafficData,discovery,50,0879,SnowTrafficData/input/0879.png,SnowTrafficData/target/0879.png,403597,370363,917e62160bc400245fb8850541f6906bf61137b9258b246a8eaa644c70d0af1c,05a8907673e35488dc864688194b7cc605efba916bca9ed3c605f46eeefb72f0,1b6e9853d66889bcb36bf3e39ef44475301c63b6513f4694608d1c3020572d1e
four-method-motivation-six-domain-s2026-20260813,SnowTrafficData,discovery,51,0356,SnowTrafficData/input/0356.png,SnowTrafficData/target/0356.png,402506,371645,4ab312c09517efabfdf6f44b5b86855bed9f984e1f7c4c0c3882f7d807067b6f,9a43925ee2b720ab8ae2316e108264e0b574f8b3265ba416047529d38481f71c,1c51c12fdac87971da7a1a80ed067d0eac6d494ff2e0dd7683a8bff058679451
four-method-motivation-six-domain-s2026-20260813,SnowTrafficData,discovery,52,1040,SnowTrafficData/input/1040.png,SnowTrafficData/target/1040.png,222096,193387,393a80279823acea2ebac5b7789e3443e3c5fd83193f3a23e97ed833e4147770,756bd2cbc2c00e03a3c72108186954570140432447cbd47b8b10abb5c770db66,1c8b74025283149eacb6b0560ccc0f6f94d8781ad202637d5d788c869277b807
four-method-motivation-six-domain-s2026-20260813,SnowTrafficData,discovery,53,1087,SnowTrafficData/input/1087.png,SnowTrafficData/target/1087.png,237597,249977,4459f2ad4fc8839c9d780dd8bf915fe4d9ab6e1387cf56cc11c6ef071bacdd23,5f14b08fa2978b6bef47772356388e115865c93884aa7f62799bafaf628fbc41,1c9d3a7bb40a55f4355c337483a50992417aafd0ff15893bb9b64b97f5ec9f20
four-method-motivation-six-domain-s2026-20260813,SnowTrafficData,discovery,54,0632,SnowTrafficData/input/0632.png,SnowTrafficData/target/0632.png,1180492,1126818,ed7c9e40a91429cd05f946e98e99b732b4c4c072a16d19457956e87782c908d9,585188de57d9bb91b15a86046bc7b6069be872a665f1e253736e39ae525cb0b3,1d73dee71e7f50a927ea419d536f463c3c43b2dd8e73b2cd43588833f01f15aa
four-method-motivation-six-domain-s2026-20260813,SnowTrafficData,discovery,55,1104,SnowTrafficData/input/1104.png,SnowTrafficData/target/1104.png,248403,265215,70ccf89401aabaf7771d882b14f7fc04ac11ce94c8a65dc2b1c60ddec14dab10,8319d8561965fac518acd1b4866559671d9b256f622a3438e220a3628990805c,1d8327a06e3e493c0a7d17106e5efe5e90dbf1052d04deace6ac030cb1bcb9b4
four-method-motivation-six-domain-s2026-20260813,SnowTrafficData,discovery,56,0626,SnowTrafficData/input/0626.png,SnowTrafficData/target/0626.png,296558,263471,efab1b3d5b0d2ab22e0abfde9f9ca76030091077e2822de672c7e3f2e6e2283a,624cf11c814119b504d8e3092edab1c0b36c711f8eb598842391049c51512b66,1da7dec51d915bd1555ee223e3a977770ce7d428f6ea2a5d81ae3815895a43d8
four-method-motivation-six-domain-s2026-20260813,SnowTrafficData,discovery,57,0410,SnowTrafficData/input/0410.png,SnowTrafficData/target/0410.png,236097,179701,463d9af7368f4d25667abfa5327f5e5483bc3d3148d088b01c071fdd974c909d,6106f9feb25d0ad8b8059775b5d3086658d779977d14d5dcd699016cd01e2a2b,1dbd054a24e4ce3a0648de8f5baeee9c7d93c6a2f8a90242a6dfae43562e1b02
four-method-motivation-six-domain-s2026-20260813,SnowTrafficData,discovery,58,0581,SnowTrafficData/input/0581.png,SnowTrafficData/target/0581.png,223643,163316,c4c6e0e7931549589d828a20bbde3f702f6c319dd4cb36b5e02bcfd421f132d5,d1132b9d0cfaea5cfc595ce02e2672aacd413add390b4444082260fb489e8e79,1e03517b11a32175cfbd00b4323b069b0133c305a92504e48fd72ba6fa431954
four-method-motivation-six-domain-s2026-20260813,SnowTrafficData,discovery,59,0724,SnowTrafficData/input/0724.png,SnowTrafficData/target/0724.png,402661,371547,d039ddaa66d4c24f234d02d3b00a3e5d365a109dc7a52bfa379c4029d817a183,b782125ad632a7c386b4e0015d1ed02bfa1a606c7fc184a2431a552e5a9feb06,1e8c26f4adb7f438619edc8016e3d79e3d67072b6f4e15b49e68946de153665d
four-method-motivation-six-domain-s2026-20260813,SnowTrafficData,discovery,60,0824,SnowTrafficData/input/0824.png,SnowTrafficData/target/0824.png,255897,242705,28ded969805ed4f6f7b9908689851f64b4d1316001ce2a63de42ecd7270e6040,959272b2d48a583db590bc92a8bc743010400f0fdb2ec6d487c9e7e764322a9a,1e9e322b4fd61ca36cc2e67234b711ae95085a124f53a17e76831d7e2584a39d
four-method-motivation-six-domain-s2026-20260813,SnowTrafficData,discovery,61,1166,SnowTrafficData/input/1166.png,SnowTrafficData/target/1166.png,242708,251302,92f46666fe084058c2cf503aae090863f01a4654eed37b481c2743683de22857,dc51c597c54dc07f2e5d3c8a5bb8438183a0030f835826d6704186c3040bfdd2,1ea47eb0f6228a054312d46c8745af9289132d8d088ded73e36e5e3b12143229
four-method-motivation-six-domain-s2026-20260813,SnowTrafficData,discovery,62,0867,SnowTrafficData/input/0867.png,SnowTrafficData/target/0867.png,244125,197943,82d3b25e11791f8ea795d74d245e8bb61a04a95712e4cd18be724c568c4f415e,e3cb8456729ee923b342136924e96f3be62a3d8a18e0121a143f87294398bbbf,1ecd5e5431e4d17bd5f057f2ad2b74c9eef4697968fc2b0bd18b1f7fc54dfd4f
four-method-motivation-six-domain-s2026-20260813,SnowTrafficData,discovery,63,0975,SnowTrafficData/input/0975.png,SnowTrafficData/target/0975.png,233080,200160,e1cbb3bf6e0ac93846f20f4ec6fa9c40ded0853e1ca58a60e5d142e936bacf46,582a1e0d1085cf2520a56f6455a39cfa061ad9e91999b6203be96a530c9ba21b,1eedf9e5f8be9bc7284afa7327bb86a5ad184f3151231c89421daa6f0303b668
four-method-motivation-six-domain-s2026-20260813,SnowTrafficData,discovery,64,1012,SnowTrafficData/input/1012.png,SnowTrafficData/target/1012.png,248186,265044,7c853ab6863dd6ba044c0a99bcfdc55dcb8373f7e693d182d1090b1d5fe4582e,fb795b810285eea3a4863ae1079eafdd1bd00e4bb6fa8d7021a9be47c8f287af,1f0ce15d84617d268afa62d3488dd7c8c66aadc41d4637f9a36781b9536f01e4
four-method-motivation-six-domain-s2026-20260813,SnowTrafficData,discovery,65,0635,SnowTrafficData/input/0635.png,SnowTrafficData/target/0635.png,928991,872699,2895117b28abc657a8983a053b37fd02b99a634a21db078170e95ebbd40a8f98,28f1614ea374b64b053796d3813ed6d92259d74b61c3fe30d6b136764c0cf1ab,1f3acf61333808b76821e2f0f930ccefe54dccdbcd6d36076a9c038accd4306d
four-method-motivation-six-domain-s2026-20260813,SnowTrafficData,discovery,66,0737,SnowTrafficData/input/0737.png,SnowTrafficData/target/0737.png,227101,186911,27b53ec4fadf1f94f166af9bd035a860e3c07945bd50a820e5d1fada5d87cf41,521652f2d61053c9b9e15cc4972699525319a0b813187993be9be54ca9341b06,1f9c63e0520379b0656e2364a38a533b9fd8a1926235efc8a48e74e9d0a57cb9
four-method-motivation-six-domain-s2026-20260813,SnowTrafficData,discovery,67,1157,SnowTrafficData/input/1157.png,SnowTrafficData/target/1157.png,224392,195709,85b676518c15eccad072d584cb6acaeed932ca647f3b373ed0c01caf0bdc7199,4311b0c41e52e9d406594e3b7dfb3e52ad3f2be532e34eafb596c994b1921112,1fcbb2a757606d72c61c8637583beaea770da36f17a3ac6ed38bc5567f3515f5
four-method-motivation-six-domain-s2026-20260813,SnowTrafficData,discovery,68,0263,SnowTrafficData/input/0263.png,SnowTrafficData/target/0263.png,235651,201597,24f8d193eb03a2f0ea129ccda0b2a5874d5d1361a3f83eb0840dcc721a79530a,c055aaeb812add2e6a33103be10852a7351dca46baa208e37585c2f6af19433e,1fd462d8b0a03a58b41b8b37128fcc7279b1f0e382f172d1f93937e728a743a8
four-method-motivation-six-domain-s2026-20260813,SnowTrafficData,discovery,69,0415,SnowTrafficData/input/0415.png,SnowTrafficData/target/0415.png,227594,173930,91a08c8b372214767584e98f2cca879a3e1299d4a92748712ad012e2927c796f,bd42140f00c3bfa8da95696f67ea785448db2eacbbde035c8aca137146258959,1fee133455aa3e834af7de427569408938ff501992e86713d8f51f50598b8b2b
four-method-motivation-six-domain-s2026-20260813,SnowTrafficData,discovery,70,0239,SnowTrafficData/input/0239.png,SnowTrafficData/target/0239.png,255761,245134,c863a58477e713a6cec785142e4fa03b7ee87f227d31aba862824829e6e16fe4,172e93810b5065598736fe8b9d70bd40b6c4163ee6f0647fb5021bfb788abcbf,2060a5ac28e35eeb3021e22fd27a32618636e4cc8acad4fcc5aa35a2ead8957f
four-method-motivation-six-domain-s2026-20260813,SnowTrafficData,discovery,71,1183,SnowTrafficData/input/1183.png,SnowTrafficData/target/1183.png,240529,253602,ff5078fc6498a8b88194cbc735b5ae96418b8d3801b51d8ab1dd4cdaa2402c1b,4bee1328cde801fdaadfad93bc4f6b38fe5c1a8e1efe4e32ad1af85f520d8a1c,210b5fee0b4e466eee83f22cb6a576c86c4c7efb97f4433562053c772641297f
four-method-motivation-six-domain-s2026-20260813,SnowTrafficData,discovery,72,0679,SnowTrafficData/input/0679.png,SnowTrafficData/target/0679.png,233351,202452,6df185deaffe97470634682f5ddb043eb869dc9ced184fa1272fc1e9ef3ce949,f222d548995ce7c4d903fffcc06cae802fa9dba1484e59dc4b0abf5b82c0ed18,2121223cd4fd34709968bbc5fdc27ffbac778ab76e3a6e697d0936879f6c4d13
four-method-motivation-six-domain-s2026-20260813,SnowTrafficData,discovery,73,0991,SnowTrafficData/input/0991.png,SnowTrafficData/target/0991.png,221939,185638,b0da941c1385e08bd0f422210f35ebd1fe1879788c4bc1a34bc03c6e6968d489,11f18296d9ffb212f60fe53ef0d2f2bbadae2a1f72982ed3066d314444b1cb4d,217821597ef92c23744fc9147204bd99408ea80fa2df8adf260c6521663fd0ac
four-method-motivation-six-domain-s2026-20260813,SnowTrafficData,discovery,74,0148,SnowTrafficData/input/0148.png,SnowTrafficData/target/0148.png,224321,185075,5d987819cdf0fc13ac7545764a73f2de55e2920b0290136cb48eab2a2ea122d7,02df8b979b45da99ef89d938bcf14019b74aea272e62123c4e7cb07b6b5cf6c3,217fe01b554b54b02df4cc766441c306d6b2ea094107d0ae0503a3f453168bf9
four-method-motivation-six-domain-s2026-20260813,SnowTrafficData,discovery,75,0391,SnowTrafficData/input/0391.png,SnowTrafficData/target/0391.png,226075,196447,9e4dcddb538d7e60c352bb0891339ef71cfc159deb22cb31402b670ecee441fd,da1d339129301440e25e77103b34690ce81c5ba254b70cd45cbf58c46e2dd1e0,2180db5eadb699dfbda12c0264fd0bac2a3fb10b6b393fd89e7befdc19c584c7
four-method-motivation-six-domain-s2026-20260813,SnowTrafficData,discovery,76,1034,SnowTrafficData/input/1034.png,SnowTrafficData/target/1034.png,904997,821154,b008239e884ecaf034bb60216a1ad80ff08ec0cdbc093844362bba4918810990,103a5867aac7b8effe2c4019ba653a0e44fb09b4ba53594c32779090e1c842c7,21996b75ff79c01ab63a06f713b8c53f997ca8a0fbd96b03392d6168ac381cdb
four-method-motivation-six-domain-s2026-20260813,SnowTrafficData,discovery,77,0897,SnowTrafficData/input/0897.png,SnowTrafficData/target/0897.png,228691,178605,de82fe6829b909871baa8e159538bd3c73d8c274122d2b2f1a113b28f33fad80,fa578157bfe70dab65c477a3291259dac12e837db6bbcce8042a7686394cc210,21fb20591cb7eb4f79464c2bf9c0969734f255e25439a72959d6cebefae820f8
four-method-motivation-six-domain-s2026-20260813,SnowTrafficData,discovery,78,0722,SnowTrafficData/input/0722.png,SnowTrafficData/target/0722.png,295621,256680,d32eae3fc20ec7062d234ba5b34b17d26d897e5f7295f01722900663863c34e7,17d2f5dec5ec6ba8b6f23bf9d151040ed4bb210c77a4e07e0d7f57dc9a9d69ae,22166101993ea960290bb6290675e77f0db7726033bcb56a24b74008e703de74
four-method-motivation-six-domain-s2026-20260813,SnowTrafficData,discovery,79,0811,SnowTrafficData/input/0811.png,SnowTrafficData/target/0811.png,288031,246208,0ff84bd1fc6f07a6cd68cbc71e0f234ee323de74ea6f8613f7684c167f8078c0,c37f3f22cacc854e9e42d687fe0389ae797c7e21ca0cf985cc8b497980283c80,227d413237e97c71faf19cf235d48e6337c3f8637f33c194a4e758f977e0b77d
four-method-motivation-six-domain-s2026-20260813,SnowTrafficData,confirmation,0,0171,SnowTrafficData/input/0171.png,SnowTrafficData/target/0171.png,920468,837724,76165c03ae67d90570e3d3c24f12f0ad6e84206603ae65c5f87540e78cdb0281,23c1dcabd42801e0faac01a879bb5381172be359c62ebd0e722dd844f953cc61,229b1907272a8de97f627f7ea94bf739327816cda1a50827ae861864341999e6
four-method-motivation-six-domain-s2026-20260813,SnowTrafficData,confirmation,1,0894,SnowTrafficData/input/0894.png,SnowTrafficData/target/0894.png,237617,249406,359aa12c6283e76987f7fbff0d236a8e6f0aad185aa844c8ef7b08a30bd3b2b9,85b4aba7010383ef861ee9f46c80c7987945cc1bc0e9b3a4129000e8be66cb6e,22a6e1713541a793398f3795bffd7230dcbf53c821cc2f12263e4a3dc1e01476
four-method-motivation-six-domain-s2026-20260813,SnowTrafficData,confirmation,2,1058,SnowTrafficData/input/1058.png,SnowTrafficData/target/1058.png,880967,807180,f01dccf78181eee3e270bcec273ab2fe01b2af1b8d74c8aef6516a66536f11f5,ef88d7896fa115340e16194b5a205b27d3c5cbccc10b8206f638de971b106d82,22d8970b9b46bd5207c2e6d4428e80bc90cb5918d90ea9ff8c0eb453e1a18e76
four-method-motivation-six-domain-s2026-20260813,SnowTrafficData,confirmation,3,1038,SnowTrafficData/input/1038.png,SnowTrafficData/target/1038.png,242930,257417,16fed611444fe4d8b14ae4de9633422399fbe9d7972a322a0ed47745a7845278,43624226a141709098639cea780c9dc6bbd0c7b3ac1e8efdbe7faec46a326d6f,22db0b4c15811e0320ead9cc70b044a3309ef941f2301cb67f3c43e358e30904
four-method-motivation-six-domain-s2026-20260813,SnowTrafficData,confirmation,4,0953,SnowTrafficData/input/0953.png,SnowTrafficData/target/0953.png,223094,164157,e4b4375a6cedef9c1456ea0b4df36437d3e7046af556b80b6c5ee9a1855a6477,1fb5b1066485e693a07dfe5a4350c70d111b43d60275c9713f07ea95317a16f0,22efd58b2250bebf7ca28e573f9d8720c9a76f503e194e7f77cd697cefeea062
four-method-motivation-six-domain-s2026-20260813,SnowTrafficData,confirmation,5,0086,SnowTrafficData/input/0086.png,SnowTrafficData/target/0086.png,248029,265173,358b1fe9720e172ee38f03be90e736c9624c0652cdf8a4edd4646c86530146f4,1152044ddecc987458efe5a64f036a835c7faa49b99cd25e2036b9f6213a1fff,22f73cbff20ac9dfb27034ecc6325a9c0527ec50a94bcf6f2da7fb96b4b51031
four-method-motivation-six-domain-s2026-20260813,SnowTrafficData,confirmation,6,0141,SnowTrafficData/input/0141.png,SnowTrafficData/target/0141.png,235808,203533,10b3d049531dfba13e49ead696bbdcdded20b6a461589ec9bface699810506ab,45abc7159bb0cb3bac8c218bf9e6fdf78a559e8cb9d1855f4bb24d7d7a691043,231430962662d3791f2294f3703b94fd31ca3015898d25dab20ebda418618f68
four-method-motivation-six-domain-s2026-20260813,SnowTrafficData,confirmation,7,0122,SnowTrafficData/input/0122.png,SnowTrafficData/target/0122.png,210738,171402,0341529b6da4c2b987cbd8cc4dce53936f4eda898ea17cdb733372e44a3de820,7dac767d34755a81589cb96f9f41a5304ca5b09b7fa101c8823b6fd185dabf70,234fc7cb31fd2dcdc193c5eccf715cf4cbf57277c93b69e67a6d18ab4565636f
four-method-motivation-six-domain-s2026-20260813,SnowTrafficData,confirmation,8,0600,SnowTrafficData/input/0600.png,SnowTrafficData/target/0600.png,227748,191869,f1ffaa3d450e9b483d9bf05b85213ca243ba7d6b2a5862f8081ae6422f1c5035,94144a8e990eb56283a663b6c6a4fb19844a41c54e3ad1f7a5adf8318650b3c6,240d1980195106aa726a2fca6b65437f30f613c7220a844ffb470d13f65b7b4d
four-method-motivation-six-domain-s2026-20260813,SnowTrafficData,confirmation,9,0195,SnowTrafficData/input/0195.png,SnowTrafficData/target/0195.png,225565,195973,1827f750d16de15f495cf891f5d83d1f74e83632b5a78968d2e9575abdd55e60,34af069ab9f3806cfe87c22df6436b61e4b1abaab35d6c12c28750369cbc1b62,242cb092c1da9bba9c5411190e858ff07e1f16bc07e915799f6361fa616f1a52
four-method-motivation-six-domain-s2026-20260813,SnowTrafficData,confirmation,10,1075,SnowTrafficData/input/1075.png,SnowTrafficData/target/1075.png,227240,168815,ed55cd83c9e54019928642ee799733c849bba8dcb68d12b582bf510ee036afd4,80892c5d21495502bf18bd5dd1d8e2787c319ba76f3163508bebd90ba9fa96a4,2495c882a51778457bddfe0c992ba719976fcc6b9883c91dee259eb9dd6a8da2
four-method-motivation-six-domain-s2026-20260813,SnowTrafficData,confirmation,11,0331,SnowTrafficData/input/0331.png,SnowTrafficData/target/0331.png,230077,182686,14504c4d13e0fcb90de6bd3fe1ea500ea7b3c4fb36aee7602e10dc54c449e93c,6bf24d656475c22d2401cd1fe7fff159f7968cd151b1be8b826c09cc9965192e,24aba8ae56a5aa860addd2869b3e8a5512e9b0be8eab63a4a1bbe4cf9101fe34
four-method-motivation-six-domain-s2026-20260813,SnowTrafficData,confirmation,12,1095,SnowTrafficData/input/1095.png,SnowTrafficData/target/1095.png,226921,182213,f9106f6f8a9823dced407fa7033304dacbf1dc3ef9257d93e4d90c4b760de52c,bfe51fa89e0a260ea207d534674b85240bdc83f6fee9d333e156d9ba7200bdcb,24b0a8022fcfd48727638a60d1b5cc674dc9ee3fa89c317aa8ad4b2901ec2db6
four-method-motivation-six-domain-s2026-20260813,SnowTrafficData,confirmation,13,0715,SnowTrafficData/input/0715.png,SnowTrafficData/target/0715.png,250013,198538,6ad99fd5a761e3275a8125697788536bcf020812acaf5be9e873feee153a975d,f0b80cc8a6279d4a5eda73dffbeb21930487a4d7dc99b8a4fadea593d15366fd,24bcb3423072ad76656fee0f5fd75ee00731d05a9063e742ed1c2b2286410539
four-method-motivation-six-domain-s2026-20260813,SnowTrafficData,confirmation,14,0469,SnowTrafficData/input/0469.png,SnowTrafficData/target/0469.png,221858,178758,2585fdd16ca68b3dc36f2ebd94981dd80cf093950129e3082f7e12e7d650307a,a7d3b59f367e3fed0e1bc9082539d9189c35147221891dd065c345d5142da465,24d6b809793426ae21b80b34b8cd342f5c3ad6b80e685711dd413e79696c2f7e
four-method-motivation-six-domain-s2026-20260813,SnowTrafficData,confirmation,15,0464,SnowTrafficData/input/0464.png,SnowTrafficData/target/0464.png,225575,196549,63fdea0346c236b218af3f2cd4529aeb6a3d32198b65dcd801889230d6195e9c,ddf58e589585a2e81f8955a6504700efa6b7f057b6df7a5ac717c63fd1eb3330,24d776ec97076634fc05624076c714aad17b748d9c69b88d5ed2f2a7d766d03f
four-method-motivation-six-domain-s2026-20260813,SnowTrafficData,confirmation,16,1161,SnowTrafficData/input/1161.png,SnowTrafficData/target/1161.png,253510,200096,4e33b0b6d1bf188218fb015c67cc9a266813b0a3c3ac01d65ea7238f2622e4bc,6021030a8b7f95f89273be0f9c31a6e0c7ec8d08d615900e7dec2c7a65d74793,24ef20ac1278006a97fe6e8be9a86259373935a16295652ed898277273c73c6d
four-method-motivation-six-domain-s2026-20260813,SnowTrafficData,confirmation,17,0381,SnowTrafficData/input/0381.png,SnowTrafficData/target/0381.png,227948,176028,2eb17e8f6918ab6055f2da12e143445fccb01cc8c6990daaff9ecdd43f73d288,6e57b13f18605348cd116cec83a79f5ae34654508d3a39cfcc19929fc3c11fdc,24f03ee0ff40ab47b1192d08065e3f7b1b31ddf10038f5a4606d00455a0021e8
four-method-motivation-six-domain-s2026-20260813,SnowTrafficData,confirmation,18,0101,SnowTrafficData/input/0101.png,SnowTrafficData/target/0101.png,241830,253885,6ec801e07a698ed4cb1f198fda286cc47fd4847cf1bef97e287709ff825c8c81,9bd3590ef070915749f010aca8c2a2ec71e38557741a4f857bb3d8acafd6f48e,24f275acde7b1379099720bfa19282c445359ec186267a83100eee3d77ffc5a0
four-method-motivation-six-domain-s2026-20260813,SnowTrafficData,confirmation,19,0061,SnowTrafficData/input/0061.png,SnowTrafficData/target/0061.png,272247,255563,29723ba7b5efc3bfb71ad29114d21eb1327ec3bd6368abe66fe83201283b6211,ba3bde6e4de6107d528ac5a4aee14adc221859707309f8f7bc56da01dca85fa8,250844621fbbaf6e21c5f1ee75d7bed798efb761d66cb9b02b43821b14dbaaa0
